event_id,start,end,lat,lon,bbox_w,bbox_s,bbox_e,bbox_n,inside_site,mmsi,vessel_name,flag,gfw_vessel_id,avg_speed_kn,distance_km,dist_port_km,dist_shore_km,mpa_tags,site_code
0a4e4f79aaec2f6f01d129ec477161db,2025-03-24T17:21:12.000Z,2025-03-25T05:39:11.000Z,57.5377,10.7653,10.742403333333334,57.38921333333333,10.813073333333334,57.654583333333335,False,220349000,FN 422 LINA T,DNK,78716bdbe-eae3-1939-1d88-b28723752b4d,2.6621093736612242,60.23763043173471,2.859346,13,,DK00FX113
4d24ce1b7903e3f4f099612a8ceaf5ee,2025-03-24T22:34:58.000Z,2025-03-25T05:28:21.000Z,57.5271,10.7496,10.793318333333332,57.38669,10.730296666666675,57.64786333333333,False,219005866,FN 72 NEBRASKA,DNK,4d50ffa58-835c-b38b-5f5d-84807d6929d5,2.5274247521889643,30.48755770268981,2.526131,12,,DK00FX113
424859e8a8420a32039872990c4df16e,2025-03-24T23:41:23.000Z,2025-03-25T05:47:17.000Z,57.4888,10.7546,10.7351,57.39380833333333,10.829298333333334,57.59959666666666,False,219006219,FN 537 BOUET,DNK,ad7b1811e-e636-4ae0-0999-e526ee3c95c2,2.4849122532627064,27.862729338105904,2.859346,13,555543255;555557019;555522486;555774275,DK00FX113
203b3c47a2c73e60839cd19d653649eb,2025-03-25T02:32:02.000Z,2025-03-25T03:20:31.000Z,57.5104,10.7303,10.728425,57.492491666666666,10.736545,57.52752666666667,False,220323000,SLESVIG,DNK,ee2e3f02f-f229-724f-1205-9fbab465e80c,2.584999918937683,3.9728367033651564,2.390454,8,,DK00FX113
ad4e6e1ff275c3f297c55fd6c853e7f8,2025-03-25T04:14:17.000Z,2025-03-25T04:57:22.000Z,57.4372,10.7373,10.733906666666666,57.42297833333333,10.739306666666666,57.452353333333335,False,220323000,SLESVIG,DNK,ee2e3f02f-f229-724f-1205-9fbab465e80c,2.4256409666477103,3.382376631654424,1.796276,11,,DK00FX113
d313480623ee3ec163a063056716d236,2025-03-25T18:57:11.000Z,2025-03-25T19:52:07.000Z,57.5872,10.76,10.750711666666668,57.567515,10.773386666666667,57.60617666666667,False,220323000,SLESVIG,DNK,ee2e3f02f-f229-724f-1205-9fbab465e80c,2.658823508842319,4.532965308754678,6.953994,12,,DK00FX113
0dc3afea3096977c09be32c1dfd37394,2025-03-26T17:32:36.000Z,2025-03-26T23:06:25.000Z,57.5252,10.7568,10.78869499999999,57.39586833333333,10.74264500000001,57.641976666666665,False,219005866,FN 72 NEBRASKA,DNK,4d50ffa58-835c-b38b-5f5d-84807d6929d5,2.7228069842384572,27.971665724955763,1.63452,13,,DK00FX113
477e2748367264a2f93332ed20445eed,2025-03-27T05:03:02.000Z,2025-03-27T05:42:46.000Z,57.5103,10.5375,10.533153333333333,57.506665,10.541876666666667,57.514175,True,220256000,CHARLOTTE P  FN 131,DNK,f9350d74d-d66f-c031-94cd-b0f227dd5a0f,0.8090909033110648,0.9944356627547016,2.524581,3,555557024;555522471;555543258,DK00FX113
892763f8222d6cea14a4e7b25b310e0e,2025-04-03T17:45:03.000Z,2025-04-04T03:18:14.000Z,57.5283,10.722,10.798460000000006,57.461695,10.666198333333341,57.57320833333333,False,219024715,FRU LUNDSGAARD SG 17,DNK,90127c090-07a8-9d1b-f1f7-67079141c112,2.3789719865422376,40.28363444121521,2.8571880000000003,12,,DK00FX113
46e2bfb58033819190dfd7fde8d78d5d,2025-04-03T17:48:58.000Z,2025-04-03T21:19:04.000Z,57.5159,10.7373,10.665763333333333,57.46500833333333,10.789658333333334,57.559375,False,219015617,FN68 FRYDENSTRAND,DNK,d4564638c-c6f0-0ff6-c16f-a07290ebe530,2.3139240462568744,15.224241834143609,0.5979410000000001,5,,DK00FX113
e8c21183af47388b55b08e02e7009b7f,2025-04-07T05:55:08.000Z,2025-04-07T08:27:19.000Z,57.5771,10.6316,10.599136666666666,57.54917666666667,10.701521666666666,57.605245,False,219021235,HAVFISKEN,DNK,f770e03eb-b317-8f20-fb64-b93d0f9e4c82,2.0082706485251736,9.391280940005007,5.8248299999999995,5,,DK00FX113
d76d8fa4386ceb1af03380e577c5de75,2025-04-08T14:43:32.000Z,2025-04-08T15:10:08.000Z,57.6564,10.5517,10.554755,57.64433,10.549788333333339,57.66665666666667,False,219021235,HAVFISKEN,DNK,f770e03eb-b317-8f20-fb64-b93d0f9e4c82,3.2049999713897703,2.9646617376628805,3.176362,4,,DK00FX113
dcddcc00cc370293b06f68310b25c8ed,2025-04-08T15:20:05.000Z,2025-04-08T15:53:25.000Z,57.618,10.5824,10.575451666666666,57.60438,10.587753333333334,57.633995,False,219021235,HAVFISKEN,DNK,f770e03eb-b317-8f20-fb64-b93d0f9e4c82,3.319354849476968,3.442685956408901,3.784201,8,,DK00FX113
9c9492a6b1ed2ca96dbe3619b42071dc,2025-04-09T06:01:28.000Z,2025-04-09T17:01:27.000Z,57.6031,10.544,10.57929999999999,57.55762,10.501346666666677,57.63813666666667,False,219021235,HAVFISKEN,DNK,f770e03eb-b317-8f20-fb64-b93d0f9e4c82,2.1192523280176037,45.66450581856565,7.443071,6,555557024;555543258;555522471,DK00FX113
70887fbeca088ff66090be0b0445d81e,2025-04-10T06:52:10.000Z,2025-04-10T07:12:49.000Z,57.5024,10.5135,10.512978333333333,57.501248333333336,10.513911666666667,57.505156666666664,True,219003138,H84 GULDBORG,DNK,757ca9b0e-e2cf-fff6-f4d2-3b00c792efbf,0.9153846146968696,0.5037783326507017,1.111949,2,555522471;555543258;555557024,DK00FX113
461e6a1cfec979d951c89a75a2f99985,2025-04-11T17:53:52.000Z,2025-04-11T23:32:06.000Z,57.5125,10.7463,10.677996666666667,57.451015,10.812136666666667,57.55557833333334,False,260967755,,,6bd6a5f67-75b6-7fa3-5501-3316e1a12046,2.77222224076589,24.456077727011074,2.223899,7,,DK00FX113
b0bbc5fc4e0aaffea7b23e6c850b95c1,2025-04-11T18:06:08.000Z,2025-04-12T00:28:05.000Z,57.5173,10.7409,10.812363333333337,57.44840166666667,10.67761333333334,57.557111666666664,False,219024715,FRU LUNDSGAARD SG 17,DNK,90127c090-07a8-9d1b-f1f7-67079141c112,2.4244635383970237,27.079826022274524,4.104872,13,,DK00FX113
7b47773821e1a08c42d34de205ac90a3,2025-04-11T18:10:15.000Z,2025-04-12T03:26:04.000Z,57.5133,10.7541,10.833551666666665,57.429645,10.676308333333338,57.55819666666667,False,260949343,,,f31fb72df-f014-e7b7-5ef9-a00bbc3a3db8,2.2777777943346234,39.37363514672027,3.760231,14,,DK00FX113
e778f95bc45329ebc4134db7bd3eb495,2025-04-11T18:16:18.000Z,2025-04-12T03:26:04.000Z,57.5158,10.7552,10.675365,57.43461,10.834245,57.55818,False,219006301,FN 308 HELLE LOTTE,DNK,64130f509-9c27-c779-f4bc-cbfaa9ae6e0b,2.3237851809357744,39.71277790387542,4.447797,8,,DK00FX113
d21257e5d88fd0fb011ba419360f25f7,2025-04-11T18:30:55.000Z,2025-04-12T03:19:45.000Z,57.5151,10.756,10.833623333333321,57.44372,10.675353333333334,57.55708833333333,False,244172126,,NLD,cd5b53277-7e0d-807e-a9d7-76c676733fbc,2.331428587436676,37.806475522345046,4.224347,14,,DK00FX113
b145412a004d75878e0ffba4806a6dc1,2025-04-12T01:41:17.000Z,2025-04-12T02:49:27.000Z,57.5041,10.5309,10.537164999999987,57.501261666666664,10.524263333333323,57.50650666666667,True,219024715,FRU LUNDSGAARD SG 17,DNK,90127c090-07a8-9d1b-f1f7-67079141c112,0.5403508852448379,0.9683385499513117,2.109462,3,555557024;555522471;555543258,DK00FX113
3a7f81e539d130b109b8dbf794a0c079,2025-04-12T17:38:23.000Z,2025-04-13T04:34:58.000Z,57.5194,10.747,10.772774999999996,57.41137,10.718276666666668,57.619058333333335,False,219006113,A300 MARIE SKOV,DNK,a9c4fabe5-583b-5c37-5504-9597ee5ee518,2.3510683984774285,47.23467356451389,0,13,,DK00FX113
7912f2411fdd16a5b12db291542915ed,2025-04-12T17:47:37.000Z,2025-04-12T22:42:42.000Z,57.5261,10.7455,10.771798333333322,57.42956,10.718649999999997,57.6153,False,260949217,,,2bd8c4857-7755-40ad-eea2-cb788d55c69f,2.656250022351742,22.356421792180182,1.111949,12,,DK00FX113
86fc621cd7a6161c165fe43103856a5d,2025-04-12T17:51:38.000Z,2025-04-13T02:54:04.000Z,57.538,10.7032,10.68194,57.459086666666664,10.723496666666666,57.616835,False,260967755,,,6bd6a5f67-75b6-7fa3-5501-3316e1a12046,2.5133333384990695,38.40059537890941,1.111949,6,,DK00FX113
feb51b52140da7966f1422ee3d6eac99,2025-04-12T17:59:36.000Z,2025-04-12T20:25:38.000Z,57.4722,10.7423,10.719963333333334,57.435445,10.805045,57.515,False,219004473,FN283 LIVA,DNK,190232f32-27d8-ebbe-9c29-97b3e922f688,2.5877550864706227,11.769503687171602,3.2678409999999998,9,,DK00FX113
4225827e1e22131235a829937743db33,2025-04-12T17:59:51.000Z,2025-04-13T02:50:53.000Z,57.5209,10.7452,10.707721666666666,57.42277333333333,10.780851666666667,57.60174166666667,False,220072160,,DNK,b2c9a34be-e2bd-3eec-2a4d-31bde0d45438,2.6655172150710533,42.066698054182574,2.993794,10,,DK00FX113
96c9640bdf5798c06e84ffb6b6517857,2025-04-12T18:00:23.000Z,2025-04-13T03:41:31.000Z,57.5137,10.7473,10.707708333333333,57.413666666666664,10.78125,57.605691666666665,False,220072000,R177 DUEODDE,DNK,438ea858e-e541-e793-8324-1972af53ee8e,2.4943902318434037,44.06808761511984,3.194007,10,,DK00FX113
9d5a135b7c2245c96381bea7fd9473dc,2025-04-12T18:08:28.000Z,2025-04-12T22:34:16.000Z,57.5392,10.705,10.722943333333319,57.450625,10.690948333333324,57.616675,False,219024715,FRU LUNDSGAARD SG 17,DNK,90127c090-07a8-9d1b-f1f7-67079141c112,2.6215311574023303,19.238789093727384,3.266403,8,,DK00FX113
397b98f0ab023aaba5eaa91bcca4cc34,2025-04-12T18:08:41.000Z,2025-04-13T03:07:22.000Z,57.5178,10.7459,10.707888333333333,57.42833,10.781313333333333,57.605396666666664,False,220072096,,DNK,137325047-7ae7-5358-313c-89ab4fb0be0d,2.449999993667007,41.17451544803874,3.19324,9,,DK00FX113
a6543d4e44b8a2f046781dcd928b3f01,2025-04-12T18:09:04.000Z,2025-04-13T04:21:29.000Z,57.536,10.7279,10.760723333333345,57.43756666666667,10.712778333333347,57.61745166666667,False,219007036,MUSSE,DNK,2f46b5073-3485-ba8a-5011-22aed77145de,2.2676470791288907,42.16019979715079,2.223899,11,,DK00FX113
d13d363ac9f48ea4fbf30baea996bc99,2025-04-12T18:12:35.000Z,2025-04-13T03:01:54.000Z,57.5596,10.7375,10.714665,57.463953333333336,10.786925,57.637375,False,244172126,,NLD,cd5b53277-7e0d-807e-a9d7-76c676733fbc,2.337142871107374,38.476952157147984,2.110713,7,,DK00FX113
2eb4029f744c2099def0fad24d8c693e,2025-04-12T18:12:45.000Z,2025-04-13T04:50:39.000Z,57.5113,10.7524,10.790944999999994,57.405375,10.719346666666667,57.61244666666666,False,219006835,FN 484 SPIRHOLM,DNK,e20b2985b-b57d-ad13-214b-774683cf03c8,2.3986460572285186,47.176867545909374,1.1978440000000001,13,,DK00FX113
a0ebf7638c657c093b779a04b7a45bb6,2025-04-12T18:14:47.000Z,2025-04-13T03:07:16.000Z,57.5655,10.7387,10.714561666666667,57.46521333333333,10.789935,57.638665,False,219006301,FN 308 HELLE LOTTE,DNK,64130f509-9c27-c779-f4bc-cbfaa9ae6e0b,2.3892448691126984,39.11946634981814,1.6328420000000001,7,,DK00FX113
a9b5aa970fe2e587ff72195d611dbf22,2025-04-12T18:18:54.000Z,2025-04-13T03:06:24.000Z,57.5613,10.738,10.786474999999996,57.468225,10.714675,57.63712833333334,False,260949343,,,f31fb72df-f014-e7b7-5ef9-a00bbc3a3db8,2.3264706012080705,37.94077911924201,1.6328420000000001,11,,DK00FX113
39893326b80bcb64b6a4d6e554683df3,2025-04-12T18:30:46.000Z,2025-04-12T22:08:05.000Z,57.5347,10.7033,10.690966666666666,57.46601666666667,10.714433333333334,57.60640166666666,False,244190539,,NLD,aed33b477-7547-37eb-ad4a-47f2bc982de7,2.4153846960801344,16.0573646688594,0.5979410000000001,6,,DK00FX113
8163b2632c690a18f4cb3f09099943ce,2025-04-12T18:36:21.000Z,2025-04-13T01:59:11.000Z,57.5081,10.7167,10.700831666666666,57.43134166666667,10.740028333333333,57.57524,False,219005862,KRONKVIST,DNK,08a2b0841-1740-afb3-7197-32152dc8181f,2.2911475595880737,31.550111495849315,3.760231,9,,DK00FX113
c5c4d5b64b0701b3f271c4639cb2ae69,2025-04-12T18:40:15.000Z,2025-04-13T04:10:54.000Z,57.5345,10.7361,10.712901666666667,57.437846666666665,10.896856666666666,57.61616,False,260950076,,,98598a3f6-6778-2bb2-c296-19a86198aef6,2.4843750223517422,46.92171815490765,3.728757,9,,DK00FX113
9f454f85237052380e0e66b60ee66aae,2025-04-12T18:42:36.000Z,2025-04-13T04:08:36.000Z,57.5394,10.7323,10.842388333333332,57.43899,10.713030000000003,57.617765,False,244172860,,NLD,6c10205a9-9b0a-93f2-3d8e-351cd1eba8f4,2.3142857279096334,42.03022645437255,4.743755,14,,DK00FX113
1824ba0ada306fda6cf5dd81dcee05e8,2025-04-12T19:10:19.000Z,2025-04-12T23:02:11.000Z,57.4982,10.728,10.752984999999995,57.41104833333333,10.721418333333332,57.577983333333336,False,219005866,FN 72 NEBRASKA,DNK,4d50ffa58-835c-b38b-5f5d-84807d6929d5,2.665760875072168,19.056872802292276,1.1978440000000001,12,,DK00FX113
828b2a0d40766ba749c367d000d6d816,2025-04-12T20:33:45.000Z,2025-04-12T23:01:43.000Z,57.6005,10.749,10.715766666666667,57.561611666666664,10.785831666666667,57.63670666666667,False,260949342,,,8164a942e-e4ed-751f-8fc1-572309c7d963,2.716666658719381,9.368553055390425,5.047923,10,,DK00FX113
cb9683f5f97d588c11099f80f0c1faaf,2025-04-12T20:41:41.000Z,2025-04-13T04:44:50.000Z,57.5499,10.7469,10.718265,57.411341666666665,10.771905,57.61749,False,244171937,,NLD,12ceecd8d-d786-dd5c-97d4-899c5b58ed87,2.550000014630232,33.47673197136098,2.6408690000000004,11,,DK00FX113
18bac20e9b88f60c172040fd287a8336,2025-04-12T22:45:24.000Z,2025-04-13T03:11:31.000Z,57.5363,10.7026,10.69358,57.45663666666667,10.718783333333333,57.60879,False,219024715,FRU LUNDSGAARD SG 17,DNK,90127c090-07a8-9d1b-f1f7-67079141c112,2.1802884678427987,17.307252810423833,1.262562,6,,DK00FX113
7d4924982839fe01da07911c701f04c3,2025-04-12T23:18:08.000Z,2025-04-13T04:30:05.000Z,57.4979,10.7393,10.787925000000001,57.39174,10.719030000000004,57.595666666666666,False,219004473,FN283 LIVA,DNK,190232f32-27d8-ebbe-9c29-97b3e922f688,2.458064496837636,23.655347927350608,2.526131,12,,DK00FX113
64a4c6f61616a760a2bfa51161be37b2,2025-04-12T23:30:41.000Z,2025-04-13T00:27:00.000Z,57.5509,10.7442,10.75245666666666,57.529761666666666,10.734643333333338,57.57142666666667,False,219005866,FN 72 NEBRASKA,DNK,4d50ffa58-835c-b38b-5f5d-84807d6929d5,2.7283019074853865,4.7637332608087295,4.324679,10,,DK00FX113
01083ee723287719ac163db0250a2c8f,2025-04-12T23:49:31.000Z,2025-04-13T03:56:21.000Z,57.5155,10.747,10.77069499999999,57.4263,10.733563333333336,57.59106333333333,False,260949217,,,2bd8c4857-7755-40ad-eea2-cb788d55c69f,2.425000031789144,18.55670220248627,1.111949,12,,DK00FX113
7bc9948937c6cddb465553d463708ead,2025-04-13T01:16:01.000Z,2025-04-13T05:41:01.000Z,57.5113,10.7622,10.843716666666666,57.47163166666667,10.630966666666666,57.56754166666666,False,244168962,,NLD,b7aabc9de-e39e-ff82-d157-a32248fe1acb,3.061538457870484,29.648008477292954,4.330215,14,555522471;555543258;555557024;349827,DK00FX113
1d7134c8d782f20471ef5aea1fb3eba0,2025-04-13T01:28:20.000Z,2025-04-13T01:53:10.000Z,57.4764,10.7222,10.718575,57.467185,10.723746666666667,57.484915,False,219005866,FN 72 NEBRASKA,DNK,4d50ffa58-835c-b38b-5f5d-84807d6929d5,2.655555526415507,2.0161828017684105,2.110296,7,,DK00FX113
d537cd0eadf60e20c8cf5fff046716f0,2025-04-13T02:29:59.000Z,2025-04-13T04:34:58.000Z,57.3959,10.7302,10.7137,57.359653333333334,10.758463333333333,57.44027,False,219005866,FN 72 NEBRASKA,DNK,4d50ffa58-835c-b38b-5f5d-84807d6929d5,2.60215050046162,9.844451640111348,6.621321,11,,DK00FX113
72bbb7943ed96b7e9103a3e5bcfadbea,2025-04-13T05:45:45.000Z,2025-04-13T06:15:06.000Z,57.5108,10.5314,10.525196666666666,57.50645333333333,10.539395,57.51556166666666,True,219005956,STEPHANIE DALSOE,DNK,55d89b91d-d45c-b1c5-7535-608cc4d7d592,1.8300000190734862,1.4735149718534541,2.524581,3,555543258;555557024;555522471,DK00FX113
6475877b1c0b15d3d3d1de7f2cbad4c3,2025-04-13T16:57:16.000Z,2025-04-14T03:30:57.000Z,57.4984,10.7591,10.783156666666656,57.386473333333335,10.672435000000007,57.59177666666667,False,260946178,,,e46af76bc-cab2-2ecc-4f31-48c5c7e3e938,2.580769245441143,49.12983030140313,2.303178,13,,DK00FX113
a29912028f92164e4d8f41840e0abf02,2025-04-13T17:44:37.000Z,2025-04-14T03:34:37.000Z,57.4986,10.7645,10.782131666666658,57.38007666666667,10.75320666666667,57.59130666666667,False,244168962,,NLD,b7aabc9de-e39e-ff82-d157-a32248fe1acb,2.6357142797538207,42.69753650567413,3.38923,12,,DK00FX113
eeec93010e4c27a1110615cf6dd34b7d,2025-04-13T17:47:46.000Z,2025-04-14T03:23:19.000Z,57.5064,10.7642,10.784771666666671,57.382895,10.753023333333346,57.59197666666667,False,219003138,H84 GULDBORG,DNK,757ca9b0e-e2cf-fff6-f4d2-3b00c792efbf,2.4636363639976047,43.18157055610597,3.38923,12,,DK00FX113
e5389db41e374b81a3b4145016a1f6cc,2025-04-13T18:01:43.000Z,2025-04-13T23:23:43.000Z,57.5063,10.7423,10.725255,57.38339166666667,10.762636666666667,57.594656666666666,False,219006971,FN 220 IDA MARIE,DNK,3b71e97ba-a4ac-6fd8-ac1f-b3ced497dab4,2.469142862047468,24.449024642792324,4.1075420000000005,12,,DK00FX113
b0b949a59993650465b59e5592383acc,2025-04-13T18:06:13.000Z,2025-04-14T04:29:35.000Z,57.5168,10.7604,10.788160000000005,57.39071166666667,10.72824833333334,57.623945,False,220256000,CHARLOTTE P  FN 131,DNK,f9350d74d-d66f-c031-94cd-b0f227dd5a0f,2.554682773225617,48.67705016741938,2.526131,12,,DK00FX113
e564bea05d67e345621c01db5df08d38,2025-04-13T18:06:43.000Z,2025-04-14T02:58:17.000Z,57.5258,10.7282,10.765494999999987,57.428313333333335,10.694161666666673,57.60245333333334,False,219006301,FN 308 HELLE LOTTE,DNK,64130f509-9c27-c779-f4bc-cbfaa9ae6e0b,2.322712973747344,37.777511708971126,1.111949,12,,DK00FX113
3e70d6cfeb5862c37cc44628fc10ed87,2025-04-13T18:07:02.000Z,2025-04-14T03:47:51.000Z,57.5405,10.7577,10.781441666666666,57.419736666666665,10.73773833333334,57.643098333333334,False,219001522,SOREN STRANDBY,DNK,56e82f0b6-6312-ba1d-a4e2-6c8834dbd3d8,2.705042019110767,47.81539818927812,0.598759,13,,DK00FX113
f14f7213bf6e0e68438cbc54bbfb1eea,2025-04-13T18:07:53.000Z,2025-04-14T02:56:04.000Z,57.5287,10.7339,10.695168333333333,57.42939166666667,10.843105,57.602046666666666,False,260949342,,,8164a942e-e4ed-751f-8fc1-572309c7d963,2.2600000192721685,42.86042889182246,3.760231,9,,DK00FX113
ae3bdca10f7a523902ed9df0e111debe,2025-04-13T18:12:56.000Z,2025-04-14T04:16:20.000Z,57.5409,10.7368,10.721051666666666,57.425655,10.763775,57.64529666666667,False,220359000,SARAH KAJGAARD,DNK,cd281e305-5a5e-9406-1f34-d572865ff7f1,2.5759886551416855,47.769812627179874,2.6402759999999996,10,,DK00FX113
b4046208ff6d101334d2cd4329a57246,2025-04-13T18:15:21.000Z,2025-04-13T23:05:07.000Z,57.5241,10.7587,10.747583333333333,57.42700166666667,10.7827,57.61380166666667,False,219002005,CHRISTINA KJAER FN81,DNK,58a5008c7-7a90-a74a-7643-3f1b7ad95a77,2.3415204837308288,21.37536276003583,1.262872,11,,DK00FX113
9041445d23745378bd43e374b25c31f3,2025-04-13T18:15:40.000Z,2025-04-14T04:35:22.000Z,57.5362,10.7339,10.78415666666666,57.418216666666666,10.709931666666677,57.64306166666667,False,219013885,DORIS VENDELBO,DNK,050513a98-880a-98f7-ccc3-650614d8533f,2.5687296103188584,49.0323578244449,0.598759,13,,DK00FX113
2556339e1cf1c238b4f5c9db5906e5d5,2025-04-13T18:18:04.000Z,2025-04-14T02:39:54.000Z,57.5244,10.7305,10.69534,57.435735,10.843926666666666,57.60163333333333,False,260949343,,,f31fb72df-f014-e7b7-5ef9-a00bbc3a3db8,2.3096774585785407,43.5508508653371,3.543894,8,,DK00FX113
fe925dc77d0a63a0ebb25ecb1bedc0f9,2025-04-13T18:18:24.000Z,2025-04-14T02:58:42.000Z,57.5227,10.7283,10.765401666666662,57.43595,10.69458666666668,57.60205833333333,False,244172126,,NLD,cd5b53277-7e0d-807e-a9d7-76c676733fbc,2.2030303399219653,36.42419770112865,2.223899,12,,DK00FX113
778d8fdd3fda712d72d6d317171352f9,2025-04-13T18:20:57.000Z,2025-04-13T22:57:58.000Z,57.5702,10.7515,10.770083333333332,57.45991166666666,10.737751666666668,57.63994833333334,False,244167346,,NLD,1a39c2f2f-ffa3-6437-4cdc-97d1362168d6,2.7000000158945716,23.917282131826276,2.223899,10,,DK00FX113
1ce34320f0fc5a56a560f6ae949a9f19,2025-04-13T18:23:06.000Z,2025-04-13T21:44:25.000Z,57.53,10.7486,10.76883833333332,57.45896833333333,10.730236666666656,57.595731666666666,False,220072000,R177 DUEODDE,DNK,438ea858e-e541-e793-8324-1972af53ee8e,2.512499993497676,15.599490544404789,2.223899,10,,DK00FX113
0d083eb6e5005f0e1b12a447c0562648,2025-04-13T18:25:38.000Z,2025-04-13T22:46:38.000Z,57.5191,10.763,10.842234999999988,57.43378166666667,10.74781999999999,57.60637333333333,False,244167829,,NLD,dcd154e6c-c955-257b-b125-f6dc851090c1,2.386666679382324,26.193173173177094,4.335749,14,,DK00FX113
3fb0d14ab6fd63eafc37b3265a101e3e,2025-04-13T18:27:11.000Z,2025-04-13T23:09:22.000Z,57.5528,10.7587,10.8159,57.461978333333334,10.730195000000009,57.619931666666666,False,220072096,,DNK,137325047-7ae7-5358-313c-89ab4fb0be0d,2.737499982118607,20.64916271033207,3.7261309999999996,13,,DK00FX113
f931ee5097380d891b609a7b2e167c6e,2025-04-13T19:46:55.000Z,2025-04-13T22:28:33.000Z,57.5672,10.7194,10.72699,57.509436666666666,10.710405000000009,57.622193333333335,False,260956925,,,b82897ba5-5866-5a87-4d71-0c199248e592,2.599999931123522,12.819602770389293,2.986431,8,,DK00FX113
4f323bc92586a6ee403380e5fef7f087,2025-04-13T21:20:04.000Z,2025-04-13T22:51:14.000Z,57.6051,10.7198,10.743179999999995,57.575195,10.710371666666674,57.636015,False,244179709,,NLD,9ee6fc2aa-afea-9e4f-4d07-1709b0f26c46,2.599999944368998,7.298593032628827,7.30626,12,,DK00FX113
05b066b2018d3781575db4ec7f40052a,2025-04-13T23:36:07.000Z,2025-04-14T04:26:45.000Z,57.4991,10.7153,10.745021666666673,57.401735,10.694238333333345,57.586978333333334,False,219006971,FN 220 IDA MARIE,DNK,3b71e97ba-a4ac-6fd8-ac1f-b3ced497dab4,2.3969543494170686,21.55625391363672,1.63452,12,,DK00FX113
6f0f676b4ec6f88f6d683762b9564288,2025-04-13T23:37:04.000Z,2025-04-14T04:23:54.000Z,57.5262,10.7375,10.778888333333327,57.42033166666667,10.716058333333336,57.6219,False,260956925,,,b82897ba5-5866-5a87-4d71-0c199248e592,2.586666631698608,24.027953350111716,0.598759,13,,DK00FX113
80c779f021b9700c9f489c0beaf2c211,2025-04-14T01:36:22.000Z,2025-04-14T04:00:33.000Z,57.4621,10.7236,10.737326666666661,57.41462166666667,10.712613333333337,57.511691666666664,False,260950011,,,e8b6b746d-dfdd-6c54-8212-58bb5c46b166,2.450000047683716,10.99818497630306,1.63428,12,,DK00FX113
d8890196c92347e94fc54a1b4549292a,2025-04-14T02:53:44.000Z,2025-04-14T04:30:54.000Z,57.4479,10.7667,10.745893333333333,57.418373333333335,10.781948333333334,57.484118333333335,False,244179709,,NLD,9ee6fc2aa-afea-9e4f-4d07-1709b0f26c46,2.399999976158142,7.637798189369052,0.598759,12,,DK00FX113
bf3829df3703158dc480b0c7f86bf758,2025-04-14T18:06:01.000Z,2025-04-15T03:06:42.000Z,57.4671,10.7591,10.896446666666662,57.382705,10.710476666666665,57.55827166666667,False,220072160,,DNK,b2c9a34be-e2bd-3eec-2a4d-31bde0d45438,2.4560000133514412,51.77907967874223,8.473438,8,555774275;555543255;555522486;555557019,DK00FX113
c680c234081a7c49e1fad833ab174baf,2025-04-14T18:07:01.000Z,2025-04-14T22:32:05.000Z,57.5316,10.7138,10.667163333333333,57.445335,10.771501666666667,57.60567833333333,False,219015617,FN68 FRYDENSTRAND,DNK,d4564638c-c6f0-0ff6-c16f-a07290ebe530,2.3218905551739017,19.012094883779437,2.302923,6,,DK00FX113
1100e01363d3f6baa00c94748d638a57,2025-04-14T18:08:04.000Z,2025-04-14T20:53:45.000Z,57.4829,10.7242,10.700301666666666,57.429445,10.747363333333332,57.523876666666666,False,219024715,FRU LUNDSGAARD SG 17,DNK,90127c090-07a8-9d1b-f1f7-67079141c112,2.719827630653464,11.37390148119847,3.760231,9,,DK00FX113
aa7f90c8401f2e154de6858897c22ba0,2025-04-14T18:08:22.000Z,2025-04-15T00:24:55.000Z,57.4904,10.755,10.718743333333334,57.42099666666667,10.800088333333333,57.54116666666667,False,219007036,MUSSE,DNK,2f46b5073-3485-ba8a-5011-22aed77145de,2.2760617634619504,26.11929600131447,2.395035,10,,DK00FX113
ed25c519a90ff99256d4e9708b4d16fc,2025-04-14T18:09:37.000Z,2025-04-14T22:50:02.000Z,57.5751,10.6434,10.62335,57.5203,10.682966666666667,57.62205,False,219005954,BELLA-EMIL,DNK,452637753-32e2-e9d8-8651-7e3396324805,2.5522842415168823,22.106073850184952,3.582735,3,,DK00FX113
2653857fd86985dac2b354144d57b306,2025-04-14T18:13:07.000Z,2025-04-14T22:51:21.000Z,57.488,10.7452,10.779113333333328,57.391515,10.71042,57.56324166666667,False,220072000,R177 DUEODDE,DNK,438ea858e-e541-e793-8324-1972af53ee8e,2.485875715980421,21.20969889886501,2.303178,13,,DK00FX113
ea4f3ef7d2f169d70c5c77776338317b,2025-04-14T18:13:37.000Z,2025-04-14T23:05:09.000Z,57.4913,10.733,10.753173333333336,57.394795,10.70411333333334,57.562041666666666,False,219005862,KRONKVIST,DNK,08a2b0841-1740-afb3-7197-32152dc8181f,2.470319668451945,22.112069346382324,2.526131,13,,DK00FX113
355af2155470b305b01447a07e2d3e12,2025-04-14T18:15:02.000Z,2025-04-15T02:54:51.000Z,57.477,10.7573,10.843933333333325,57.390685,10.710486666666668,57.56147333333333,False,220072096,,DNK,137325047-7ae7-5358-313c-89ab4fb0be0d,2.4806451874394573,42.75397292375297,4.746789,11,555543255;555557019;555774275;555522486,DK00FX113
7397c559d9c4223de3923916db9cf201,2025-04-14T18:17:14.000Z,2025-04-14T19:51:55.000Z,57.4668,10.7356,10.716503333333334,57.43598,10.746605,57.495405,False,260967755,,,6bd6a5f67-75b6-7fa3-5501-3316e1a12046,2.2666666905085244,7.2688850154620095,3.2678409999999998,9,,DK00FX113
69a2229d3ea7f1027019d3e376af81e2,2025-04-14T18:17:23.000Z,2025-04-15T04:28:40.000Z,57.4789,10.7635,10.712371666666666,57.364115,10.87152,57.576483333333336,False,219005866,FN 72 NEBRASKA,DNK,4d50ffa58-835c-b38b-5f5d-84807d6929d5,2.6574370474373423,49.69879407831795,6.621321,11,555557019;555774275;555543255;555522486,DK00FX113
a760032be2cb4ae54ed2737c310208b4,2025-04-14T18:20:12.000Z,2025-04-14T23:02:12.000Z,57.4758,10.7308,10.712586666666667,57.366278333333334,10.757963333333333,57.572065,False,244171690,,NLD,fc09fe314-4127-dccc-6ccf-10a183fbab15,2.6235293956363903,23.457336894910625,5.719308,11,,DK00FX113
6bff1b9e7e03911be748e8cedf12117e,2025-04-14T18:30:29.000Z,2025-04-15T04:39:07.000Z,57.5439,10.7397,10.720565,57.439141666666664,10.786085,57.64122666666667,False,219013885,DORIS VENDELBO,DNK,050513a98-880a-98f7-ccc3-650614d8533f,2.471215333003226,48.44455430317957,3.2678409999999998,9,,DK00FX113
3e54543bc88d13f1df3aa10ccc1198da,2025-04-14T18:55:55.000Z,2025-04-15T04:40:51.000Z,57.5406,10.7387,10.72058,57.4411,10.78478,57.63425,False,244179709,,NLD,9ee6fc2aa-afea-9e4f-4d07-1709b0f26c46,2.45294116525089,42.593571649533885,3.2678409999999998,9,,DK00FX113
a481136f3b3cdfddf24e17942c705365,2025-04-14T18:58:14.000Z,2025-04-15T03:47:14.000Z,57.5529,10.7337,10.770591666666661,57.46418666666667,10.720608333333331,57.637885,False,260956925,,,b82897ba5-5866-5a87-4d71-0c199248e592,2.5148148006863065,39.429316701084396,2.223899,10,,DK00FX113
8732905179be391aab42321b9e5c8f95,2025-04-14T20:33:10.000Z,2025-04-14T22:26:02.000Z,57.599,10.6457,10.631553333333333,57.5632,10.668846666666667,57.6221,False,244171778,,NLD,1eeeed211-1843-50d4-0da6-ace13960da51,2.614285707473755,8.905928513333539,5.356025,7,,DK00FX113
9e28bd27d4a494060381a1c139363fbd,2025-04-14T23:43:47.000Z,2025-04-15T03:20:19.000Z,57.4491,10.7554,10.764076666666654,57.378211666666665,10.726991666666663,57.51687666666667,False,220072000,R177 DUEODDE,DNK,438ea858e-e541-e793-8324-1972af53ee8e,2.4402985510541417,15.908024217510018,3.38923,12,,DK00FX113
8c906a77d32e316b23f0ae4c9b5c5993,2025-04-15T18:17:49.000Z,2025-04-16T03:07:26.000Z,57.5575,10.7362,10.76478499999999,57.44591,10.718343333333337,57.64324666666667,False,220359000,SARAH KAJGAARD,DNK,cd281e305-5a5e-9406-1f34-d572865ff7f1,2.53865336182706,41.30766014430192,3.335848,11,,DK00FX113
d3c26fd91a52501a4f776b0c0fabf8d7,2025-04-20T18:12:52.000Z,2025-04-21T00:43:00.000Z,57.5121,10.7425,10.763293333333337,57.39012,10.679761666666678,57.585285,False,219005862,KRONKVIST,DNK,08a2b0841-1740-afb3-7197-32152dc8181f,2.3840278260565064,28.263355550326477,2.303178,13,,DK00FX113
7d866bcb600dd478fe75272202b90634,2025-04-21T06:13:39.000Z,2025-04-21T06:36:22.000Z,57.5011,10.537,10.542214999999999,57.49867666666667,10.52812666666668,57.50178666666667,True,219013885,DORIS VENDELBO,DNK,050513a98-880a-98f7-ccc3-650614d8533f,1.4095238078208199,0.9223545662823324,2.109462,3,555557024;555522471;555543258,DK00FX113
d98b189d9ea12228d18fb1eeccbff920,2025-04-21T12:18:36.000Z,2025-04-21T15:40:29.000Z,57.5678,10.699,10.70881833333334,57.564735,10.691570000000013,57.573425,False,251141000,HAKON,ISL,1d328fa6a-a093-5e62-3cb5-93f527f904de,0.24431818617846476,1.249874451633692,4.79462,10,,DK00FX113
246c129a51d85be92fcb1e6b3d5ebc9d,2025-04-22T18:48:59.000Z,2025-04-22T22:27:34.000Z,57.5553,10.6687,10.660798333333334,57.52547333333333,10.683288333333333,57.59012,False,219015617,FN68 FRYDENSTRAND,DNK,d4564638c-c6f0-0ff6-c16f-a07290ebe530,2.5906250023283066,15.033530344749762,1.631644,5,,DK00FX113
67812f5947e07b5ec6c25e9476bee66f,2025-04-23T06:05:49.000Z,2025-04-23T07:36:09.000Z,57.437,10.5531,10.551673333333333,57.43402666666667,10.55588,57.4393,False,259428000,KROSSOY,NOR,25a72913f-f79b-966c-b5d4-f7fc5dbca931,0.7116279040658195,1.0610923103251926,0,1,,DK00FX113
b82eb2aa7382c64485ccbd97f4b90a35,2025-04-25T07:32:31.000Z,2025-04-25T13:08:28.000Z,57.5111,10.7549,10.802621666666653,57.49552333333333,10.691595000000007,57.52813166666667,False,219021235,HAVFISKEN,DNK,f770e03eb-b317-8f20-fb64-b93d0f9e4c82,2.2029962425542227,22.77578756887433,2.109462,12,,DK00FX113
61b869d67b3fdfccbb51ce26c59e4023,2025-04-25T09:32:35.000Z,2025-04-25T12:40:05.000Z,57.5103,10.7653,10.786606666666671,57.50054166666666,10.739538333333343,57.522095,False,260964275,,,6cf61f923-35d4-546a-36e7-6270f1a6c13f,2.4428571292332237,7.968431838947329,1.632363,11,,DK00FX113
a31357a792215c2e8b5bda77c6bde5d4,2025-04-27T17:56:24.000Z,2025-04-28T03:50:07.000Z,57.4831,10.7526,10.768644999999992,57.379705,10.738986666666676,57.58470333333333,False,220256000,CHARLOTTE P  FN 131,DNK,f9350d74d-d66f-c031-94cd-b0f227dd5a0f,2.5140515015541247,48.12195991528273,3.335848,12,,DK00FX113
9d39253f7fa8459def5daf05fe41824e,2025-04-27T18:57:36.000Z,2025-04-28T03:46:36.000Z,57.5231,10.7583,10.749383333333334,57.42263333333333,10.782066666666667,57.61255,False,219005954,BELLA-EMIL,DNK,452637753-32e2-e9d8-8651-7e3396324805,2.539758978232026,41.05703024333931,0.598759,12,,DK00FX113
4e5080cd857578bb77b076d5ab4937a6,2025-04-28T17:56:32.000Z,2025-04-29T03:40:33.000Z,57.4478,10.7523,10.784158333333323,57.34482333333333,10.720078333333333,57.534351666666666,False,219000855,FN 304 JEGENS,DNK,d0ed2c689-90f7-5229-b411-6a7708083d1c,2.4312321017669754,43.7119377733745,7.806697,9,,DK00FX113
7fb343b6d87a901fae6f07d260837c96,2025-04-28T18:16:38.000Z,2025-04-28T23:47:03.000Z,57.4948,10.7362,10.712128333333334,57.378031666666665,10.75738,57.57691,False,220256000,CHARLOTTE P  FN 131,DNK,f9350d74d-d66f-c031-94cd-b0f227dd5a0f,2.5880478080584712,26.245556367361964,4.904278000000001,11,,DK00FX113
9ade0dd4e315202dcd9831cb28a4da75,2025-04-28T18:21:00.000Z,2025-04-29T03:47:14.000Z,57.4678,10.7395,10.75324333333333,57.354016666666666,10.713998333333336,57.560653333333335,False,220368000,O 159 RANDI,DNK,23b776e71-126f-9ab4-62f5-3dd2f3acef61,2.62595627118981,45.46046442191604,6.778547,11,,DK00FX113
f61cd44d048c3c17a28c3bdc158c4534,2025-04-28T18:27:28.000Z,2025-04-29T03:47:40.000Z,57.4825,10.7437,10.763831666666675,57.37455833333333,10.723833333333346,57.57997,False,220127000,FN 261 STJERNE,DNK,013ba7567-7f7c-5d39-c59b-1b6822c67083,2.880266049550539,44.618254348364076,4.487984,12,,DK00FX113
2f85ec1de24940cb153c7d7f1f3540ad,2025-04-28T18:28:50.000Z,2025-04-28T23:01:22.000Z,57.487,10.7463,10.764279999999985,57.38138,10.723146666666679,57.572858333333336,False,220278000,A 321 HENRIETTE DUE,DNK,26d5d36d3-35c9-78be-806c-8b22890708eb,2.9309999932348716,23.422008553171292,3.38923,12,,DK00FX113
b065c45c86c8d4aa95639020b4646119,2025-04-28T18:34:35.000Z,2025-04-29T00:40:07.000Z,57.5209,10.7465,10.729553333333333,57.41429,10.75889,57.58852,False,219001522,SOREN STRANDBY,DNK,56e82f0b6-6312-ba1d-a4e2-6c8834dbd3d8,2.475280899233585,28.076860539620828,2.112799,11,,DK00FX113
3cbf1596c50333776089132b5e42a275,2025-04-28T19:04:25.000Z,2025-04-28T22:04:43.000Z,57.4257,10.7361,10.72485,57.35762833333333,10.754116666666667,57.49407166666666,False,219005866,FN 72 NEBRASKA,DNK,4d50ffa58-835c-b38b-5f5d-84807d6929d5,2.7634328301273188,15.300989510400292,6.31591,11,,DK00FX113
96c3429a82eed239602d096bdb512b9e,2025-04-28T19:19:03.000Z,2025-04-28T22:42:22.000Z,57.5156,10.7446,10.729951666666667,57.44555833333333,10.755455,57.58465833333333,False,260944562,,,feb0ca8f0-093a-04c5-c960-5c69b60d5b77,2.490909077904441,15.601417661774644,3.726788,9,,DK00FX113
de30788b67beec7a992d2530c197076c,2025-04-28T22:39:00.000Z,2025-04-29T01:15:27.000Z,57.4498,10.7373,10.752071666666666,57.389445,10.728835000000004,57.50293166666667,False,219005866,FN 72 NEBRASKA,DNK,4d50ffa58-835c-b38b-5f5d-84807d6929d5,2.67247706815737,12.921195715125444,2.526131,13,,DK00FX113
3957e0e086b05d5ef637cc44474832b2,2025-04-28T23:14:03.000Z,2025-04-29T04:17:14.000Z,57.4561,10.7367,10.754881666666677,57.34757833333333,10.711135000000013,57.560028333333335,False,220278000,A 321 HENRIETTE DUE,DNK,26d5d36d3-35c9-78be-806c-8b22890708eb,2.897340407396885,24.307705523255727,6.778547,11,,DK00FX113
a058732995e989bc242f86ae9c734b93,2025-04-29T00:00:04.000Z,2025-04-29T03:56:08.000Z,57.4544,10.7544,10.7325,57.368561666666665,10.767985,57.535313333333335,False,220256000,CHARLOTTE P  FN 131,DNK,f9350d74d-d66f-c031-94cd-b0f227dd5a0f,2.63924051349676,18.843911560429323,5.052573000000001,12,,DK00FX113
295ca5dd55bef9e20c4be21eae0f7aa0,2025-04-29T01:06:51.000Z,2025-04-29T02:05:37.000Z,57.4786,10.7616,10.762601666666654,57.4579,10.760964999999999,57.49995333333333,False,219001522,SOREN STRANDBY,DNK,56e82f0b6-6312-ba1d-a4e2-6c8834dbd3d8,2.593749935428302,4.671771983148191,2.30288,10,,DK00FX113
e9bd1bbd2ff3cbcde69e4284f2f8815d,2025-04-29T18:26:15.000Z,2025-04-30T03:32:06.000Z,57.4215,10.7291,10.713406666666666,57.316505,10.765511666666667,57.50792,False,219000855,FN 304 JEGENS,DNK,d0ed2c689-90f7-5229-b411-6a7708083d1c,2.44417809123454,41.76405679851903,10.265691,10,,DK00FX113
e65fe827bb78ed75acac6a881e81a259,2025-04-29T18:26:43.000Z,2025-04-30T03:47:37.000Z,57.4576,10.7533,10.738408333333334,57.35608666666667,10.776963333333333,57.541491666666666,False,244181197,,NLD,ef9657b1e-ea63-7d43-48d0-3b7423ab9879,2.46470587218509,41.28567113713041,5.843249,12,,DK00FX113
0dba7178741316601bd6ea29d85b2a25,2025-04-29T18:27:27.000Z,2025-04-30T01:59:53.000Z,57.4724,10.7527,10.738451666666666,57.35657666666667,10.776365,57.540926666666664,False,260962509,,,5906987f2-2968-5a58-4c5a-3524d472ad27,2.5636363300410183,33.42122883132373,5.843249,12,,DK00FX113
b2fed089e7a7ecd5bfaf7a35f8fb5595,2025-04-29T18:33:24.000Z,2025-04-30T03:54:12.000Z,57.4968,10.7518,10.784259999999989,57.395918333333334,10.72775333333334,57.585676666666664,False,219006971,FN 220 IDA MARIE,DNK,3b71e97ba-a4ac-6fd8-ac1f-b3ced497dab4,2.467029985761125,42.63362401000347,1.2630270000000001,13,,DK00FX113
56faf53297f6fd66783d732da42bd601,2025-04-29T18:35:12.000Z,2025-04-30T03:26:12.000Z,57.507,10.7169,10.748986666666667,57.39380833333333,10.68325333333334,57.58194,False,219024715,FRU LUNDSGAARD SG 17,DNK,90127c090-07a8-9d1b-f1f7-67079141c112,2.5463414544739384,37.564006295783415,2.526131,13,,DK00FX113
91be4cd3bc726d3e0b18e79b680d21ae,2025-04-29T18:38:01.000Z,2025-04-29T23:19:26.000Z,57.4651,10.7516,10.73841,57.36279833333333,10.77693,57.54349666666667,False,219009229,FN236 JULIE-EMILIE,DNK,3e4862ed6-6e6f-72f9-7db0-5a728160a8b3,2.411377233837892,20.737726386357007,5.843249,12,,DK00FX113
14ac40919b1425d1ab36503bc8b2c5cf,2025-04-29T18:39:19.000Z,2025-04-29T23:10:48.000Z,57.4868,10.7216,10.743898333333334,57.388193333333334,10.673281666666668,57.552215,False,219005862,KRONKVIST,DNK,08a2b0841-1740-afb3-7197-32152dc8181f,2.524539863405052,20.940987416804735,2.859346,13,,DK00FX113
65fccb8793b979e02dd682c5dabef1ff,2025-04-29T18:40:04.000Z,2025-04-29T21:46:35.000Z,57.4594,10.7369,10.745659999999987,57.39705333333333,10.730525,57.520311666666665,False,260967755,,,6bd6a5f67-75b6-7fa3-5501-3316e1a12046,2.7090908614071942,13.757752048985248,1.63452,12,,DK00FX113
1a3acdfb2cb58c31277f99d53f79b02e,2025-04-29T18:42:08.000Z,2025-04-30T03:00:08.000Z,57.5147,10.7201,10.71148,57.44605833333333,10.730073333333333,57.58320333333333,False,219006301,FN 308 HELLE LOTTE,DNK,64130f509-9c27-c779-f4bc-cbfaa9ae6e0b,2.238585230430226,31.19644288390827,2.8574960000000003,8,,DK00FX113
b83e68446ef7a87ef9770c203dceb1cd,2025-04-29T18:42:22.000Z,2025-04-30T03:50:37.000Z,57.4598,10.7528,10.73842,57.36567,10.775565,57.541065,False,260958413,,,620ad57fc-c54a-a345-513a-316b0a59a42b,2.4299999793370564,40.18818165590403,4.797374,12,,DK00FX113
c6be1af812560927348e72b55017c1a6,2025-04-29T18:42:42.000Z,2025-04-30T03:40:33.000Z,57.4672,10.7634,10.863641666666666,57.36100166666667,10.73060000000001,57.552515,False,244167829,,NLD,dcd154e6c-c955-257b-b125-f6dc851090c1,2.496774188933834,50.20173887523582,7.581652,7,,DK00FX113
d3185f7ef1d382057d3f6220cd2b7494,2025-04-29T18:47:16.000Z,2025-04-30T00:44:02.000Z,57.4732,10.7462,10.77214166666667,57.364115,10.730723333333344,57.547215,False,219002005,CHRISTINA KJAER FN81,DNK,58a5008c7-7a90-a74a-7643-3f1b7ad95a77,2.4350553637720997,27.451857378471058,5.5597460000000005,11,,DK00FX113
ebb627addfa7bcc81fa75c0089d1f084,2025-04-29T18:47:23.000Z,2025-04-30T03:43:21.000Z,57.464,10.7573,10.730833333333333,57.364216666666664,10.863995,57.54369333333333,False,260945045,,,152f82d33-3ca6-f240-77c7-fd818d849eca,2.3620689757939046,38.90471883334999,6.05458,12,,DK00FX113
f472d4b4169fff06d3451b7d88e6bbfe,2025-04-29T18:49:18.000Z,2025-04-30T03:01:08.000Z,57.518,10.7203,10.72981999999999,57.445935,10.71253333333334,57.583243333333336,False,260949343,,,f31fb72df-f014-e7b7-5ef9-a00bbc3a3db8,2.31935485716789,33.01857509369376,3.726788,9,,DK00FX113
6073ac5d80a576eae9e26e0826f2765e,2025-04-29T18:57:58.000Z,2025-04-29T21:19:17.000Z,57.4183,10.7321,10.722578333333333,57.353426666666664,10.753726666666667,57.45844,False,244171690,,NLD,fc09fe314-4127-dccc-6ccf-10a183fbab15,2.75,11.899110917785409,7.313953000000001,11,,DK00FX113
d84c74dbd850bbf80e15a3bd8eb16149,2025-04-29T19:00:23.000Z,2025-04-29T21:28:23.000Z,57.4877,10.7658,10.841431666666665,57.437711666666665,10.740836666666667,57.54410333333333,False,244190747,,NLD,8f081e2c9-926a-94c3-c7d4-b9209caa8ec5,2.6374999582767478,18.59127989804799,4.743755,14,,DK00FX113
d81547d28fe3e6308f9dda08678a03a8,2025-04-29T19:07:38.000Z,2025-04-30T02:52:09.000Z,57.5191,10.72,10.712195,57.44658166666667,10.729835,57.582211666666666,False,244172126,,NLD,cd5b53277-7e0d-807e-a9d7-76c676733fbc,2.2935483984408838,31.960929348519613,2.8574960000000003,8,,DK00FX113
00f97df0253507cd7d57dbf9d2194116,2025-04-29T19:14:25.000Z,2025-04-29T22:40:01.000Z,57.4556,10.7297,10.723956666666666,57.37280333333333,10.747951666666667,57.52440166666667,False,220278000,A 321 HENRIETTE DUE,DNK,26d5d36d3-35c9-78be-806c-8b22890708eb,3.2090909193862562,17.131148260454065,5.362871,12,,DK00FX113
41d574d7edb750319bab1508fd73693f,2025-04-29T19:31:44.000Z,2025-04-29T22:23:44.000Z,57.4917,10.7338,10.730508333333333,57.430905,10.740086666666667,57.546103333333335,False,244190539,,NLD,aed33b477-7547-37eb-ad4a-47f2bc982de7,2.6899999618530273,12.839703827975809,2.112382,10,,DK00FX113
611967e1fd5d23f985df6714bf8f3092,2025-04-29T22:50:05.000Z,2025-04-30T04:11:21.000Z,57.4301,10.7329,10.711381666666666,57.321455,10.780343333333333,57.531978333333335,False,220278000,A 321 HENRIETTE DUE,DNK,26d5d36d3-35c9-78be-806c-8b22890708eb,2.5582278140738035,24.1868220613387,10.265691,10,,DK00FX113
2be39f9c2832b935b367b9fb22a9cbf0,2025-04-29T23:25:04.000Z,2025-04-30T03:12:27.000Z,57.5214,10.6976,10.683585,57.45807666666666,10.74688,57.580083333333334,False,244190539,,NLD,aed33b477-7547-37eb-ad4a-47f2bc982de7,6.126666561762492,15.783874571970223,1.111949,6,,DK00FX113
516923df92ce214f08145e01dce25f2f,2025-04-29T23:31:05.000Z,2025-04-30T03:53:36.000Z,57.4589,10.7537,10.73843,57.368768333333335,10.77663,57.53706833333333,False,219009229,FN236 JULIE-EMILIE,DNK,3e4862ed6-6e6f-72f9-7db0-5a728160a8b3,2.4926666267712916,19.519200339510622,4.797374,12,,DK00FX113
acae96d85c34e8f655eeece38356c866,2025-04-30T00:00:07.000Z,2025-04-30T01:31:28.000Z,57.4474,10.7237,10.72074,57.41217,10.730308333333333,57.481896666666664,False,219005866,FN 72 NEBRASKA,DNK,4d50ffa58-835c-b38b-5f5d-84807d6929d5,2.7639344090321023,7.8291049394746945,2.6408690000000004,11,,DK00FX113
3ed683b84bdc518288c028a5fdc197b2,2025-04-30T00:36:04.000Z,2025-04-30T03:10:34.000Z,57.5044,10.6896,10.698456666666658,57.45843833333333,10.683263333333343,57.551991666666666,False,260967755,,,6bd6a5f67-75b6-7fa3-5501-3316e1a12046,2.522222227520413,10.625245800494215,1.6330820000000001,7,,DK00FX113
a0f20127d868c2dcbf2af96c356f6a13,2025-04-30T18:40:52.000Z,2025-05-01T01:16:07.000Z,57.4902,10.7503,10.76301833333332,57.37943833333333,10.731268333333333,57.55580333333333,False,219005862,KRONKVIST,DNK,08a2b0841-1740-afb3-7197-32152dc8181f,2.406666690144275,29.63789935520645,3.38923,12,,DK00FX113
132c6430c52da6b5625288c351482280,2025-05-01T02:38:19.000Z,2025-05-01T03:08:29.000Z,57.5011,10.5247,10.526546666666661,57.498648333333335,10.523996666666676,57.50376166666667,True,219005862,KRONKVIST,DNK,08a2b0841-1740-afb3-7197-32152dc8181f,0.7708333333333334,0.6079796340911465,1.632363,3,555522471;555543258;555557024,DK00FX113
fe7f6b1cf1ed2630b892ac02149431e9,2025-05-01T15:03:20.000Z,2025-05-01T15:42:09.000Z,57.6408,10.7318,10.736764999999991,57.63098333333333,10.724513333333334,57.65264166666667,False,219021235,HAVFISKEN,DNK,f770e03eb-b317-8f20-fb64-b93d0f9e4c82,2.1064516092019696,2.603849216457438,3.17713,13,,DK00FX113
80b1922487573fc637af8b3047fda5a7,2025-05-01T18:51:21.000Z,2025-05-02T01:08:09.000Z,57.4883,10.7526,10.708101666666666,57.37521666666667,10.765158333333334,57.583795,False,219005862,KRONKVIST,DNK,08a2b0841-1740-afb3-7197-32152dc8181f,2.4698473187803303,27.893860829687146,4.904278000000001,11,,DK00FX113
19bef749e9fdf99a8e22fb4715c333ab,2025-05-02T08:24:18.000Z,2025-05-02T10:09:15.000Z,57.5059,10.7124,10.655313333333334,57.485821666666666,10.74528,57.526898333333335,False,219021235,HAVFISKEN,DNK,f770e03eb-b317-8f20-fb64-b93d0f9e4c82,2.420833329359691,7.5413275795159675,1.195227,4,,DK00FX113
053027dff940df176ac10cb817964eec,2025-05-02T08:35:06.000Z,2025-05-02T10:14:05.000Z,57.5009,10.72,10.669076666666667,57.48487,10.739058333333332,57.52453666666667,False,244187059,,NLD,46e8c1e3f-f50d-2b69-a02b-49f41a7a35dc,3.133333375056585,6.6122169391370536,0.597777,5,,DK00FX113
2141df6628e9dd6846fee51cd6ad2a48,2025-05-03T22:32:13.000Z,2025-05-04T04:45:20.000Z,57.4478,10.7621,10.85180166666666,57.38019333333333,10.684118333333345,57.527606666666664,False,219021235,HAVFISKEN,DNK,f770e03eb-b317-8f20-fb64-b93d0f9e4c82,2.5967153199832804,29.457958829952688,5.839861,10,,DK00FX113
ac06788284ecf46d5d57be12f2ad8644,2025-05-04T18:27:31.000Z,2025-05-05T03:49:41.000Z,57.597,10.6908,10.745958333333334,57.50463,10.649921666666671,57.67725,False,220256000,CHARLOTTE P  FN 131,DNK,f9350d74d-d66f-c031-94cd-b0f227dd5a0f,2.5352601060977564,45.354903218138176,1.632363,9,,DK00FX113
0af2953aa424366854c37e368aec9c56,2025-05-05T00:43:01.000Z,2025-05-05T04:16:03.000Z,57.4135,10.7476,10.76835166666666,57.375166666666665,10.718431666666675,57.45095666666667,False,219021235,HAVFISKEN,DNK,f770e03eb-b317-8f20-fb64-b93d0f9e4c82,2.6160583865903595,17.265547212039106,3.335848,12,,DK00FX113
104acf8fd540af23082a6d60e9d80f32,2025-05-05T01:04:24.000Z,2025-05-05T03:59:35.000Z,57.4076,10.7619,10.721543333333333,57.37567,10.843916666666667,57.441945,False,244187059,,NLD,46e8c1e3f-f50d-2b69-a02b-49f41a7a35dc,2.833333333333333,21.39547072215082,4.4836279999999995,12,,DK00FX113
c1e981ac1c1a6a00d9ff24c89e364e21,2025-05-05T04:44:30.000Z,2025-05-05T05:25:44.000Z,57.503,10.5317,10.532891666666671,57.499085,10.526383333333342,57.503325,True,220256000,CHARLOTTE P  FN 131,DNK,f9350d74d-d66f-c031-94cd-b0f227dd5a0f,0.566666669315762,0.6685416470017025,1.632363,3,555557024;555522471;555543258,DK00FX113
49d0584d327870087401935264913291,2025-05-05T18:05:56.000Z,2025-05-06T03:38:40.000Z,57.5814,10.7376,10.807763333333327,57.478143333333335,10.678551666666664,57.661631666666665,False,220368000,O 159 RANDI,DNK,23b776e71-126f-9ab4-62f5-3dd2f3acef61,2.5063253042389126,44.08287533514331,2.3911089999999997,12,,DK00FX113
7aa476fdbd809d15054a1830051a35ae,2025-05-05T18:31:32.000Z,2025-05-06T02:41:05.000Z,57.539,10.6483,10.688176666666664,57.443855,10.630561666666665,57.610726666666665,False,219024715,FRU LUNDSGAARD SG 17,DNK,90127c090-07a8-9d1b-f1f7-67079141c112,2.3889328114128867,33.44994447230897,3.3890569999999998,8,,DK00FX113
9adc62cd69c568cff8147e6ccf48ba43,2025-05-05T18:32:28.000Z,2025-05-06T03:45:49.000Z,57.5912,10.6732,10.640051666666666,57.504673333333336,10.740496666666667,57.66705666666667,False,220256000,CHARLOTTE P  FN 131,DNK,f9350d74d-d66f-c031-94cd-b0f227dd5a0f,2.539522530703707,42.64871981196085,2.524736,2,,DK00FX113
03321b1587a59e20152e3d89271de639,2025-05-05T18:36:06.000Z,2025-05-05T22:45:00.000Z,57.583,10.6748,10.715248333333335,57.49375,10.652103333333343,57.63700333333333,False,219001522,SOREN STRANDBY,DNK,56e82f0b6-6312-ba1d-a4e2-6c8834dbd3d8,2.4632768230249646,18.909020288204108,1.7928410000000001,7,,DK00FX113
25077cebee7fef60dee2f553254e279d,2025-05-05T18:47:03.000Z,2025-05-05T21:29:54.000Z,57.5573,10.6397,10.631295,57.507643333333334,10.649178333333333,57.609026666666665,False,260967755,,,6bd6a5f67-75b6-7fa3-5501-3316e1a12046,2.5222222275204125,11.402474093189184,2.986431,2,,DK00FX113
7e613cfe3a7134b81e9f3f7b48ded51e,2025-05-05T18:50:51.000Z,2025-05-05T23:15:02.000Z,57.5826,10.6921,10.757263333333327,57.494778333333336,10.660110000000003,57.638751666666664,False,220072000,R177 DUEODDE,DNK,438ea858e-e541-e793-8324-1972af53ee8e,2.3907895362690876,19.455048654393607,0.597614,9,,DK00FX113
f62cc879a7bc197157c826c1ab730704,2025-05-05T18:53:31.000Z,2025-05-05T21:14:01.000Z,57.552,10.6672,10.652528333333333,57.50651,10.687406666666666,57.60117,False,260944562,,,feb0ca8f0-093a-04c5-c960-5c69b60d5b77,2.51111110051473,10.815730026984998,1.7918589999999999,3,,DK00FX113
cdfb5e1e4e4dcc9c6a79265a2d242573,2025-05-05T18:55:02.000Z,2025-05-05T21:40:02.000Z,57.5641,10.6656,10.686958333333337,57.50724666666667,10.652136666666678,57.617828333333335,False,244167346,,NLD,1a39c2f2f-ffa3-6437-4cdc-97d1362168d6,2.5090909004211426,12.990384707681287,0.597286,5,,DK00FX113
b4361d24e6aa5d5000361d9987fd254a,2025-05-05T18:55:34.000Z,2025-05-05T23:31:35.000Z,57.4783,10.6953,10.667736666666666,57.384755,10.740793333333333,57.55088,False,219006113,A300 MARIE SKOV,DNK,a9c4fabe5-583b-5c37-5504-9597ee5ee518,2.3064220450613484,19.381024097838228,6.857698999999999,9,,DK00FX113
fc366992c97fca70054646096ae3c67d,2025-05-05T18:57:49.000Z,2025-05-06T03:31:12.000Z,57.5855,10.6807,10.742451666666653,57.49684166666667,10.644990000000007,57.65119833333333,False,219006971,FN 220 IDA MARIE,DNK,3b71e97ba-a4ac-6fd8-ac1f-b3ced497dab4,2.4309734610681324,38.85578174775147,2.109462,8,,DK00FX113
1b2546680c2a5f97b15ad9558c4b0068,2025-05-05T19:03:45.000Z,2025-05-05T22:57:46.000Z,57.5776,10.6863,10.660373333333334,57.50473,10.747636666666667,57.63553,False,220072096,,DNK,137325047-7ae7-5358-313c-89ab4fb0be0d,2.4200000762939453,17.720349787815483,1.632123,3,,DK00FX113
1e24236f27953214befe3320170c6d14,2025-05-05T19:06:11.000Z,2025-05-05T23:14:15.000Z,57.6065,10.71,10.636483333333333,57.53478333333333,10.79945,57.644,False,219005954,BELLA-EMIL,DNK,452637753-32e2-e9d8-8651-7e3396324805,2.3687075035912653,18.376367469860824,2.634341,4,,DK00FX113
251221fc5e0c269c75dc417a786fbec2,2025-05-05T19:07:26.000Z,2025-05-05T23:36:25.000Z,57.5814,10.6801,10.648743333333334,57.50065166666667,10.716781666666666,57.63789666666667,False,219003138,H84 GULDBORG,DNK,757ca9b0e-e2cf-fff6-f4d2-3b00c792efbf,2.3578947353781308,18.73893915416533,2.109044,3,,DK00FX113
e64888e4a19198b659966ecea4433a57,2025-05-05T19:23:22.000Z,2025-05-06T04:08:22.000Z,57.5878,10.701,10.637433333333334,57.504216666666665,10.7977,57.64315,False,260948994,,,8da76cb2b-b495-205c-a4eb-eb578547a32f,2.5565217577892803,38.14237112136127,2.524736,2,,DK00FX113
ed6379c1833f3a657eee05820e6b047a,2025-05-05T19:31:52.000Z,2025-05-06T04:01:03.000Z,57.5904,10.7068,10.63662,57.502583333333334,10.79825,57.643483333333336,False,244171778,,NLD,1eeeed211-1843-50d4-0da6-ace13960da51,2.50689657392173,37.67333113226394,2.524736,2,,DK00FX113
17b5c91ac509c8dd28520bdca8805a68,2025-05-05T19:35:16.000Z,2025-05-05T22:59:45.000Z,57.5891,10.687,10.66042,57.525171666666665,10.749651666666667,57.63632,False,220072160,,DNK,b2c9a34be-e2bd-3eec-2a4d-31bde0d45438,2.4153846960801344,15.91010054741952,1.631644,5,,DK00FX113
305d2826925ef8243e1766eaa7081e51,2025-05-05T19:47:34.000Z,2025-05-05T21:55:03.000Z,57.5828,10.6366,10.641514999999998,57.54522,10.631178333333338,57.60968,False,244190539,,NLD,aed33b477-7547-37eb-ad4a-47f2bc982de7,2.1222222447395325,7.525392291640636,4.102203,6,,DK00FX113
457b86879fee7258a0cc7b15d7e74ec4,2025-05-05T19:55:24.000Z,2025-05-05T22:39:34.000Z,57.469,10.6964,10.725799999999992,57.421085,10.678484999999995,57.52082,False,244171937,,NLD,12ceecd8d-d786-dd5c-97d4-899c5b58ed87,2.3200000047683718,11.62498732080823,1.796276,11,,DK00FX113
b15a3034d761ed766d55916be1af2654,2025-05-05T20:02:04.000Z,2025-05-05T22:59:45.000Z,57.4773,10.6921,10.722859999999997,57.42502,10.67302166666667,57.53407833333333,False,260949217,,,2bd8c4857-7755-40ad-eea2-cb788d55c69f,2.3555555608537464,12.677364524766919,2.6402759999999996,10,,DK00FX113
8c58420feff2a47a8b36004925e07172,2025-05-05T22:22:03.000Z,2025-05-06T03:17:42.000Z,57.5107,10.6513,10.603328333333334,57.44513166666667,10.685593333333333,57.592798333333334,False,260967755,,,6bd6a5f67-75b6-7fa3-5501-3316e1a12046,2.8214285714285716,22.419462131015074,2.6390890000000002,3,555557024;349827;555522471;555543258;555538085;67881,DK00FX113
39d23f4495e91ae12277c4aef388da3a,2025-05-05T22:44:03.000Z,2025-05-06T01:54:43.000Z,57.5246,10.6524,10.632331666666667,57.46383,10.685873333333333,57.58382833333334,False,244190539,,NLD,aed33b477-7547-37eb-ad4a-47f2bc982de7,2.508333345254262,14.164063750422136,2.30288,4,,DK00FX113
f8481fa3a69d099c46c994f090b2e7f3,2025-05-05T23:07:25.000Z,2025-05-05T23:45:00.000Z,57.6342,10.7059,10.726564999999994,57.629805,10.692170000000004,57.64166,False,219001522,SOREN STRANDBY,DNK,56e82f0b6-6312-ba1d-a4e2-6c8834dbd3d8,2.473333317041397,2.8129434660407155,2.627808,13,,DK00FX113
b10626552608aa7b893c833c855552cd,2025-05-05T23:26:55.000Z,2025-05-06T03:26:04.000Z,57.5708,10.7104,10.740634999999997,57.49943,10.68157500000001,57.631295,False,220072000,R177 DUEODDE,DNK,438ea858e-e541-e793-8324-1972af53ee8e,2.4520000251134224,17.96837722625853,2.109462,8,,DK00FX113
fdab26272088c52f1953debe9a2815ea,2025-05-05T23:32:31.000Z,2025-05-06T03:51:54.000Z,57.5744,10.7097,10.672766666666666,57.50025,10.778266666666667,57.6334,False,219005954,BELLA-EMIL,DNK,452637753-32e2-e9d8-8651-7e3396324805,2.4204225716456556,19.20092551551648,1.262252,4,,DK00FX113
073f758196809e9c2ef081fe507cd93a,2025-05-05T23:32:57.000Z,2025-05-06T02:58:26.000Z,57.5771,10.7137,10.697116666666666,57.512906666666666,10.73428,57.629025,False,220072160,,DNK,b2c9a34be-e2bd-3eec-2a4d-31bde0d45438,2.4800000190734863,14.724053286948159,1.194573,6,,DK00FX113
29df5b24172f55e5896fe64ef6398102,2025-05-05T23:47:45.000Z,2025-05-06T03:24:26.000Z,57.5646,10.7095,10.721724999999992,57.499388333333336,10.684516666666667,57.62334666666667,False,220072096,,DNK,137325047-7ae7-5358-313c-89ab4fb0be0d,2.4285714456013276,15.742202528457181,2.109462,7,,DK00FX113
3b93f9f83ae2c3fd783260755557a267,2025-05-05T23:52:05.000Z,2025-05-06T03:47:31.000Z,57.5659,10.6663,10.691949999999991,57.482681666666664,10.654965000000004,57.61933833333333,False,219003138,H84 GULDBORG,DNK,757ca9b0e-e2cf-fff6-f4d2-3b00c792efbf,2.474647886316541,16.811182325156356,0,6,,DK00FX113
9bded6244d59c350f564e9ff9f623ba7,2025-05-06T04:52:32.000Z,2025-05-06T08:43:49.000Z,57.5157,10.6909,10.661731666666666,57.51220166666667,10.730881666666667,57.52221,False,219021235,HAVFISKEN,DNK,f770e03eb-b317-8f20-fb64-b93d0f9e4c82,2.1759259287773833,15.445006786656059,1.194573,4,,DK00FX113
edbd33a7359d12b2f1591b1c2b6dc860,2025-05-06T04:54:32.000Z,2025-05-06T05:20:52.000Z,57.4963,10.5518,10.568353333333334,57.492938333333335,10.536110000000008,57.49830166666667,True,219003138,H84 GULDBORG,DNK,757ca9b0e-e2cf-fff6-f4d2-3b00c792efbf,2.6857143129621237,2.0400704136614287,2.8568800000000003,2,555557024;555522471;67881;555538085;555543258,DK00FX113
baa4103f4607c3d2f6599d28f22b3a70,2025-05-06T05:05:34.000Z,2025-05-06T08:38:02.000Z,57.516,10.6835,10.664633333333333,57.512343333333334,10.710076666666666,57.52099833333333,False,244187059,,NLD,46e8c1e3f-f50d-2b69-a02b-49f41a7a35dc,2.4636363983154297,9.126854943920115,1.194573,4,,DK00FX113
53d7e7d6656a586a67d05204c462bd3d,2025-05-06T05:47:02.000Z,2025-05-06T08:33:46.000Z,57.5163,10.6933,10.666415,57.51239666666667,10.727683333333333,57.52047666666667,False,260964275,,,6cf61f923-35d4-546a-36e7-6270f1a6c13f,2.154545458880338,10.66187193372911,0.597286,4,,DK00FX113
60fde22430b96f29f5ee9ac2f814e2db,2025-05-06T10:44:46.000Z,2025-05-06T15:04:04.000Z,57.5113,10.7114,10.756533333333323,57.50680166666667,10.669460000000015,57.51561,False,219021235,HAVFISKEN,DNK,f770e03eb-b317-8f20-fb64-b93d0f9e4c82,2.5324873007493576,20.008426204858424,2.302753,9,,DK00FX113
2aadd88ad9980c52765883b607041f7d,2025-05-06T11:26:51.000Z,2025-05-06T13:06:31.000Z,57.6804,10.5807,10.573647,57.660835,10.603258,57.715485,False,219220156,S 543 TAHA,DNK,0a0df7dd4-43c4-b65d-97d8-26c779cb2248,2.7,7.2603236200112455,1.189657,4,,DK00FX113
e9e768856cbfd398e2931064cb008145,2025-05-06T13:20:13.000Z,2025-05-06T14:43:33.000Z,57.5105,10.715,10.692098333333334,57.507675,10.742836666666667,57.51396166666667,False,244187059,,NLD,46e8c1e3f-f50d-2b69-a02b-49f41a7a35dc,2.3499999841054278,6.186039409768113,0.597286,5,,DK00FX113
210c6fac9d2df05b35f069c18b2679db,2025-05-06T15:45:59.000Z,2025-05-06T16:44:14.000Z,57.6859,10.5549,10.608319999999992,57.662958,10.499423000000007,57.71618,False,219008715,MITICA,DNK,8f3a59f60-0f3b-2923-1594-713509e6794c,5.6045454545454545,9.675683968070704,0,6,,DK00FX113
44fbcf2014e718b2eb407cc55f4f68fc,2025-05-06T17:41:21.000Z,2025-05-08T00:24:18.000Z,57.4923,10.5049,10.504866666666667,57.492245,10.505835,57.49245833333333,False,220345000,SG115 CECILIE MATHIL,DNK,58b5fd79c-c1e1-ab38-017b-ed3345596621,0.002810902937967487,0.5253927732138811,0,1,,DK00FX113
d3aa0524bfcf879f195ccc940891a75a,2025-05-06T18:32:04.000Z,2025-05-06T21:42:44.000Z,57.5858,10.6834,10.650881666666667,57.52560833333333,10.744346666666667,57.63507333333333,False,220072160,,DNK,b2c9a34be-e2bd-3eec-2a4d-31bde0d45438,2.7454546148126773,14.704961575785978,2.10821,5,,DK00FX113
ff58e40c3ebaad5223c776fd6f5b795f,2025-05-06T18:41:20.000Z,2025-05-06T22:00:30.000Z,57.5464,10.7513,10.771230000000003,57.468505,10.73782833333334,57.60939833333333,False,260967963,,,13faa0dc6-6f71-ef5b-91c6-634175f24bc9,2.654545437205921,16.048789924209686,1.111949,10,,DK00FX113
99d325a05f1ce7fb684063ae387d44d7,2025-05-06T18:42:21.000Z,2025-05-07T01:40:05.000Z,57.6104,10.745,10.884488333333337,57.478458333333336,10.67772500000001,57.72154333333334,False,220256000,CHARLOTTE P  FN 131,DNK,f9350d74d-d66f-c031-94cd-b0f227dd5a0f,2.5610759445006344,32.710613066840644,6.575549,16,,DK00FX113
de45a21d3dc96ecc11c72382008810a0,2025-05-06T18:43:03.000Z,2025-05-06T22:47:06.000Z,57.5509,10.7406,10.732,57.464283333333334,10.763471666666666,57.61919,False,219002585,FN 4 LAERKE,DNK,705d7679a-aaae-a574-ab8a-8e0d33eced6c,2.3794872008550625,17.85085159243079,3.190174,8,,DK00FX113
5d942fb05e44f1036ccf3b6a65adcd3e,2025-05-06T18:43:49.000Z,2025-05-06T22:40:22.000Z,57.6053,10.7021,10.789344999999997,57.53462666666667,10.662035000000003,57.660916666666665,False,220072000,R177 DUEODDE,DNK,438ea858e-e541-e793-8324-1972af53ee8e,2.400000068625888,17.382673122071925,4.605421000000001,12,,DK00FX113
78f34bbc2bacebb0c40789e41b27654e,2025-05-06T18:44:36.000Z,2025-05-07T01:42:08.000Z,57.5971,10.7366,10.67035,57.47083333333333,10.85905,57.709133333333334,False,219005954,BELLA-EMIL,DNK,452637753-32e2-e9d8-8651-7e3396324805,2.5544169618889647,31.921867088489517,0.5979410000000001,5,,DK00FX113
f447ef83bfb0491acd57a364bfa54321,2025-05-06T18:46:34.000Z,2025-05-07T03:18:34.000Z,57.5302,10.7553,10.732071666666666,57.43522333333333,10.775731666666667,57.61771,False,244168409,,NLD,ce00ee667-7cfb-de52-c47e-e42d6c21fc09,2.389655193378185,38.049976215022795,2.858421,10,,DK00FX113
125e5b600849ed55c3c121a452d1762a,2025-05-06T18:47:09.000Z,2025-05-06T22:12:19.000Z,57.5463,10.7651,10.842278333333326,57.472278333333335,10.737606666666665,57.618073333333335,False,244190747,,NLD,8f081e2c9-926a-94c3-c7d4-b9209caa8ec5,2.657142860548837,20.594314978353594,4.330215,14,,DK00FX113
6503902b7b8fda386fb102275189da72,2025-05-06T18:49:12.000Z,2025-05-07T03:32:36.000Z,57.5475,10.7633,10.721775000000001,57.447226666666666,10.798018333333333,57.635036666666664,False,219024923,TRYGG,DNK,b93a2787f-f773-de75-6e84-c9c05b9fdb9d,2.5330985569233357,40.80119945520118,3.266403,8,,DK00FX113
abe5b369ca6d1eba511a6074b7818e5c,2025-05-06T18:49:51.000Z,2025-05-07T02:16:32.000Z,57.5532,10.7485,10.791553333333326,57.470955000000004,10.709093333333328,57.62537833333333,False,219006301,FN 308 HELLE LOTTE,DNK,64130f509-9c27-c779-f4bc-cbfaa9ae6e0b,2.2926760936706843,31.833065962122554,1.6328420000000001,11,,DK00FX113
8b7ba7e9647a67bae3168205fa163939,2025-05-06T18:53:23.000Z,2025-05-07T03:39:14.000Z,57.5552,10.7625,10.810033333333337,57.46459333333333,10.703536666666679,57.63829,False,219013885,DORIS VENDELBO,DNK,050513a98-880a-98f7-ccc3-650614d8533f,2.4938823516754534,40.50946278613722,3.265924,13,,DK00FX113
e63337c8b70e6f1b04bfe8ffef7a2fb5,2025-05-06T18:55:22.000Z,2025-05-07T01:01:41.000Z,57.5916,10.7316,10.67035,57.4801,10.847716666666667,57.692766666666664,False,260948994,,,8da76cb2b-b495-205c-a4eb-eb578547a32f,2.5176470419939827,28.216575584320264,0.597777,5,,DK00FX113
0f81aeb6244653c2f0122a63294da40e,2025-05-06T18:57:07.000Z,2025-05-07T01:51:16.000Z,57.5545,10.7475,10.709793333333334,57.47187,10.788758333333334,57.622706666666666,False,244172126,,NLD,cd5b53277-7e0d-807e-a9d7-76c676733fbc,2.3821428886481697,29.878207215523172,1.6328420000000001,7,,DK00FX113
f62ab19d0a5b59690eba7b876f64413f,2025-05-06T18:57:31.000Z,2025-05-07T01:35:52.000Z,57.6012,10.7438,10.670753333333334,57.48158333333333,10.858766666666666,57.7087,False,244171778,,NLD,1eeeed211-1843-50d4-0da6-ace13960da51,2.445833337803682,30.06511638024553,0.597777,5,,DK00FX113
b1391175d248228f7b461177b96626c7,2025-05-06T18:57:56.000Z,2025-05-07T00:34:07.000Z,57.5443,10.7392,10.709060000000001,57.471871666666665,10.843591666666667,57.616688333333336,False,260949342,,,8164a942e-e4ed-751f-8fc1-572309c7d963,2.2363636886531655,28.644832970231008,1.6328420000000001,7,,DK00FX113
b080459c870de637c39fb2f2c4d31a15,2025-05-06T18:59:02.000Z,2025-05-06T22:25:51.000Z,57.6777,10.7609,10.732801666666667,57.62892166666666,10.775493333333333,57.71667333333333,False,244190539,,NLD,aed33b477-7547-37eb-ad4a-47f2bc982de7,2.530769219765296,14.920426548678549,2.627808,13,,DK00FX113
92cd6f16e68829823df3c0efd147eb75,2025-05-06T19:01:55.000Z,2025-05-06T21:55:33.000Z,57.5376,10.7353,10.743388333333343,57.47757166666667,10.732028333333346,57.595025,False,260945625,,,bbce1b9c9-9c7a-dd7f-64de-c2ce4b576375,2.4727273204109887,13.222112553091415,1.7933320000000001,8,,DK00FX113
e377e665597d16a20431627439af51af,2025-05-06T19:04:14.000Z,2025-05-07T00:53:07.000Z,57.6056,10.71,10.664393333333333,57.51636,10.7765,57.654111666666665,False,219003138,H84 GULDBORG,DNK,757ca9b0e-e2cf-fff6-f4d2-3b00c792efbf,2.332954546013337,24.775766996649345,1.194245,4,,DK00FX113
283ab037854de350ec523a73c84ab80e,2025-05-06T19:04:30.000Z,2025-05-07T00:44:12.000Z,57.6251,10.7556,10.824213333333319,57.521625,10.693726666666663,57.72008,False,219006971,FN 220 IDA MARIE,DNK,3b71e97ba-a4ac-6fd8-ac1f-b3ced497dab4,2.4612546060028127,25.645291979475253,4.477622,13,,DK00FX113
71aab0632548709aeeee092e405fd062,2025-05-06T19:08:55.000Z,2025-05-07T02:20:06.000Z,57.595,10.7487,10.807313333333326,57.547365,10.662035000000003,57.659595,False,220072096,,DNK,137325047-7ae7-5358-313c-89ab4fb0be0d,2.4192307981160974,29.94209837515168,7.086354,14,,DK00FX113
82bf75193059b2aff529711df3089a86,2025-05-06T19:09:27.000Z,2025-05-07T02:13:46.000Z,57.5521,10.7493,10.791380000000004,57.47149666666667,10.709683333333345,57.62537833333333,False,260949343,,,f31fb72df-f014-e7b7-5ef9-a00bbc3a3db8,2.2653846454161863,30.62877373264778,1.6328420000000001,11,,DK00FX113
b15e65e7216ac145b952fb2e04a15b5c,2025-05-06T19:16:47.000Z,2025-05-07T00:02:07.000Z,57.62,10.7493,10.694221666666667,57.53028666666667,10.808081666666666,57.699745,False,244172795,,NLD,11ccf9ac4-4e5e-900a-6fb0-6c3f2c4139e5,2.466666666666667,21.977614273536883,1.262097,6,,DK00FX113
2d05d8f51069b0eb1ebbd01e0a31f735,2025-05-06T19:21:39.000Z,2025-05-07T03:15:38.000Z,57.5662,10.7605,10.703655,57.484805,10.809706666666667,57.637438333333336,False,260956925,,,b82897ba5-5866-5a87-4d71-0c199248e592,2.52,36.540675664104015,0.597777,6,,DK00FX113
f7ee190b97a2430f1f684e79fd690ebf,2025-05-06T19:30:39.000Z,2025-05-07T04:32:39.000Z,57.6007,10.7342,10.841121666666652,57.5327,10.665359999999993,57.64906,False,260946178,,,e46af76bc-cab2-2ecc-4f31-48c5c7e3e938,2.4695652205011123,36.494873458931735,6.104399,15,,DK00FX113
bd6851fe6b38f873f7873be2a49e0202,2025-05-06T19:39:00.000Z,2025-05-07T03:56:41.000Z,57.6019,10.7467,10.842143333333325,57.53474333333333,10.664636666666667,57.653573333333334,False,244168962,,NLD,b7aabc9de-e39e-ff82-d157-a32248fe1acb,2.6962962884593895,42.64001593054747,6.104399,15,555522504;555557022;555543209,DK00FX113
07107049af2b9b6360566c0a779c963c,2025-05-06T20:45:15.000Z,2025-05-07T00:00:05.000Z,57.6407,10.7614,10.808541666666656,57.589751666666665,10.694770000000005,57.698445,False,260950011,,,e8b6b746d-dfdd-6c54-8212-58bb5c46b166,2.481818199157715,14.94765198599473,9.054691,16,,DK00FX113
ea29d3c8fe3dddba8f8256e59a991f1b,2025-05-07T00:32:59.000Z,2025-05-07T03:30:10.000Z,57.4999,10.7585,10.78592333333333,57.447228333333335,10.722326666666675,57.56315,False,244190747,,NLD,8f081e2c9-926a-94c3-c7d4-b9209caa8ec5,2.4090908359397543,13.92738018271938,3.543784,12,,DK00FX113
957c4aca0ccb0cf8ca7668d47491431e,2025-05-07T05:05:28.000Z,2025-05-07T05:26:10.000Z,57.5055,10.535,10.53629833333332,57.50327,10.530245000000008,57.506726666666665,True,219002585,FN 4 LAERKE,DNK,705d7679a-aaae-a574-ab8a-8e0d33eced6c,1.2624999806284904,0.7446998279332816,2.109462,3,555557024;555543258;555522471,DK00FX113
d3a14a3c45879885c637e92aa64ca12b,2025-05-07T18:51:17.000Z,2025-05-07T22:45:06.000Z,57.5533,10.7668,10.728695,57.473151666666666,10.778071666666667,57.637535,False,219024923,TRYGG,DNK,b93a2787f-f773-de75-6e84-c9c05b9fdb9d,2.6700000328452966,19.150465403067223,2.637309,8,,DK00FX113
da763a40be037e1afb90dffdfa0496a3,2025-05-07T18:51:43.000Z,2025-05-07T22:35:41.000Z,57.5905,10.6885,10.75363999999999,57.51746333333333,10.662171666666666,57.63823333333333,False,220072000,R177 DUEODDE,DNK,438ea858e-e541-e793-8324-1972af53ee8e,2.384210574391641,16.33902610825664,3.543342,9,,DK00FX113
5b4484a1af54249c5f0e248bb0f641d9,2025-05-07T18:53:17.000Z,2025-05-08T03:05:25.000Z,57.5281,10.7076,10.761878333333328,57.45972833333333,10.666776666666664,57.57398166666667,False,219024715,FRU LUNDSGAARD SG 17,DNK,90127c090-07a8-9d1b-f1f7-67079141c112,2.39060777401068,35.73752296327649,2.30288,10,,DK00FX113
8420e843ed3dcf5ea4b14081853f1375,2025-05-07T18:55:24.000Z,2025-05-07T21:47:44.000Z,57.5775,10.6768,10.716108333333324,57.51999333333333,10.662245000000013,57.623666666666665,False,220072096,,DNK,137325047-7ae7-5358-313c-89ab4fb0be0d,2.4333333704206677,12.925489845094447,2.38849,7,,DK00FX113
a1fcfcfe452a183df1e19b5939f4f114,2025-05-07T19:02:39.000Z,2025-05-08T03:15:04.000Z,57.5285,10.7072,10.653828333333333,57.42158166666667,10.787506666666667,57.59358666666667,False,219006301,FN 308 HELLE LOTTE,DNK,64130f509-9c27-c779-f4bc-cbfaa9ae6e0b,2.3493506889548392,35.3058847695022,5.501634,7,,DK00FX113
e3052bd2c49bbf0231a040ce21162924,2025-05-07T19:06:02.000Z,2025-05-07T22:19:23.000Z,57.5515,10.7655,10.843776666666656,57.484476666666666,10.728588333333335,57.61523,False,244168409,,NLD,ce00ee667-7cfb-de52-c47e-e42d6c21fc09,2.4916666746139526,22.644975385322706,4.1844399999999995,14,,DK00FX113
604156403b9e29748b5fc09ee4750245,2025-05-07T19:08:19.000Z,2025-05-08T02:35:18.000Z,57.5996,10.7552,10.894914999999997,57.51016833333333,10.66565833333334,57.65409666666667,False,244168962,,NLD,b7aabc9de-e39e-ff82-d157-a32248fe1acb,2.6285714535486133,33.071977367307696,7.506396,17,,DK00FX113
356f5c3d77ed4b63fa8d5b6a11bf7531,2025-05-07T19:08:39.000Z,2025-05-08T01:51:19.000Z,57.6084,10.7435,10.895566666666667,57.510495,10.665645000000012,57.655588333333334,False,260946178,,,e46af76bc-cab2-2ecc-4f31-48c5c7e3e938,2.3789473787734376,29.730778790452682,8.078963,18,,DK00FX113
ca09027da0e0c6dbacf334a79df07485,2025-05-07T19:10:06.000Z,2025-05-08T00:56:20.000Z,57.6057,10.7283,10.665536666666666,57.51173333333333,10.856751666666666,57.65658166666667,False,219003138,H84 GULDBORG,DNK,757ca9b0e-e2cf-fff6-f4d2-3b00c792efbf,2.4286956625140217,25.981475537692578,0.597286,4,,DK00FX113
0cb31633d39fedd22e91a66021c62808,2025-05-07T19:12:01.000Z,2025-05-08T02:43:37.000Z,57.5332,10.7067,10.667078333333333,57.464571666666664,10.754771666666667,57.57383,False,260967755,,,6bd6a5f67-75b6-7fa3-5501-3316e1a12046,2.471428581646511,32.22355162127778,1.262562,5,,DK00FX113
0b60803ab5a1b6ed22c73b48a7dddedf,2025-05-07T19:12:18.000Z,2025-05-07T22:02:38.000Z,57.5351,10.6955,10.714086666666674,57.48267333333333,10.667243333333346,57.57205,False,244190539,,NLD,aed33b477-7547-37eb-ad4a-47f2bc982de7,2.4272727966308594,12.42050924883156,1.195554,7,,DK00FX113
72d7ddd7c62bed86dddcc21a81f2dd2f,2025-05-07T19:12:26.000Z,2025-05-08T03:15:45.000Z,57.5215,10.7139,10.787679999999995,57.42195,10.653836666666678,57.59113,False,260949343,,,f31fb72df-f014-e7b7-5ef9-a00bbc3a3db8,2.286666706204415,33.450416010525146,1.197517,13,,DK00FX113
bcd9f5ddc9ad0794607f43d55bedbb18,2025-05-07T19:17:15.000Z,2025-05-08T04:13:25.000Z,57.5606,10.7224,10.65044,57.45102833333333,10.786043333333334,57.63793166666667,False,220072160,,DNK,b2c9a34be-e2bd-3eec-2a4d-31bde0d45438,2.8142857551574703,44.21090357050401,2.8574960000000003,5,,DK00FX113
7af2745fae562b7c8b2220177c2a6669,2025-05-07T19:21:23.000Z,2025-05-07T22:16:34.000Z,57.5515,10.7504,10.768194999999992,57.494913333333336,10.730806666666666,57.613276666666664,False,260945625,,,bbce1b9c9-9c7a-dd7f-64de-c2ce4b576375,2.5,13.422508278966545,0,10,,DK00FX113
6e14559e7c008d9c2297d23b4c493d98,2025-05-07T19:36:06.000Z,2025-05-08T03:09:26.000Z,57.5207,10.7157,10.785708333333332,57.42156833333333,10.654065000000003,57.59355333333333,False,244172126,,NLD,cd5b53277-7e0d-807e-a9d7-76c676733fbc,2.267857174788203,31.477506984337374,1.197517,13,,DK00FX113
b5e15068a95ff322773dde7e32c8845a,2025-05-07T20:08:06.000Z,2025-05-08T01:58:26.000Z,57.5394,10.7073,10.841368333333321,57.46236,10.654525000000007,57.590986666666666,False,260949342,,,8164a942e-e4ed-751f-8fc1-572309c7d963,2.28000002304713,30.766588136223223,4.73971,14,,DK00FX113
25c00e6d0a260790675ae499437d98f3,2025-05-07T22:47:35.000Z,2025-05-08T03:30:21.000Z,57.5398,10.7525,10.787963333333323,57.44977333333333,10.725091666666657,57.631535,False,220072000,R177 DUEODDE,DNK,438ea858e-e541-e793-8324-1972af53ee8e,2.4091837351419487,20.98492906614438,3.543784,12,,DK00FX113
dbb358f901bfbad78ca32b6b0d00abc7,2025-05-07T22:56:25.000Z,2025-05-08T03:35:35.000Z,57.5377,10.7527,10.725943333333333,57.45047,10.783968333333334,57.62607333333333,False,220072096,,DNK,137325047-7ae7-5358-313c-89ab4fb0be0d,2.726666736602783,20.413415317713618,3.726788,9,,DK00FX113
82854cd923c3097eaf475e7274f7d233,2025-05-07T23:04:32.000Z,2025-05-08T02:39:18.000Z,57.5305,10.7221,10.669966666666667,57.467488333333336,10.754416666666666,57.57139333333333,False,244190539,,NLD,aed33b477-7547-37eb-ad4a-47f2bc982de7,2.4600000381469727,16.022954176531087,0.5979410000000001,5,,DK00FX113
2c1d2a926ad989ed807652b4a7af3211,2025-05-08T19:02:24.000Z,2025-05-09T03:26:42.000Z,57.4296,10.7312,10.715963333333333,57.33181166666667,10.767118333333332,57.51378,False,219005866,FN 72 NEBRASKA,DNK,4d50ffa58-835c-b38b-5f5d-84807d6929d5,2.661520182697053,41.04343998861484,9.387165000000001,10,,DK00FX113
0b4a190dc2d859715b654b3223464065,2025-05-08T19:08:18.000Z,2025-05-08T23:05:06.000Z,57.5572,10.6709,10.651865,57.523266666666665,10.69048,57.595495,False,219015617,FN68 FRYDENSTRAND,DNK,d4564638c-c6f0-0ff6-c16f-a07290ebe530,2.5221105496488025,16.753726621967257,1.7913679999999998,4,,DK00FX113
5acc306544dd63e34780cc894cd4b040,2025-05-08T19:16:16.000Z,2025-05-08T23:14:37.000Z,57.4189,10.7352,10.722446666666666,57.352891666666665,10.75844,57.506188333333334,False,260948906,,,7360e4a6e-e362-c6fd-0965-7795c0b6561c,3.1333333121405706,17.293713242155732,7.313953000000001,11,,DK00FX113
63f620946a11ba29a7d36704293037c6,2025-05-08T19:19:16.000Z,2025-05-08T23:18:37.000Z,57.4186,10.735,10.755441666666655,57.355365,10.722983333333332,57.50294,False,244171690,,NLD,fc09fe314-4127-dccc-6ccf-10a183fbab15,2.75,16.61447048673779,5.591957000000001,11,,DK00FX113
127121e2939a977e8bff663c41ab60ec,2025-05-08T23:26:01.000Z,2025-05-09T03:23:01.000Z,57.466,10.766,10.772249999999985,57.40857333333334,10.736628333333329,57.53718833333333,False,220072000,R177 DUEODDE,DNK,438ea858e-e541-e793-8324-1972af53ee8e,2.505649718187623,18.212508658452162,0,13,,DK00FX113
659d4557e1aae5c0396114fd51bd76ff,2025-05-09T12:21:04.000Z,2025-05-09T13:52:32.000Z,57.6796,10.5436,10.603804999999994,57.663495,10.49929800000001,57.70441,False,219008715,MITICA,DNK,8f3a59f60-0f3b-2923-1594-713509e6794c,4.644680851063831,12.506577836135694,0,6,,DK00FX113
5feac3102038bcecb869d146034c32b7,2025-05-10T18:53:24.000Z,2025-05-10T22:38:24.000Z,57.477,10.7327,10.718718333333333,57.439861666666665,10.745236666666667,57.52561166666667,False,219024715,FRU LUNDSGAARD SG 17,DNK,90127c090-07a8-9d1b-f1f7-67079141c112,2.348484864138594,15.633651075611962,3.2678409999999998,9,,DK00FX113
197e37fb32fe5ffeb96b9bf526896f7e,2025-05-10T18:57:56.000Z,2025-05-11T03:11:46.000Z,57.5407,10.7667,10.742108333333332,57.457746666666665,10.781561666666667,57.61593666666667,False,219002585,FN 4 LAERKE,DNK,705d7679a-aaae-a574-ab8a-8e0d33eced6c,2.3982608867728175,39.371679588219095,2.8571880000000003,9,,DK00FX113
66e31083884a1c18eda0be647a5ea304,2025-05-10T19:02:00.000Z,2025-05-10T22:09:13.000Z,57.4718,10.7317,10.744984999999986,57.44029166666667,10.719269999999995,57.51139666666667,False,244190539,,NLD,aed33b477-7547-37eb-ad4a-47f2bc982de7,2.4000000220078688,13.5081755211638,2.525666,10,,DK00FX113
e4053576dd6e9d8066a7c4c7a54b4b92,2025-05-10T19:05:30.000Z,2025-05-10T22:19:02.000Z,57.4737,10.7317,10.74521999999999,57.44286833333334,10.719718333333333,57.51788333333333,False,260967755,,,6bd6a5f67-75b6-7fa3-5501-3316e1a12046,2.730769230769231,13.995903501642838,2.3030500000000003,11,,DK00FX113
e83be3cbddbbe3dfafe6c4f7feff3e96,2025-05-10T19:14:16.000Z,2025-05-11T03:47:55.000Z,57.54,10.7629,10.78091333333333,57.467105,10.68457166666667,57.61443666666667,False,260945625,,,bbce1b9c9-9c7a-dd7f-64de-c2ce4b576375,2.61153848354633,38.59269338683546,1.262484,11,,DK00FX113
31b74461d53a7741de99562d06ae8402,2025-05-12T18:55:09.000Z,2025-05-12T21:46:13.000Z,57.4273,10.7355,10.773283333333325,57.40629333333333,10.685055000000006,57.45938,False,219015617,FN68 FRYDENSTRAND,DNK,d4564638c-c6f0-0ff6-c16f-a07290ebe530,2.8201680659246056,12.558683977072931,0,13,,DK00FX113
91efac6898fc68391d89d9e6bd8fb794,2025-05-12T19:02:08.000Z,2025-05-12T19:56:01.000Z,57.4701,10.7257,10.724451666666667,57.46798666666667,10.72694,57.4716,False,219024715,FRU LUNDSGAARD SG 17,DNK,90127c090-07a8-9d1b-f1f7-67079141c112,0.9652173917578614,0.8019907285411533,2.110296,7,,DK00FX113
505eaa8d642b035461565513b22e8e69,2025-05-13T21:52:49.000Z,2025-05-13T22:36:11.000Z,57.6693,10.7482,10.754314999999991,57.65502333333333,10.742639999999994,57.68414,False,219007027,EMILIA S492,DNK,3776909d3-32c0-7c99-f9b6-5f47eaa70f35,2.486046519390372,3.3136250757206582,2.102366,11,,DK00FX113
0c2aad8e4aaa8c39608a19b0b432637b,2025-05-14T03:10:21.000Z,2025-05-14T03:47:24.000Z,57.503,10.5415,10.55208833333333,57.49954833333334,10.534680000000009,57.50729,True,219006971,FN 220 IDA MARIE,DNK,3b71e97ba-a4ac-6fd8-ac1f-b3ced497dab4,1.3782608690469162,1.3653786461962223,2.636122,2,555557024;555543258;555522471,DK00FX113
441ecf6dc98c38b625770d72b30239b8,2025-05-15T19:06:50.000Z,2025-05-15T23:04:25.000Z,57.3592,10.7544,10.730153333333334,57.31481333333333,10.76964,57.428733333333334,False,220256000,CHARLOTTE P  FN 131,DNK,f9350d74d-d66f-c031-94cd-b0f227dd5a0f,2.466666669799731,17.925882509053885,11.375328999999999,9,,DK00FX113
21554ebc9f0fabd33e9a617f3ab9a74c,2025-05-15T23:16:51.000Z,2025-05-16T03:17:10.000Z,57.4349,10.7153,10.69588,57.36028,10.732561666666667,57.508586666666666,False,220256000,CHARLOTTE P  FN 131,DNK,f9350d74d-d66f-c031-94cd-b0f227dd5a0f,2.453503185017092,17.829951830934846,6.965017,11,,DK00FX113
6c8c2202a01e05bc3bfcb6f9d445732a,2025-05-18T19:05:58.000Z,2025-05-19T03:09:51.000Z,57.5201,10.7557,10.729806666666667,57.41088833333333,10.778818333333334,57.59885833333333,False,219024923,TRYGG,DNK,b93a2787f-f773-de75-6e84-c9c05b9fdb9d,2.482913174590812,37.2924409771727,2.112799,11,,DK00FX113
7cc34baffd9358e40ec9152530792ec9,2025-05-18T19:06:40.000Z,2025-05-19T03:05:32.000Z,57.5351,10.7496,10.783986666666664,57.42400333333333,10.718905000000007,57.61155333333333,False,219002585,FN 4 LAERKE,DNK,705d7679a-aaae-a574-ab8a-8e0d33eced6c,2.4386029461508296,35.54932133999243,0.598759,13,,DK00FX113
1191d4e47b5d4c16c3d87461f74457c8,2025-05-19T07:07:55.000Z,2025-05-19T16:05:06.000Z,57.4631,10.6715,10.678978333333333,57.458511666666666,10.665836666666678,57.46858666666667,False,219021235,HAVFISKEN,DNK,f770e03eb-b317-8f20-fb64-b93d0f9e4c82,0.7280000047551263,9.334987712676213,1.111949,6,,DK00FX113
6a1a817644495cb758e399ac03f6ff8d,2025-05-20T05:22:22.000Z,2025-05-20T09:41:58.000Z,57.4457,10.6689,10.673816666666653,57.442815,10.664913333333345,57.44874333333333,False,219021235,HAVFISKEN,DNK,f770e03eb-b317-8f20-fb64-b93d0f9e4c82,1.3443946211594633,10.178829020660443,3.3890569999999998,7,,DK00FX113
ef4258011c09b5c5d00585255bc17362,2025-05-20T09:11:33.000Z,2025-05-20T09:41:36.000Z,57.323,10.6608,10.699688000000009,57.319705,10.61755500000001,57.326662,False,219018409,KAJEMI,DNK,ec9ad9e22-202f-fe50-b6b8-e7846c893b22,5.050000000000001,4.991634898080116,9.669131,10,555641546,DK00FX113
fe02ee836766b7f3dccaa2b353e025a9,2025-05-20T19:07:08.000Z,2025-05-21T02:52:31.000Z,57.5421,10.6808,10.663793333333333,57.472516666666664,10.707625,57.60695,False,219024715,FRU LUNDSGAARD SG 17,DNK,90127c090-07a8-9d1b-f1f7-67079141c112,2.311261287680618,31.298336966403085,1.1958820000000001,4,,DK00FX113
cf81f91095e08d6f038c2774420abe70,2025-05-21T19:01:39.000Z,2025-05-21T23:32:29.000Z,57.601,10.6832,10.78494333333333,57.52328333333333,10.640996666666666,57.64498,False,220256000,CHARLOTTE P  FN 131,DNK,f9350d74d-d66f-c031-94cd-b0f227dd5a0f,2.4944444389054268,20.244936440934755,3.388913,11,,DK00FX113
984db00b204c2b34029a56f184488cfa,2025-05-21T19:12:02.000Z,2025-05-22T02:20:19.000Z,57.5782,10.6863,10.646906666666666,57.50046833333333,10.73222,57.63990666666667,False,219904000,KATRINE O 111,DNK,1740995e6-623a-c1a5-cb82-31c353e8c37a,2.394516121860471,31.684339013750837,2.109044,3,,DK00FX113
d4c1a373baed2da970d85741d5d96cd4,2025-05-22T11:29:20.000Z,2025-05-23T03:07:18.000Z,57.4922,10.5068,10.502658333333333,57.492075,10.507103333333333,57.494418333333336,False,219904000,KATRINE O 111,DNK,1740995e6-623a-c1a5-cb82-31c353e8c37a,0.01903945079798558,0.6886611854650433,0,1,,DK00FX113
64fb85eeccd2271246898a427ae5f286,2025-05-22T21:42:18.000Z,2025-05-22T22:51:04.000Z,57.6761,10.7405,10.757331666666659,57.65958333333333,10.730028333333337,57.695965,False,220256000,CHARLOTTE P  FN 131,DNK,f9350d74d-d66f-c031-94cd-b0f227dd5a0f,2.3851063720723418,4.572215226169549,2.6260250000000003,11,,DK00FX113
ef3174fd8e80b9edd33482552e852569,2025-05-22T23:03:56.000Z,2025-05-23T03:11:10.000Z,57.5619,10.7241,10.718933333333334,57.48121666666667,10.729161666666666,57.64905666666667,False,220256000,CHARLOTTE P  FN 131,DNK,f9350d74d-d66f-c031-94cd-b0f227dd5a0f,2.5680272099213535,18.758658542797818,1.7933320000000001,7,,DK00FX113
360de17fc3fa98c844cd422004f8b25a,2025-05-23T04:37:48.000Z,2025-05-31T16:12:14.000Z,57.4922,10.5069,10.508205000000004,57.49195666666667,10.506571666666673,57.492758333333335,False,219904000,KATRINE O 111,DNK,1740995e6-623a-c1a5-cb82-31c353e8c37a,0.0013407202085629708,3.072492838272149,0,2,,DK00FX113
c4750d3f0d94ad6771a64243fc5366fe,2025-05-23T05:15:08.000Z,2025-05-23T05:40:17.000Z,57.4329,10.6634,10.661931666666666,57.428745,10.664733333333333,57.436811666666664,False,219021235,HAVFISKEN,DNK,f770e03eb-b317-8f20-fb64-b93d0f9e4c82,1.2549999922513961,0.9113118905542192,4.605931,7,,DK00FX113
82f837b223f831566faff9a1261de4f1,2025-05-23T10:33:59.000Z,2025-05-23T11:11:42.000Z,57.5659,10.4652,10.491692999999998,57.533997,10.432915000000008,57.591468,False,219220156,S 543 TAHA,DNK,0a0df7dd4-43c4-b65d-97d8-26c779cb2248,6.5,7.441306429649871,4.487722,2,555557024;555543258;555522471,DK00FX113
13f3d091f804e3dc9cc036568eec1f40,2025-05-23T18:27:27.000Z,2025-05-24T03:46:06.000Z,57.5219,10.7575,10.693571666666667,57.441815,10.799463333333334,57.609941666666664,False,220368000,O 159 RANDI,DNK,23b776e71-126f-9ab4-62f5-3dd2f3acef61,2.704035833711849,46.71961043997323,3.3890569999999998,8,,DK00FX113
100b4a323b03497f536c6bde0f970af1,2025-05-23T19:06:33.000Z,2025-05-24T01:26:08.000Z,57.6389,10.7533,10.699313333333333,57.56073833333333,10.786373333333334,57.693468333333335,False,219005659,KAREN-PETER RS314,DNK,a79b138f3-3f7a-9e9b-2db2-fca724d8bb38,2.3647343002727634,27.935404298171832,4.6051660000000005,9,,DK00FX113
4f35e280a6f3d89aff26a6644aa35bc5,2025-05-23T19:20:38.000Z,2025-05-24T03:20:18.000Z,57.5222,10.705,10.732826666666654,57.42574166666667,10.684744999999992,57.59884,False,219013885,DORIS VENDELBO,DNK,050513a98-880a-98f7-ccc3-650614d8533f,2.6062730317626057,38.65153051417622,2.112382,10,,DK00FX113
a4ecdace7ad739288300ac8345e727e6,2025-05-23T20:50:18.000Z,2025-05-23T22:53:18.000Z,57.6324,10.7548,10.750701666666666,57.608398333333334,10.768391666666666,57.671668333333336,False,219002827,MIE MALENE,DNK,ebfa6e49a-ae0d-2f4a-a1ca-8acdc5053e03,2.0612499915063385,6.777412518265815,4.887743,14,,DK00FX113
4e60c265d7ee42beb5130784225df5f4,2025-05-24T04:44:08.000Z,2025-05-24T06:04:16.000Z,57.4863,10.5704,10.546101666666667,57.480131666666665,10.61705,57.49238666666667,True,220368000,O 159 RANDI,DNK,23b776e71-126f-9ab4-62f5-3dd2f3acef61,1.9195652059886763,4.797504067500442,1.262484,2,555557024;555538085;67881;349827;555522471;555543258,DK00FX113
bf3d45e4fda45fe3ac3c59d7419729c5,2025-05-25T04:52:46.000Z,2025-05-25T05:34:21.000Z,57.5098,10.5246,10.51976,57.505385,10.53818,57.513506666666665,True,220368000,O 159 RANDI,DNK,23b776e71-126f-9ab4-62f5-3dd2f3acef61,1.7935483955567884,2.104819586544889,2.302753,3,555543258;555557024;555522471,DK00FX113
7996fafa07266851efe1f382dea78e70,2025-05-25T19:08:59.000Z,2025-05-26T03:11:00.000Z,57.5989,10.7075,10.675916666666666,57.51678166666667,10.753226666666666,57.67312,False,220256000,CHARLOTTE P  FN 131,DNK,f9350d74d-d66f-c031-94cd-b0f227dd5a0f,2.532640946371265,36.64695361960038,0,5,,DK00FX113
e7713a65b3bfb343b0d331f6e8bc7c75,2025-05-25T19:09:57.000Z,2025-05-26T02:50:06.000Z,57.5751,10.6869,10.66394,57.50780833333334,10.735095,57.63675166666667,False,219024715,FRU LUNDSGAARD SG 17,DNK,90127c090-07a8-9d1b-f1f7-67079141c112,2.585084748470177,32.12917503442806,1.194573,4,,DK00FX113
2e17fd70667926e4f791ffe6fdf61742,2025-05-25T19:23:08.000Z,2025-05-26T02:46:00.000Z,57.5297,10.7283,10.702005,57.453265,10.764525,57.596668333333334,False,219006301,FN 308 HELLE LOTTE,DNK,64130f509-9c27-c779-f4bc-cbfaa9ae6e0b,2.277551086328063,31.086908141021485,2.525201,8,,DK00FX113
d92f25f5830dc8a5fe4fa7997f225628,2025-05-25T19:27:13.000Z,2025-05-25T23:05:56.000Z,57.4721,10.7633,10.7311,57.40488166666667,10.788946666666666,57.53724833333333,False,219004119,FN 408 KENJA,DNK,a66a343a0-067b-549a-e066-e3fbe976aadd,2.3092105169045296,15.549614626156048,2.6414630000000003,12,,DK00FX113
a0c98e0d517f12a402ba4716cc10ee35,2025-05-25T23:21:02.000Z,2025-05-26T02:56:17.000Z,57.4745,10.7661,10.73612,57.418886666666666,10.791671666666666,57.542385,False,219004119,FN 408 KENJA,DNK,a66a343a0-067b-549a-e066-e3fbe976aadd,2.265467642665768,14.15038865870145,1.197517,11,,DK00FX113
fad0740b2cf033e25a98b843ab9830ad,2025-05-26T17:04:24.000Z,2025-05-26T17:58:55.000Z,57.624,10.7601,10.74574,57.57745833333333,10.778498333333333,57.661595,False,220359000,SARAH KAJGAARD,DNK,cd281e305-5a5e-9406-1f34-d572865ff7f1,5.69999999585359,9.559131968893322,7.568633,13,,DK00FX113
4389f47a7178e0002e7b4ae94d6ddf08,2025-05-26T19:01:39.000Z,2025-05-27T03:36:54.000Z,57.5403,10.7667,10.793591666666657,57.44621,10.731998333333337,57.620495,False,220368000,O 159 RANDI,DNK,23b776e71-126f-9ab4-62f5-3dd2f3acef61,2.563999973403082,40.34337009521332,3.543784,12,,DK00FX113
637f9b9d1732aa41ae5f88c859c138df,2025-05-26T19:04:00.000Z,2025-05-27T03:09:04.000Z,57.4076,10.7469,10.773416666666662,57.31431,10.728876666666679,57.50278333333333,False,220256000,CHARLOTTE P  FN 131,DNK,f9350d74d-d66f-c031-94cd-b0f227dd5a0f,2.538839278343532,37.19900882824112,9.077929,7,,DK00FX113
8438073e798e86d531ac49cd508858c7,2025-05-26T19:14:14.000Z,2025-05-27T02:45:47.000Z,57.5389,10.6824,10.667146666666667,57.45643666666667,10.704036666666667,57.604618333333335,False,219024715,FRU LUNDSGAARD SG 17,DNK,90127c090-07a8-9d1b-f1f7-67079141c112,2.3880000143051148,31.682943343028896,1.262562,5,,DK00FX113
ad975b73eeab5498de2cb83a4c343da3,2025-05-26T19:21:43.000Z,2025-05-27T02:35:24.000Z,57.5119,10.75,10.724853333333334,57.429535,10.795695,57.57239,False,219006301,FN 308 HELLE LOTTE,DNK,64130f509-9c27-c779-f4bc-cbfaa9ae6e0b,2.283011621950218,30.381717078639454,2.6402759999999996,10,,DK00FX113
c3b6ea34a260d6af0f2240d6d2850992,2025-05-26T19:27:30.000Z,2025-05-27T02:11:00.000Z,57.542,10.681,10.700746666666674,57.455675,10.658643333333345,57.607126666666666,False,219005659,KAREN-PETER RS314,DNK,a79b138f3-3f7a-9e9b-2db2-fca724d8bb38,2.3674033165636637,29.579676267807738,1.6330820000000001,7,,DK00FX113
2a5114b85924ef6422f5c4b7415fd41d,2025-05-27T19:07:55.000Z,2025-05-27T23:12:55.000Z,57.5699,10.719,10.750758333333323,57.492625,10.675831666666681,57.64122166666667,False,219005659,KAREN-PETER RS314,DNK,a79b138f3-3f7a-9e9b-2db2-fca724d8bb38,2.488271607155049,18.955559032956906,1.195227,9,,DK00FX113
bd4b42bf77fb86c03137176d1cabd56b,2025-05-27T19:10:16.000Z,2025-05-28T02:39:59.000Z,57.5427,10.7092,10.730336666666659,57.475541666666665,10.685741666666672,57.60854333333333,False,219024715,FRU LUNDSGAARD SG 17,DNK,90127c090-07a8-9d1b-f1f7-67079141c112,2.4078947449089005,31.448899891948553,2.3911089999999997,8,,DK00FX113
092ef14fa06e5cc2ea5000b4acc01255,2025-05-27T19:14:43.000Z,2025-05-27T22:39:04.000Z,57.3895,10.7638,10.747258333333333,57.313615,10.778661666666666,57.451701666666665,False,220256000,CHARLOTTE P  FN 131,DNK,f9350d74d-d66f-c031-94cd-b0f227dd5a0f,2.5252747132882964,15.801559592420618,10.271213,8,,DK00FX113
678ee9bf949b07c5ea632aebaf5750b1,2025-05-27T23:01:11.000Z,2025-05-28T02:52:41.000Z,57.3991,10.7581,10.771468333333331,57.316093333333335,10.744740000000007,57.464335,False,220256000,CHARLOTTE P  FN 131,DNK,f9350d74d-d66f-c031-94cd-b0f227dd5a0f,2.3924528416597615,17.276468703471565,9.278793,8,,DK00FX113
cd0116b68ee221c2639739f69e76a2e4,2025-05-27T23:32:18.000Z,2025-05-28T00:40:17.000Z,57.6086,10.6906,10.720061666666652,57.597348333333336,10.654283333333325,57.625346666666665,False,219005659,KAREN-PETER RS314,DNK,a79b138f3-3f7a-9e9b-2db2-fca724d8bb38,2.4767442082249844,5.237057637178481,4.793153,12,,DK00FX113
ba8940c383a64bb04c25b88a54d3d9f0,2025-05-27T23:38:01.000Z,2025-05-28T02:51:55.000Z,57.4324,10.7652,10.778556666666674,57.37327,10.757921666666675,57.48888,False,219004119,FN 408 KENJA,DNK,a66a343a0-067b-549a-e066-e3fbe976aadd,2.207826086360475,13.225088677848708,4.487984,11,,DK00FX113
dc21188789acfe8099302b2efb3270a0,2025-05-28T19:16:31.000Z,2025-05-28T23:10:19.000Z,57.3995,10.7567,10.764106666666663,57.322761666666665,10.753891666666675,57.46196333333334,False,219004119,FN 408 KENJA,DNK,a66a343a0-067b-549a-e066-e3fbe976aadd,2.1999999876170198,15.286227064173753,9.862896000000001,8,,DK00FX113
296f4031831bf140858a2747b52ed719,2025-05-28T19:31:28.000Z,2025-05-29T02:20:30.000Z,57.5204,10.7634,10.785844999999995,57.44573166666667,10.727695000000011,57.584138333333335,False,219002585,FN 4 LAERKE,DNK,705d7679a-aaae-a574-ab8a-8e0d33eced6c,2.4316062284874795,30.429207728639817,3.543784,12,,DK00FX113
704ff05dea2eb40f243fbc7a20a9913f,2025-05-28T23:22:28.000Z,2025-05-29T02:54:37.000Z,57.3847,10.7594,10.75621,57.323143333333334,10.763526666666667,57.45423666666667,False,219004119,FN 408 KENJA,DNK,a66a343a0-067b-549a-e066-e3fbe976aadd,2.2703390015383893,14.849171734309854,9.862896000000001,8,,DK00FX113
6cec53046f3eddcfcd4bec012423b0b6,2025-05-29T05:22:36.000Z,2025-05-29T06:01:39.000Z,57.51,10.5486,10.55342833333333,57.50669833333333,10.545163333333335,57.51291833333333,True,219006113,A300 MARIE SKOV,DNK,a9c4fabe5-583b-5c37-5504-9597ee5ee518,0.9866666674613952,0.8919863258167594,3.2644859999999998,3,555557024;555543258;555522471,DK00FX113
13ee389e775f8f6d9ccbdb178b1e2094,2025-05-29T15:48:26.000Z,2025-05-29T16:46:26.000Z,57.3006,10.5841,10.633231999999992,57.265878,10.545501999999999,57.326813,False,219220156,S 543 TAHA,DNK,0a0df7dd4-43c4-b65d-97d8-26c779cb2248,4.6818181818181825,8.6509623003495,8.587287,6,555641546,DK00FX113
8ff5f6fdb652da50ae935049c4876ed1,2025-05-29T22:03:00.000Z,2025-05-29T22:38:29.000Z,57.6353,10.7297,10.719721666666667,57.62565166666667,10.737591666666667,57.646503333333335,False,220345000,SG115 CECILIE MATHIL,DNK,58b5fd79c-c1e1-ab38-017b-ed3345596621,2.4095238276890343,2.585880120725173,2.103619,13,,DK00FX113
511652ade66882dca2554015aac3e765,2025-05-30T00:00:05.000Z,2025-05-30T00:27:16.000Z,57.6729,10.7485,10.745236666666667,57.66263,10.752078333333333,57.68329,False,220345000,SG115 CECILIE MATHIL,DNK,58b5fd79c-c1e1-ab38-017b-ed3345596621,2.768421047612241,2.3335085577920607,2.102366,11,,DK00FX113
d3a0c5b81ad16f4ad61010b85d55a006,2025-05-30T19:34:41.000Z,2025-05-31T03:33:09.000Z,57.4244,10.7362,10.794864999999987,57.34569,10.693635,57.50033833333333,False,220278000,A 321 HENRIETTE DUE,DNK,26d5d36d3-35c9-78be-806c-8b22890708eb,2.5986363589763646,37.84017658119015,6.778547,9,,DK00FX113
febd13123648edabdcf46522931ead4f,2025-05-31T11:38:27.000Z,2025-05-31T13:15:21.000Z,57.2988,10.5871,10.661935,57.241303,10.541073000000011,57.333405,False,219220156,S 543 TAHA,DNK,0a0df7dd4-43c4-b65d-97d8-26c779cb2248,4.300000000000002,12.675029287478361,12.335220999999999,7,555556912;555641546;555543150;555790713,DK00FX113
05bae9315da114bac734fd9f9b78cedd,2025-05-31T19:21:07.000Z,2025-05-31T23:59:48.000Z,57.4724,10.7133,10.688511666666667,57.378165,10.745921666666666,57.53748,False,219005659,KAREN-PETER RS314,DNK,a79b138f3-3f7a-9e9b-2db2-fca724d8bb38,2.3759036365761808,20.716266441258988,5.839861,10,,DK00FX113
e0959be99b55e8bff7b798d56be3a028,2025-05-31T19:23:00.000Z,2025-06-01T02:42:01.000Z,57.4755,10.7512,10.693053333333333,57.392405,10.796333333333333,57.535376666666664,False,219024715,FRU LUNDSGAARD SG 17,DNK,90127c090-07a8-9d1b-f1f7-67079141c112,2.377399431847197,31.626347251363832,5.283518,10,,DK00FX113
a1f10ec565e46977c123d1bbd560cd56,2025-06-01T00:26:14.000Z,2025-06-01T02:40:02.000Z,57.4549,10.7031,10.679821666666667,57.42959333333334,10.743095,57.49668333333333,False,219005659,KAREN-PETER RS314,DNK,a79b138f3-3f7a-9e9b-2db2-fca724d8bb38,2.2639175512127037,9.547130498506558,4.447797,8,,DK00FX113
718df40c0c27f2d73a89a85b55db15c3,2025-06-01T03:53:29.000Z,2025-06-01T05:57:21.000Z,57.6802,10.3286,10.333686666666665,57.678983333333335,10.301478333333336,57.686825,False,219004596,RS 64 ELSE,DNK,488cffdeb-be71-3d73-2acf-35f6d31bb4c4,0.5951807200908661,2.1786465601517615,11.643958000000001,2,555557161;555522470,DK00FX113
3db548bec3181ebbd6cdfe9d053d21e1,2025-06-01T10:04:55.000Z,2025-06-01T11:32:18.000Z,57.6796,10.3369,10.338288333333338,57.677459999999996,10.335786666666678,57.68014333333333,False,219004596,RS 64 ELSE,DNK,488cffdeb-be71-3d73-2acf-35f6d31bb4c4,0.32553191752509864,0.6404183524960672,11.351207,2,555522470;555557161,DK00FX113
9595c4959df95f84a54fcec2f5e35296,2025-06-01T10:17:48.000Z,2025-06-18T01:16:11.000Z,57.4379,10.5531,10.553633333333323,57.4376,10.552449999999993,57.438916666666664,False,257180000,BOMMELBAS,NOR,5069b8f8f-fb29-e20b-f96c-e028ee2ef977,0.0006310381538246026,7.217654686160085,0,1,,DK00FX113
04917ebac3f85e54c085b9a99aff566e,2025-06-01T19:16:56.000Z,2025-06-02T00:03:24.000Z,57.462,10.693,10.67495,57.42031333333333,10.71838,57.532091666666666,False,219005659,KAREN-PETER RS314,DNK,a79b138f3-3f7a-9e9b-2db2-fca724d8bb38,2.3413265352042365,20.769284480351384,5.388828,8,,DK00FX113
b21a5c2b7e18e4cc80b4276450cf51dc,2025-06-01T19:25:03.000Z,2025-06-02T02:50:31.000Z,57.5668,10.6903,10.649508333333333,57.498095,10.733258333333334,57.62149333333333,False,219006301,FN 308 HELLE LOTTE,DNK,64130f509-9c27-c779-f4bc-cbfaa9ae6e0b,2.3017065122774434,31.320981129141728,2.109044,3,,DK00FX113
2a681da86479744a3ce863190cb4e8a0,2025-06-01T19:27:04.000Z,2025-06-02T02:42:00.000Z,57.5375,10.6735,10.645141666666667,57.47121,10.714073333333333,57.598773333333334,False,219024715,FRU LUNDSGAARD SG 17,DNK,90127c090-07a8-9d1b-f1f7-67079141c112,2.375000014691283,30.195642562816552,1.7938230000000002,4,,DK00FX113
7e1eaa6c4b6f003f89bae9ab4fc4f8f4,2025-06-02T00:38:48.000Z,2025-06-02T02:31:10.000Z,57.4764,10.6744,10.68830166666666,57.447993333333336,10.658275000000003,57.498345,False,219005659,KAREN-PETER RS314,DNK,a79b138f3-3f7a-9e9b-2db2-fca724d8bb38,2.2650793658362494,8.203374647025713,2.302923,7,,DK00FX113
f2473909f4093c1dc936be0a7cd843cc,2025-06-02T19:15:02.000Z,2025-06-03T04:22:19.000Z,57.5408,10.7079,10.628595,57.46330833333333,10.734055,57.6221,False,220368000,O 159 RANDI,DNK,23b776e71-126f-9ab4-62f5-3dd2f3acef61,2.5623824418899046,43.10427565406893,2.30288,4,67881;555522471;349827;555543258;555557024;555538085,DK00FX113
2976952244204acbeb356a65df135111,2025-06-02T19:19:08.000Z,2025-06-03T02:26:38.000Z,57.5566,10.6461,10.632241666666667,57.48910166666667,10.663648333333333,57.62083833333333,False,219024715,FRU LUNDSGAARD SG 17,DNK,90127c090-07a8-9d1b-f1f7-67079141c112,2.391561192299241,29.741577433575742,1.2624069999999998,3,,DK00FX113
6abf820cab6b1386384e22e8d0c323b9,2025-06-02T19:23:11.000Z,2025-06-03T02:37:21.000Z,57.5931,10.7143,10.799939999999992,57.514808333333335,10.64210833333334,57.64523,False,219024923,TRYGG,DNK,b93a2787f-f773-de75-6e84-c9c05b9fdb9d,2.636250008270146,34.81191424349855,2.856264,12,,DK00FX113
bfcd381f269b1eed7b05967ed635f515,2025-06-02T19:25:16.000Z,2025-06-03T03:15:06.000Z,57.5504,10.6922,10.656625,57.47255,10.727673333333334,57.61713833333334,False,219001522,SOREN STRANDBY,DNK,56e82f0b6-6312-ba1d-a4e2-6c8834dbd3d8,2.4952681191524113,35.85682759445893,1.1958820000000001,4,,DK00FX113
2a8537a4ee35969152e685c01fa34cf9,2025-06-02T19:27:22.000Z,2025-06-03T02:24:16.000Z,57.5208,10.6842,10.640518333333333,57.42726666666667,10.732693333333334,57.593781666666665,False,219006301,FN 308 HELLE LOTTE,DNK,64130f509-9c27-c779-f4bc-cbfaa9ae6e0b,2.373003851749823,30.211953813386128,4.788761999999999,6,,DK00FX113
a1991adedf368d1554fbbacbe6948047,2025-06-02T19:28:45.000Z,2025-06-03T03:02:10.000Z,57.5918,10.7003,10.636498333333334,57.499898333333334,10.747856666666667,57.656155,False,220256000,CHARLOTTE P  FN 131,DNK,f9350d74d-d66f-c031-94cd-b0f227dd5a0f,2.440624997345732,33.70518947393,2.524736,2,,DK00FX113
cbc9373e33be84cd2a82fd0dda523301,2025-06-02T19:29:58.000Z,2025-06-03T03:33:36.000Z,57.5373,10.6923,10.646753333333333,57.47295833333333,10.719596666666666,57.601258333333334,False,219007036,MUSSE,DNK,2f46b5073-3485-ba8a-5011-22aed77145de,2.4226804272722946,35.73475814601007,1.7938230000000002,4,,DK00FX113
a626ebe97db118079926448fc855d99a,2025-06-02T20:15:00.000Z,2025-06-03T02:57:53.000Z,57.6126,10.7211,10.666066666666667,57.503433333333334,10.848395,57.71823166666667,False,219904000,KATRINE O 111,DNK,1740995e6-623a-c1a5-cb82-31c353e8c37a,2.4566552722413397,30.33481402744411,1.262252,4,,DK00FX113
9bd0c8f3dad4d0121913b52797c804f7,2025-06-03T03:57:51.000Z,2025-06-03T04:30:20.000Z,57.5066,10.53,10.528823333333333,57.500985,10.533458333333334,57.51247,True,220256000,CHARLOTTE P  FN 131,DNK,f9350d74d-d66f-c031-94cd-b0f227dd5a0f,1.4480000066757204,1.3556980803952055,1.632363,3,555557024;555543258;555522471,DK00FX113
9763f7f15a4f0aae14fde636ecedacbb,2025-06-03T04:59:44.000Z,2025-06-03T06:10:28.000Z,57.5366,10.5621,10.56447833333334,57.528551666666665,10.559513333333342,57.544488333333334,True,219006113,A300 MARIE SKOV,DNK,a9c4fabe5-583b-5c37-5504-9597ee5ee518,0.8266666637526617,1.7870227692454193,5.357394,4,555557024;555543258;555522471,DK00FX113
5630206faa87e795ca0c028db3b1e56b,2025-06-03T19:29:31.000Z,2025-06-04T03:05:12.000Z,57.542,10.6865,10.659598333333333,57.472075,10.73128,57.61137,False,219001522,SOREN STRANDBY,DNK,56e82f0b6-6312-ba1d-a4e2-6c8834dbd3d8,2.4462046305043468,34.15796072099614,1.1958820000000001,4,,DK00FX113
4543f9652589a40f32c36964b1ff5ccf,2025-06-03T19:30:01.000Z,2025-06-04T02:39:15.000Z,57.5861,10.6671,10.723246666666654,57.50989166666667,10.639678333333336,57.64666666666667,False,220256000,CHARLOTTE P  FN 131,DNK,f9350d74d-d66f-c031-94cd-b0f227dd5a0f,2.5547619027396054,33.08322666427025,2.389145,7,,DK00FX113
d058635a6213d2b8ed534f126aa9ee4e,2025-06-03T19:34:57.000Z,2025-06-04T02:50:00.000Z,57.5623,10.6814,10.72743166666666,57.48860833333333,10.649581666666677,57.61709666666667,False,219013885,DORIS VENDELBO,DNK,050513a98-880a-98f7-ccc3-650614d8533f,2.4350931835100518,32.45625578578709,2.390454,8,,DK00FX113
748675465e3c5831e2445c9a38005062,2025-06-03T19:38:37.000Z,2025-06-04T03:03:19.000Z,57.5934,10.6837,10.743955,57.513145,10.629750000000001,57.65568666666667,False,219005956,STEPHANIE DALSOE,DNK,55d89b91d-d45c-b1c5-7535-608cc4d7d592,2.454828687081827,33.34165814283015,2.856264,8,,DK00FX113
e1c9b6c6392366acfde184bad620c344,2025-06-04T03:25:08.000Z,2025-06-04T04:30:15.000Z,57.4959,10.5309,10.527015,57.489871666666666,10.533756666666667,57.5022,True,220256000,CHARLOTTE P  FN 131,DNK,f9350d74d-d66f-c031-94cd-b0f227dd5a0f,0.7155555592642889,1.4045166915911738,1.195227,2,67881;555522471;555543258;555538085;555557024,DK00FX113
42bbba6d4ef6b22a481dd9c967b80912,2025-06-04T03:49:17.000Z,2025-06-04T04:20:04.000Z,57.5086,10.547,10.56583333333333,57.505858333333336,10.537260000000003,57.51295666666667,True,219013885,DORIS VENDELBO,DNK,050513a98-880a-98f7-ccc3-650614d8533f,2.014285703500112,1.8863340495420187,4.2185060000000005,2,555522471;555557024;555543258,DK00FX113
506bc3ddb6504ccbeb423960c59fe2e5,2025-06-04T04:07:45.000Z,2025-06-04T04:51:59.000Z,57.5069,10.5476,10.552301666666665,57.50380333333333,10.544116666666667,57.51098833333333,True,219005956,STEPHANIE DALSOE,DNK,55d89b91d-d45c-b1c5-7535-608cc4d7d592,0.9562499998137354,1.1041827110036577,2.636122,2,555557024;555543258;555522471,DK00FX113
08c00df19f372798c7be86c10e07a5fd,2025-06-04T19:04:09.000Z,2025-06-05T02:43:31.000Z,57.6223,10.6767,10.632793333333334,57.542615,10.748375,57.68159166666667,False,220256000,CHARLOTTE P  FN 131,DNK,f9350d74d-d66f-c031-94cd-b0f227dd5a0f,2.479256956938989,34.58615630199359,3.7221930000000003,5,,DK00FX113
1b9e2a536f87a405e8093acdd70ceee7,2025-06-04T19:04:12.000Z,2025-06-05T02:53:15.000Z,57.4848,10.7459,10.777164999999997,57.393345,10.705360000000013,57.55784833333333,False,220072000,R177 DUEODDE,DNK,438ea858e-e541-e793-8324-1972af53ee8e,2.5420849056605213,36.73247953752425,2.303178,13,,DK00FX113
f45f3cb5816577130cff3897c89254bd,2025-06-04T19:06:31.000Z,2025-06-05T02:47:59.000Z,57.5644,10.6877,10.743539999999996,57.488256666666665,10.649368333333342,57.61579666666667,False,219007036,MUSSE,DNK,2f46b5073-3485-ba8a-5011-22aed77145de,2.23783782066986,31.058403001246038,1.7928410000000001,8,,DK00FX113
8edaf5c632db096856b9b112b3523574,2025-06-04T19:08:28.000Z,2025-06-04T23:18:44.000Z,57.5798,10.647,10.610121666666666,57.51147,10.676738333333333,57.621045,False,219005659,KAREN-PETER RS314,DNK,a79b138f3-3f7a-9e9b-2db2-fca724d8bb38,2.2859155012058543,17.644953602645355,3.388941,2,,DK00FX113
d2086d0fb2c53067d1fd99c35edbb99b,2025-06-04T19:22:55.000Z,2025-06-04T22:47:04.000Z,57.5817,10.6902,10.654225,57.517543333333336,10.748816666666666,57.62923,False,219002585,FN 4 LAERKE,DNK,705d7679a-aaae-a574-ab8a-8e0d33eced6c,2.3717557212323626,14.981184070662179,1.7913679999999998,4,,DK00FX113
360b4d3b55516ba4bd964770fe872f06,2025-06-04T19:22:58.000Z,2025-06-05T02:32:19.000Z,57.5436,10.6447,10.625988333333334,57.480095,10.682081666666667,57.607955,False,219024715,FRU LUNDSGAARD SG 17,DNK,90127c090-07a8-9d1b-f1f7-67079141c112,2.324436122313477,29.7830597743311,0.597777,3,,DK00FX113
57c88e12926c7e2ce18f8a2870e8d9f1,2025-06-04T19:23:26.000Z,2025-06-05T03:01:11.000Z,57.5603,10.694,10.739641666666671,57.47759666666666,10.659566666666677,57.62034833333333,False,219001522,SOREN STRANDBY,DNK,56e82f0b6-6312-ba1d-a4e2-6c8834dbd3d8,2.522857144711509,35.18681285119604,1.7933320000000001,8,,DK00FX113
9db96215008bfac566c0291d2c3960be,2025-06-04T19:25:15.000Z,2025-06-04T22:50:07.000Z,57.6009,10.6897,10.642113333333333,57.540615,10.77064,57.650706666666665,False,219024923,TRYGG,DNK,b93a2787f-f773-de75-6e84-c9c05b9fdb9d,2.6363013815389915,16.539898781574333,3.263048,5,,DK00FX113
cd48e3a5090d9ba5e4737e6d81008bb1,2025-06-04T19:39:36.000Z,2025-06-04T23:12:53.000Z,57.5623,10.6469,10.633041666666667,57.5247,10.694635,57.59439666666667,False,219006301,FN 308 HELLE LOTTE,DNK,64130f509-9c27-c779-f4bc-cbfaa9ae6e0b,2.1908497215291254,14.464913311216426,2.985612,3,,DK00FX113
866cf31278f5445fe62e67cf70d9b57a,2025-06-04T23:23:50.000Z,2025-06-05T02:37:13.000Z,57.5595,10.6594,10.631843333333334,57.523786666666666,10.70928,57.59622,False,219006301,FN 308 HELLE LOTTE,DNK,64130f509-9c27-c779-f4bc-cbfaa9ae6e0b,2.2485294414355472,13.627634559908598,2.985612,3,,DK00FX113
de87606a039224afedf16cdde20c3ddb,2025-06-04T23:39:35.000Z,2025-06-05T02:45:15.000Z,57.5287,10.6396,10.619088333333334,57.48251,10.675643333333333,57.583958333333335,False,219005659,KAREN-PETER RS314,DNK,a79b138f3-3f7a-9e9b-2db2-fca724d8bb38,2.1200000081956385,12.566746266866367,0,3,,DK00FX113
042de469b702415a4dc33d1cb0aef68f,2025-06-05T03:11:04.000Z,2025-06-05T03:32:24.000Z,57.4866,10.5881,10.604389999999995,57.483075,10.57304666666667,57.490275,True,219005659,KAREN-PETER RS314,DNK,a79b138f3-3f7a-9e9b-2db2-fca724d8bb38,3.011111127005683,2.0393318168109946,1.195554,2,67881;555522471;555557024;555538085;555543258;349827,DK00FX113
2f7264bd051c856284819fdf73161ff1,2025-06-05T03:37:37.000Z,2025-06-05T04:05:01.000Z,57.501,10.5323,10.531591666666667,57.498535,10.532875,57.50360333333333,True,220256000,CHARLOTTE P  FN 131,DNK,f9350d74d-d66f-c031-94cd-b0f227dd5a0f,0.6894736854653611,0.5549261729487209,1.632363,3,555543258;555557024;555522471,DK00FX113
9d9297cde9e5fc99a97f0fb0f30a089a,2025-06-05T03:48:46.000Z,2025-06-05T04:12:39.000Z,57.4963,10.5351,10.53628333333333,57.49356,10.533823333333345,57.499023333333334,True,219005659,KAREN-PETER RS314,DNK,a79b138f3-3f7a-9e9b-2db2-fca724d8bb38,0.7615384642894452,0.625631537004023,1.7928410000000001,2,67881;555522471;555538085;555557024;555543258,DK00FX113
9e7a6dbd8ed9b8f838d7253cfd84f129,2025-06-05T04:28:57.000Z,2025-06-05T05:17:10.000Z,57.5169,10.542,10.539163333333333,57.512341666666664,10.545048333333334,57.522243333333336,True,220368000,O 159 RANDI,DNK,23b776e71-126f-9ab4-62f5-3dd2f3acef61,1.0999999990065894,1.4307756600157069,2.856264,3,555543258;555522471;555557024,DK00FX113
13bcb6029c6abaaead0e81c026e5fc7c,2025-06-05T19:10:15.000Z,2025-06-06T02:41:11.000Z,57.3946,10.7508,10.767461666666662,57.31421,10.730073333333337,57.466566666666665,False,220256000,CHARLOTTE P  FN 131,DNK,f9350d74d-d66f-c031-94cd-b0f227dd5a0f,2.46553191726512,32.893638447891156,9.077929,7,,DK00FX113
7c262949ac289da9098fbeaed70b70bd,2025-06-05T19:17:03.000Z,2025-06-06T02:27:15.000Z,57.5556,10.6592,10.63153,57.50821333333333,10.718048333333334,57.59182,False,219006301,FN 308 HELLE LOTTE,DNK,64130f509-9c27-c779-f4bc-cbfaa9ae6e0b,2.286267646103045,30.218016269501305,2.986431,2,,DK00FX113
49da074b45877da0cfe8d013c0fee025,2025-06-05T19:20:45.000Z,2025-06-05T22:38:14.000Z,57.4008,10.7344,10.74155833333333,57.33748833333333,10.720550000000003,57.465555,False,219002585,FN 4 LAERKE,DNK,705d7679a-aaae-a574-ab8a-8e0d33eced6c,2.3979999655485145,14.640038135958696,7.988721,10,,DK00FX113
fb8dfb5adce6d2a1ef84a43768d87866,2025-06-05T19:23:42.000Z,2025-06-06T03:05:23.000Z,57.4101,10.756,10.683796666666666,57.37381833333333,10.83705,57.45005,False,219006971,FN 220 IDA MARIE,DNK,3b71e97ba-a4ac-6fd8-ac1f-b3ced497dab4,2.427924544069001,34.1457380248893,6.990705,10,,DK00FX113
d4c709caf488ac9dd35e490bbd29228a,2025-06-05T19:25:26.000Z,2025-06-05T22:49:06.000Z,57.3966,10.7537,10.7445,57.33335666666667,10.759698333333333,57.45978,False,219024923,TRYGG,DNK,b93a2787f-f773-de75-6e84-c9c05b9fdb9d,2.50873785632328,15.203443022603395,9.075627,10,,DK00FX113
f789d02eb7e27aa00074089b5fb1f9c2,2025-06-05T19:32:40.000Z,2025-06-06T02:26:46.000Z,57.5579,10.6504,10.627361666666667,57.481633333333335,10.68771,57.61413,False,219024715,FRU LUNDSGAARD SG 17,DNK,90127c090-07a8-9d1b-f1f7-67079141c112,2.3886639954831455,28.999838927793377,0.597777,3,,DK00FX113
49edf4f3e685ac9d4807ce9a235f73cf,2025-06-05T19:40:53.000Z,2025-06-05T23:29:08.000Z,57.4432,10.7576,10.738936666666667,57.401655,10.777198333333333,57.48500833333333,False,220359000,SARAH KAJGAARD,DNK,cd281e305-5a5e-9406-1f34-d572865ff7f1,2.604807682908497,18.01274189753905,2.113216,12,,DK00FX113
ccce6dc9963133161d9db37b91483748,2025-06-05T19:48:51.000Z,2025-06-05T22:40:09.000Z,57.5945,10.6819,10.659683333333334,57.53898,10.733403333333333,57.63905166666667,False,220072000,R177 DUEODDE,DNK,438ea858e-e541-e793-8324-1972af53ee8e,2.519999956516992,13.046798862801342,2.5241160000000002,6,,DK00FX113
65dcd02d9caf078674640eaf9ca9b6e3,2025-06-05T21:03:04.000Z,2025-06-05T23:06:23.000Z,57.411,10.7377,10.723955,57.368761666666664,10.748076666666666,57.44781833333333,False,219004119,FN 408 KENJA,DNK,a66a343a0-067b-549a-e066-e3fbe976aadd,2.362264187830799,8.9334770517414,5.362871,12,,DK00FX113
de61e5d1f4ba11dc880c4b91bed0ccfd,2025-06-05T22:51:51.000Z,2025-06-06T02:29:13.000Z,57.4275,10.763,10.771723333333341,57.34773833333333,10.745020000000011,57.49272166666667,False,219002585,FN 4 LAERKE,DNK,705d7679a-aaae-a574-ab8a-8e0d33eced6c,2.403603598341212,16.31469729592015,6.671696,10,,DK00FX113
8337ee78482a4e0bdf5f2d287707208b,2025-06-05T23:02:43.000Z,2025-06-06T02:55:57.000Z,57.5174,10.759,10.788026666666667,57.438921666666666,10.728216666666668,57.59673166666666,False,220072000,R177 DUEODDE,DNK,438ea858e-e541-e793-8324-1972af53ee8e,2.6045800957060954,18.290692038947142,2.525666,13,,DK00FX113
f24f4df6eddb28c5932e69e05c4d9997,2025-06-05T23:11:34.000Z,2025-06-05T23:59:24.000Z,57.6817,10.7612,10.759333333333334,57.666333333333334,10.763,57.698166666666665,False,220339000,R 60 TASMANIA,DNK,0c5531614-4e53-9e25-a5c6-c9aa2aa4ffd6,2.4151515888445303,3.5520122254621844,2.3786590000000003,10,,DK00FX113
80afbb99d8e0e348fd9183d5dd4757c9,2025-06-05T23:20:10.000Z,2025-06-05T23:55:25.000Z,57.4536,10.7335,10.724946666666666,57.4467,10.740911666666667,57.45966,False,219004119,FN 408 KENJA,DNK,a66a343a0-067b-549a-e066-e3fbe976aadd,2.005555546945996,1.2230089776668334,3.266403,8,,DK00FX113
5c6271aed27994c2d072e0760b93c12b,2025-06-05T23:38:57.000Z,2025-06-06T02:27:49.000Z,57.5362,10.7486,10.764004999999997,57.49524,10.733203333333336,57.565666666666665,False,220359000,SARAH KAJGAARD,DNK,cd281e305-5a5e-9406-1f34-d572865ff7f1,2.5232142609144947,13.086700842179694,1.262329,9,,DK00FX113
9040fc2475e20084d468f2488477b2d9,2025-06-06T04:50:42.000Z,2025-06-06T05:19:46.000Z,57.5176,10.5378,10.538256666666655,57.5152,10.537591666666657,57.5203,True,220368000,O 159 RANDI,DNK,23b776e71-126f-9ab4-62f5-3dd2f3acef61,0.6437499914318323,0.57512934035434,3.786756,4,555557024;555543258;555522471,DK00FX113
87127deee739752f20e770fb9347b153,2025-06-06T19:54:01.000Z,2025-06-07T03:13:59.000Z,57.4273,10.747,10.730135,57.333115,10.775601666666667,57.489351666666664,False,220349000,FN 422 LINA T,DNK,78716bdbe-eae3-1939-1d88-b28723752b4d,2.6905027871025338,35.7238863806315,9.213222,10,,DK00FX113
9d9d0a25dd880dea9051913067ca1403,2025-06-06T22:20:07.000Z,2025-06-06T22:51:06.000Z,57.6514,10.7285,10.730243333333334,57.64060166666667,10.723688333333342,57.662863333333334,False,220138000,FN75 NICOLINE,DNK,4bfb9a737-7cff-afca-ac3d-2c633b8544ee,2.636363630945033,2.5318046977086253,2.3806260000000004,12,,DK00FX113
4a00060aebcc9b76f7e208b6ef3bac4d,2025-06-07T18:50:53.000Z,2025-06-08T02:23:03.000Z,57.5247,10.6893,10.751006666666655,57.452645,10.656329999999997,57.586195000000004,False,219024715,FRU LUNDSGAARD SG 17,DNK,90127c090-07a8-9d1b-f1f7-67079141c112,2.331071459714856,32.03678509926273,3.389115,10,,DK00FX113
637b9b6d678aac3af620f6314266477b,2025-06-07T19:25:46.000Z,2025-06-07T23:10:09.000Z,57.5185,10.7581,10.786756666666662,57.43118833333333,10.72753666666668,57.58929166666667,False,220072000,R177 DUEODDE,DNK,438ea858e-e541-e793-8324-1972af53ee8e,2.621804512533029,18.112670195579096,1.6340400000000002,13,,DK00FX113
af9e193e2ccd29846426323a50b5f4d4,2025-06-07T19:42:40.000Z,2025-06-07T22:36:41.000Z,57.5758,10.668,10.695474999999988,57.52247166666667,10.650618333333341,57.624433333333336,False,219005659,KAREN-PETER RS314,DNK,a79b138f3-3f7a-9e9b-2db2-fca724d8bb38,2.411200019836426,13.064454654282622,1.194245,6,,DK00FX113
a985ab705f84a341c763cf7776948b52,2025-06-07T19:46:29.000Z,2025-06-07T20:28:13.000Z,57.5991,10.6769,10.683625000000006,57.58394333333333,10.66680500000001,57.61398666666667,False,220368000,O 159 RANDI,DNK,23b776e71-126f-9ab4-62f5-3dd2f3acef61,2.7758620936295086,3.57221152943315,5.685979000000001,10,,DK00FX113
95879a0697642743eadbbb0a87b8bc95,2025-06-07T23:28:06.000Z,2025-06-08T02:58:27.000Z,57.5208,10.7582,10.724966666666667,57.453318333333335,10.78762,57.594078333333336,False,220072000,R177 DUEODDE,DNK,438ea858e-e541-e793-8324-1972af53ee8e,2.5492186900228266,16.20560210128265,3.266403,8,,DK00FX113
732424d135b1496c7dbfac2bec314971,2025-06-07T23:52:12.000Z,2025-06-08T00:18:59.000Z,57.6058,10.6516,10.663721666666675,57.59585333333333,10.63965166666668,57.61572833333334,False,219005659,KAREN-PETER RS314,DNK,a79b138f3-3f7a-9e9b-2db2-fca724d8bb38,3.1785714115415296,2.0256427730904782,3.335848,10,,DK00FX113
b0798b3f9e17382695af6455ee9b28fe,2025-06-08T08:43:15.000Z,2025-06-08T09:59:00.000Z,57.321,10.6934,10.841637999999989,57.309483,10.573264999999992,57.330083,False,219018409,KAJEMI,DNK,ec9ad9e22-202f-fe50-b6b8-e7846c893b22,6.9222222222222225,16.27615751873399,4.932085,4,555641546,DK00FX113
8d5cca7f64fc29f704fa57413b5f97b9,2025-06-08T12:20:20.000Z,2025-06-08T14:22:35.000Z,57.6501,10.704,10.702296666666667,57.64862,10.706591666666666,57.65829333333333,False,219004279,OBERON,DNK,add236b2f-f6f8-2c3d-8e0f-e02751c4eb26,1.4657534307812992,4.483966628639246,0.5949930000000001,10,,DK00FX113
deca81e8ebc9f7ccd8a51e67b7dafaea,2025-06-08T18:32:30.000Z,2025-06-09T02:47:38.000Z,57.6147,10.7442,10.662936666666667,57.479585,10.931803333333333,57.73724333333333,False,220368000,O 159 RANDI,DNK,23b776e71-126f-9ab4-62f5-3dd2f3acef61,2.5589812091144726,38.73791759455042,1.195554,4,,DK00FX113
3b840e1ab92efb25d84ccdaa83164a29,2025-06-08T19:30:22.000Z,2025-06-09T02:50:01.000Z,57.5848,10.6563,10.689733333333322,57.523165,10.625730000000004,57.6207,False,220256000,CHARLOTTE P  FN 131,DNK,f9350d74d-d66f-c031-94cd-b0f227dd5a0f,2.540147783207191,33.64194575949695,0.5971219999999999,6,,DK00FX113
7523865014efe80e4948c8f192be0944,2025-06-08T19:31:19.000Z,2025-06-09T02:51:02.000Z,57.5443,10.6882,10.729905000000002,57.46769,10.657753333333346,57.61079333333333,False,219001522,SOREN STRANDBY,DNK,56e82f0b6-6312-ba1d-a4e2-6c8834dbd3d8,2.5569444364971563,34.774509174292334,2.637309,8,,DK00FX113
0d8657df9f965b2001fc7248f76aafa3,2025-06-08T19:55:05.000Z,2025-06-09T03:34:45.000Z,57.4081,10.7226,10.687623333333333,57.31917,10.776708333333334,57.47346,False,220349000,FN 422 LINA T,DNK,78716bdbe-eae3-1939-1d88-b28723752b4d,2.6336769844658185,36.66314451169693,9.073065,10,,DK00FX113
2a32322dd8a068e28d2a6e908e1395e6,2025-06-09T02:59:18.000Z,2025-06-09T04:23:32.000Z,57.4837,10.5762,10.540421666666667,57.473531666666666,10.641825,57.48958833333333,True,220368000,O 159 RANDI,DNK,23b776e71-126f-9ab4-62f5-3dd2f3acef61,2.6730158813889062,6.9615494554505295,0,1,555522471;349827;555557024;555538085;555543258;67881,DK00FX113
3aa3750138e4496fa250100aa8ff972d,2025-06-09T03:44:00.000Z,2025-06-09T17:14:00.000Z,57.4924,10.5125,10.505396666666666,57.47981,10.561031666666667,57.501215,False,219904000,KATRINE O 111,DNK,1740995e6-623a-c1a5-cb82-31c353e8c37a,0.1436797754336777,3.452415335096825,1.111949,1,555557024;555543258;555522471;555538085;67881,DK00FX113
917e6c1eef6923a30cdae9c0314581c3,2025-06-09T19:08:59.000Z,2025-06-10T02:44:00.000Z,57.5733,10.6871,10.731171666666654,57.46567,10.657176666666658,57.64563166666667,False,219904000,KATRINE O 111,DNK,1740995e6-623a-c1a5-cb82-31c353e8c37a,2.4310344529562986,34.130186908066555,2.637309,8,,DK00FX113
6dd247e3c4775412936aaff9c04037db,2025-06-09T19:19:00.000Z,2025-06-10T02:54:00.000Z,57.6115,10.7324,10.64019,57.5265,10.830095,57.66319,False,220256000,CHARLOTTE P  FN 131,DNK,f9350d74d-d66f-c031-94cd-b0f227dd5a0f,2.476275500214224,33.395211862435076,2.634341,4,,DK00FX113
cc6d410b0270d5ae2841fe2c532b100d,2025-06-09T19:25:13.000Z,2025-06-09T23:04:28.000Z,57.5941,10.6763,10.648958333333333,57.52410833333333,10.752961666666666,57.63857333333333,False,220359000,SARAH KAJGAARD,DNK,cd281e305-5a5e-9406-1f34-d572865ff7f1,2.5049723683141223,16.77934661130686,1.7913679999999998,4,,DK00FX113
db5e3681f0b368020ba78a1b4b7db881,2025-06-09T19:32:14.000Z,2025-06-10T02:50:19.000Z,57.5088,10.7495,10.713338,57.467433,10.803118,57.551522,False,219009415,R254 KATRINE-KIM,DNK,cea1fec10-06e2-af1d-75bc-60c4a902f23a,2.354545454545454,29.730389349822858,1.6328420000000001,7,,DK00FX113
5668d964de530804101d4f8b94affcf5,2025-06-09T19:38:19.000Z,2025-06-09T22:55:04.000Z,57.5874,10.6598,10.678204999999991,57.525596666666665,10.64693166666666,57.63407333333333,False,219024715,FRU LUNDSGAARD SG 17,DNK,90127c090-07a8-9d1b-f1f7-67079141c112,2.327906994798848,13.549567607058046,1.111949,6,,DK00FX113
14718ef508e118629591b9d6fabde361,2025-06-09T19:48:25.000Z,2025-06-10T02:47:41.000Z,57.3992,10.7491,10.774713333333324,57.32181,10.735916666666668,57.45952,False,219004119,FN 408 KENJA,DNK,a66a343a0-067b-549a-e066-e3fbe976aadd,2.285808604173729,29.21992209195259,9.278793,8,,DK00FX113
7aaf0352334fd1e970fa50c900fdb290,2025-06-09T19:48:52.000Z,2025-06-09T23:23:13.000Z,57.4087,10.7494,10.826178333333331,57.37924,10.688420000000008,57.44193,False,219006971,FN 220 IDA MARIE,DNK,3b71e97ba-a4ac-6fd8-ac1f-b3ced497dab4,2.36646707668276,15.609738010191434,4.904278000000001,10,,DK00FX113
bf27698b220edc04f90bdae4a16918a0,2025-06-09T19:48:52.000Z,2025-06-10T02:34:15.000Z,57.5302,10.7449,10.703331666666667,57.46064666666667,10.776488333333333,57.589555,False,219006301,FN 308 HELLE LOTTE,DNK,64130f509-9c27-c779-f4bc-cbfaa9ae6e0b,2.326006249469871,28.873679371310946,1.6330820000000001,7,,DK00FX113
ec16c6f37bdc88de35f2f4d4c4f3d255,2025-06-09T19:52:45.000Z,2025-06-09T23:06:27.000Z,57.5166,10.7334,10.716421666666667,57.450785,10.76676,57.57563,False,219009229,FN236 JULIE-EMILIE,DNK,3e4862ed6-6e6f-72f9-7db0-5a728160a8b3,2.4529031753540034,14.524321678049951,3.266403,8,,DK00FX113
69d0f931620121ad108b85d462387f0b,2025-06-09T23:19:31.000Z,2025-06-10T02:52:48.000Z,57.5546,10.7374,10.705063333333333,57.50906333333333,10.799125,57.60104666666667,False,219009229,FN236 JULIE-EMILIE,DNK,3e4862ed6-6e6f-72f9-7db0-5a728160a8b3,2.339306349699208,15.225288726840922,1.7918589999999999,6,,DK00FX113
32883f29a75b80c2cd2bbad37c99030f,2025-06-09T23:34:28.000Z,2025-06-10T03:04:35.000Z,57.4051,10.7637,10.697355,57.37143833333333,10.82434,57.440705,False,219006971,FN 220 IDA MARIE,DNK,3b71e97ba-a4ac-6fd8-ac1f-b3ced497dab4,2.3543750315904615,15.369192580607757,6.113819,11,,DK00FX113
0c9ba9a786e924aaeeb02ae2a7ab46c1,2025-06-10T03:44:22.000Z,2025-06-10T04:30:35.000Z,57.5037,10.5256,10.532974999999993,57.500595,10.524676666666664,57.50794166666667,True,219904000,KATRINE O 111,DNK,1740995e6-623a-c1a5-cb82-31c353e8c37a,0.9069767386414286,1.2930500219508323,1.632363,3,555557024;555543258;555522471,DK00FX113
de59c1bc20037a34b60c41f4b5ee5d33,2025-06-10T04:06:19.000Z,2025-06-10T08:42:15.000Z,57.4933,10.5094,10.53005833333333,57.492133333333335,10.50683166666667,57.50353166666667,False,220256000,CHARLOTTE P  FN 131,DNK,f9350d74d-d66f-c031-94cd-b0f227dd5a0f,0.12043795598684436,0.5652409211523047,1.195227,2,555543258;555522471;555557024,DK00FX113
6e7e2345ebdf4e72afde5796526aa45f,2025-06-10T04:10:23.000Z,2025-06-10T04:39:25.000Z,57.4957,10.5245,10.527005000000003,57.492686666666664,10.521518333333347,57.499473333333334,True,219006301,FN 308 HELLE LOTTE,DNK,64130f509-9c27-c779-f4bc-cbfaa9ae6e0b,0.9312499836087228,0.8152248326820881,1.195227,2,555522471;67881;555538085;555543258;555557024,DK00FX113
1de0d65d275cc4c62a353c0b7e68a017,2025-06-10T11:23:25.000Z,2025-06-10T12:20:06.000Z,57.5115,10.5636,10.576023333333325,57.508676666666666,10.552490000000006,57.51808333333334,True,220127000,FN 261 STJERNE,DNK,013ba7567-7f7c-5d39-c59b-1b6822c67083,3.62727270523707,3.9375027098567514,4.103729,1,555557024;555522471;555543258,DK00FX113
082c82905200dfd667381cd6ddaf06b3,2025-06-10T19:29:01.000Z,2025-06-11T02:13:22.000Z,57.4499,10.6941,10.721241666666657,57.411225,10.665105000000011,57.51059,False,219005659,KAREN-PETER RS314,DNK,a79b138f3-3f7a-9e9b-2db2-fca724d8bb38,2.332163745722575,29.143187748855492,2.6408690000000004,11,,DK00FX113
03afbb571e63b92ed07d44c87510a20e,2025-06-10T19:29:11.000Z,2025-06-11T02:39:01.000Z,57.3951,10.7399,10.716301666666666,57.311991666666664,10.768175,57.483853333333336,False,220256000,CHARLOTTE P  FN 131,DNK,f9350d74d-d66f-c031-94cd-b0f227dd5a0f,2.4696682462760053,32.09158372950305,11.033520000000001,9,,DK00FX113
243a1c82de65981dd0704bf3299d6cf1,2025-06-10T19:38:50.000Z,2025-06-11T02:51:13.000Z,57.4052,10.7574,10.82768999999999,57.36991833333333,10.683923333333325,57.443795,False,219006971,FN 220 IDA MARIE,DNK,3b71e97ba-a4ac-6fd8-ac1f-b3ced497dab4,2.4512195399621626,32.30427603852632,5.719308,9,,DK00FX113
7d41783e9134922ff4a9a13fb36a66f6,2025-06-10T19:57:59.000Z,2025-06-11T02:56:35.000Z,57.3802,10.7511,10.740591666666667,57.307741666666665,10.762528333333334,57.442395,False,219004119,FN 408 KENJA,DNK,a66a343a0-067b-549a-e066-e3fbe976aadd,2.307211570155162,29.155856064841608,10.868514999999999,8,,DK00FX113
2a5dcf57097a11fd0981b6dca2952a64,2025-06-10T20:50:09.000Z,2025-06-10T22:51:23.000Z,57.6765,10.7339,10.71745,57.64531,10.773421666666666,57.70881333333333,False,219007027,EMILIA S492,DNK,3776909d3-32c0-7c99-f9b6-5f47eaa70f35,2.4266666730244952,8.970088823676697,1.628529,11,,DK00FX113
f57b128ab05e0cdb481b41d6e6479a7a,2025-06-10T23:18:54.000Z,2025-06-11T02:54:48.000Z,57.4436,10.7585,10.786014999999992,57.40555333333333,10.716681666666659,57.47879666666667,False,220072000,R177 DUEODDE,DNK,438ea858e-e541-e793-8324-1972af53ee8e,2.546153837900894,16.738723901661405,1.1978440000000001,13,,DK00FX113
2e1024a7f3631de61ad91df72704f6e7,2025-06-11T19:25:42.000Z,2025-06-12T01:40:04.000Z,57.5039,10.6599,10.692084999999992,57.433503333333334,10.628919999999994,57.58475166666667,False,219024715,FRU LUNDSGAARD SG 17,DNK,90127c090-07a8-9d1b-f1f7-67079141c112,2.430103824006643,26.72241905675366,4.335749,9,,DK00FX113
e66d14727bd460688f122bcc49a7bc6e,2025-06-11T19:35:38.000Z,2025-06-12T03:09:49.000Z,57.3696,10.7538,10.729206666666666,57.28984666666667,10.771576666666666,57.44448166666667,False,220278000,A 321 HENRIETTE DUE,DNK,26d5d36d3-35c9-78be-806c-8b22890708eb,2.5336477853966954,35.11981636948957,11.469254000000001,8,555790713,DK00FX113
5bd2c4611f85735dec2f579e202244de,2025-06-11T19:35:40.000Z,2025-06-11T23:15:04.000Z,57.3491,10.7533,10.730545,57.31137666666667,10.767108333333333,57.41023333333333,False,220256000,CHARLOTTE P  FN 131,DNK,f9350d74d-d66f-c031-94cd-b0f227dd5a0f,2.426946105000502,16.422404622732472,11.375328999999999,9,,DK00FX113
2ed36b52e8eea5e88d12c3ccd39e80f0,2025-06-11T19:59:41.000Z,2025-06-11T22:57:05.000Z,57.4045,10.7293,10.75152833333334,57.34214166666667,10.716021666666677,57.46010166666667,False,220323000,SLESVIG,DNK,ee2e3f02f-f229-724f-1205-9fbab465e80c,2.527891106548765,13.7128866317002,7.875449,10,,DK00FX113
b4c994a754b9496d9f59bade48cce391,2025-06-11T20:06:26.000Z,2025-06-12T03:55:05.000Z,57.3681,10.7603,10.740503333333333,57.31973833333333,10.785681666666667,57.435266666666664,False,219004119,FN 408 KENJA,DNK,a66a343a0-067b-549a-e066-e3fbe976aadd,1.9582210529163842,28.11724384522529,10.167950000000001,9,,DK00FX113
30d418f9b5b45aa01217e57100f66ea5,2025-06-11T20:25:04.000Z,2025-06-11T22:49:30.000Z,57.4191,10.7239,10.716418333333333,57.36516833333334,10.744096666666668,57.46239666666666,False,219005866,FN 72 NEBRASKA,DNK,4d50ffa58-835c-b38b-5f5d-84807d6929d5,2.556391013071949,11.437019455141687,5.362871,12,,DK00FX113
6ed8fdff8be8a2e2a3cd686330fd5ef7,2025-06-11T21:24:40.000Z,2025-06-12T05:17:27.000Z,57.3333,10.5313,10.535899999999998,57.33248,10.527723000000009,57.335675,False,219021597,AZUMA,DNK,c9b0b4922-2f6b-e22c-f20f-5bdae5526f5f,0.35628742514970035,4.167103899192745,0,1,,DK00FX113
1c16943b390af75c1a4e09c6507f74b3,2025-06-11T23:07:06.000Z,2025-06-12T02:35:01.000Z,57.3749,10.7418,10.718281666666666,57.31376,10.757583333333333,57.447783333333334,False,219005866,FN 72 NEBRASKA,DNK,4d50ffa58-835c-b38b-5f5d-84807d6929d5,2.463874313219679,15.796870429736027,11.033520000000001,9,,DK00FX113
98c170adffdd2d7ad2cf26ccb33f5534,2025-06-11T23:15:27.000Z,2025-06-12T00:13:57.000Z,57.4254,10.7333,10.740581666666657,57.404221666666665,10.727883333333324,57.44695166666666,False,220323000,SLESVIG,DNK,ee2e3f02f-f229-724f-1205-9fbab465e80c,2.581132007095049,4.817363409334859,2.113216,12,,DK00FX113
caf407b855031b842b352b187626dd5f,2025-06-12T01:32:11.000Z,2025-06-12T02:45:23.000Z,57.4889,10.6769,10.682880000000011,57.468293333333335,10.656616666666679,57.50053833333333,False,219005659,KAREN-PETER RS314,DNK,a79b138f3-3f7a-9e9b-2db2-fca724d8bb38,2.016666678268285,4.836676378626567,0,5,,DK00FX113
aba0a37d3615693a0ed90dd8b92866ba,2025-06-12T02:32:01.000Z,2025-07-01T01:33:42.000Z,57.4926,10.5051,10.529413333333338,57.49241166666667,10.503126666666674,57.50633166666667,False,219904000,KATRINE O 111,DNK,1740995e6-623a-c1a5-cb82-31c353e8c37a,0.0016266278154417001,3.022903887668688,1.195227,2,555543258;555522471;555557024,DK00FX113
dd60ae7f7cfc3cb09faf9ff6ce8d0aeb,2025-06-12T12:09:37.000Z,2025-06-12T14:15:00.000Z,57.2828,10.618,10.69292200000001,57.220765,10.536018000000013,57.331825,False,219220156,S 543 TAHA,DNK,0a0df7dd4-43c4-b65d-97d8-26c779cb2248,4.736923076923078,16.057528817148004,15.195815,9,555556912;555790713;555543150;555641546,DK00FX113
6c27eaba53e6eb6fedcfafae19a5f2fa,2025-06-12T17:49:32.000Z,2025-06-12T18:49:52.000Z,57.2776,10.7326,10.741442000000006,57.269495,10.727098000000012,57.286053,False,219021087,RIB SVN480-10,DNK,293d3f159-9024-286b-0f5a-98bf272cd995,1.3947368421052633,2.329253121092291,11.320035,7,555790713,DK00FX113
c94ba174adbcf676d35096a33e4e164e,2025-06-12T19:27:31.000Z,2025-06-13T02:35:00.000Z,57.5431,10.6522,10.696848333333321,57.48618833333333,10.630150000000015,57.60401,False,219024715,FRU LUNDSGAARD SG 17,DNK,90127c090-07a8-9d1b-f1f7-67079141c112,2.294495459087763,28.934640458094762,0.597614,6,,DK00FX113
e8d601e4199fa69f0c2a265f30a001da,2025-06-13T19:33:23.000Z,2025-06-14T02:22:25.000Z,57.5546,10.6618,10.693961666666667,57.49475833333333,10.642478333333344,57.60828333333333,False,219024715,FRU LUNDSGAARD SG 17,DNK,90127c090-07a8-9d1b-f1f7-67079141c112,2.3662790942561718,28.892761348279148,0,5,,DK00FX113
5ba9d3ff0731f23c9fe05bbafb263e65,2025-06-13T19:33:36.000Z,2025-06-14T02:39:12.000Z,57.5603,10.6821,10.72659333333334,57.51491,10.649378333333345,57.611913333333334,False,219006301,FN 308 HELLE LOTTE,DNK,64130f509-9c27-c779-f4bc-cbfaa9ae6e0b,2.303225851443504,30.394133367934902,2.986431,8,,DK00FX113
2c3887cc242469b927dc90833a4d6d2f,2025-06-13T21:43:30.000Z,2025-06-13T23:00:14.000Z,57.6791,10.7299,10.746379999999988,57.66398,10.715698333333336,57.702525,False,220345000,SG115 CECILIE MATHIL,DNK,58b5fd79c-c1e1-ab38-017b-ed3345596621,2.174545414881272,5.111115324035379,2.102366,11,,DK00FX113
f4b0c21e1a495446902f2390dc8a17fe,2025-06-14T04:06:11.000Z,2025-06-14T10:35:23.000Z,57.4924,10.5065,10.517461666666662,57.49189,10.502498333333335,57.49810166666666,False,219006301,FN 308 HELLE LOTTE,DNK,64130f509-9c27-c779-f4bc-cbfaa9ae6e0b,0.13232323143518318,0.8067464629090534,0.597614,2,555557024;555543258;555522471,DK00FX113
9dfbe6004d602e86c1748009a80e0509,2025-06-15T06:27:06.000Z,2025-06-15T08:25:01.000Z,57.2624,10.6665,10.722462000000007,57.23213,10.602908000000014,57.297407,False,219220156,S 543 TAHA,DNK,0a0df7dd4-43c4-b65d-97d8-26c779cb2248,3.8461538461538463,10.35831677352031,14.324991,9,555556912;555641546;555543150;555790713,DK00FX113
02ae783a619a9252ff578e6cead4b58d,2025-06-15T19:42:37.000Z,2025-06-16T03:02:18.000Z,57.4498,10.6939,10.634751666666666,57.36051333333333,10.753373333333334,57.4963,False,219005659,KAREN-PETER RS314,DNK,a79b138f3-3f7a-9e9b-2db2-fca724d8bb38,2.3145922831711343,31.939862282628958,6.347156,7,555543258;555522471;555557024,DK00FX113
d783d81b19d2acdce39fb12ccd16f376,2025-06-15T20:00:03.000Z,2025-06-16T00:16:15.000Z,57.5615,10.6524,10.681301666666656,57.51576333333333,10.636496666666659,57.59971,False,219024715,FRU LUNDSGAARD SG 17,DNK,90127c090-07a8-9d1b-f1f7-67079141c112,2.399435060845928,18.692184555524932,0,5,,DK00FX113
f33901fdbec9b2db6e2385684e1c1e7f,2025-06-16T00:49:39.000Z,2025-06-16T01:53:02.000Z,57.4763,10.6744,10.663955,57.46464,10.687563333333333,57.494815,False,219024715,FRU LUNDSGAARD SG 17,DNK,90127c090-07a8-9d1b-f1f7-67079141c112,2.206818214871667,4.340847738462464,1.6330820000000001,5,,DK00FX113
23b83ca2ca409554b47855048400e26c,2025-06-16T19:25:43.000Z,2025-06-17T02:39:09.000Z,57.5393,10.6975,10.657295,57.45669,10.744435,57.60827666666667,False,219001522,SOREN STRANDBY,DNK,56e82f0b6-6312-ba1d-a4e2-6c8834dbd3d8,2.5607784493954586,34.01108213820057,1.6330820000000001,5,,DK00FX113
3b72d56ef49dc7470ba0b36774eb5faa,2025-06-16T19:36:00.000Z,2025-06-17T02:39:42.000Z,57.4256,10.7247,10.766176666666667,57.355396666666664,10.676690000000008,57.519175,False,219006971,FN 220 IDA MARIE,DNK,3b71e97ba-a4ac-6fd8-ac1f-b3ced497dab4,2.418400030523539,31.679978073674924,5.5597460000000005,11,,DK00FX113
93f242266349ec7618f7722df99bf2b4,2025-06-16T19:44:17.000Z,2025-06-17T02:41:23.000Z,57.4461,10.7288,10.741628333333324,57.37535833333333,10.704200000000014,57.50531,False,219002005,CHRISTINA KJAER FN81,DNK,58a5008c7-7a90-a74a-7643-3f1b7ad95a77,2.440350867677154,31.320596554895236,3.789313,13,,DK00FX113
590231cbfc4db8baafbc54c3f37195b8,2025-06-16T19:50:50.000Z,2025-06-17T02:46:14.000Z,57.4114,10.7166,10.694421666666667,57.37484333333333,10.741046666666668,57.44578666666666,False,220256000,CHARLOTTE P  FN 131,DNK,f9350d74d-d66f-c031-94cd-b0f227dd5a0f,2.531601727041071,32.358167204270245,6.539516,10,,DK00FX113
53429ff8714fd57e838728341a7402f6,2025-06-16T20:01:48.000Z,2025-06-16T23:02:07.000Z,57.3895,10.715,10.688613333333333,57.33029666666667,10.759081666666667,57.444111666666664,False,219005866,FN 72 NEBRASKA,DNK,4d50ffa58-835c-b38b-5f5d-84807d6929d5,2.501785676926374,13.856168017108683,9.003445,10,,DK00FX113
538a7b7152488751b2910576f8e26933,2025-06-16T20:07:36.000Z,2025-06-17T02:56:46.000Z,57.4472,10.7612,10.713655,57.40211166666667,10.80838,57.48994166666667,False,220072000,R177 DUEODDE,DNK,438ea858e-e541-e793-8324-1972af53ee8e,2.4321428814104618,30.70422157493672,3.73007,11,,DK00FX113
4ddb1789da63c8f5af2d48dccc768a3b,2025-06-16T20:09:40.000Z,2025-06-17T02:38:47.000Z,57.5354,10.7236,10.756533333333323,57.467865,10.687848333333335,57.59646,False,220359000,SARAH KAJGAARD,DNK,cd281e305-5a5e-9406-1f34-d572865ff7f1,2.50062891501207,29.802796764563045,1.262484,10,,DK00FX113
695a6e91a2607be2d671395d69d1277d,2025-06-16T23:15:42.000Z,2025-06-17T02:27:21.000Z,57.3676,10.7232,10.683945,57.31115333333333,10.755153333333332,57.43447166666667,False,219005866,FN 72 NEBRASKA,DNK,4d50ffa58-835c-b38b-5f5d-84807d6929d5,2.5362744810534443,14.844618426999974,8.694723,9,,DK00FX113
c70184cebc60a55aa2b88441e078b0b9,2025-06-17T03:32:05.000Z,2025-06-17T05:07:09.000Z,57.5034,10.5411,10.53605,57.49570333333333,10.549456666666666,57.50989166666667,True,220256000,CHARLOTTE P  FN 131,DNK,f9350d74d-d66f-c031-94cd-b0f227dd5a0f,0.9788732327206033,2.304463742640682,2.109462,3,555538085;67881;555522471;555557024;555543258,DK00FX113
12ed594e5caef3ff8ff5da200ced0998,2025-06-17T03:46:35.000Z,2025-06-17T04:15:38.000Z,57.4996,10.5369,10.540406666666655,57.496156666666664,10.533950000000004,57.503233333333334,True,219002005,CHRISTINA KJAER FN81,DNK,58a5008c7-7a90-a74a-7643-3f1b7ad95a77,0.8842105175319471,0.8624447031279838,2.109462,3,555522471;555543258;555557024,DK00FX113
115f00a73345270b27ced337f253b2e0,2025-06-17T04:01:10.000Z,2025-06-17T04:32:00.000Z,57.5068,10.5385,10.543013333333334,57.50367166666667,10.534071666666676,57.51009166666667,True,220359000,SARAH KAJGAARD,DNK,cd281e305-5a5e-9406-1f34-d572865ff7f1,0.9238095198358808,0.8919874421307665,2.109462,3,555543258;555522471;555557024,DK00FX113
4d14b0203e90b4849246c85838c381a4,2025-06-17T04:06:21.000Z,2025-06-17T04:40:11.000Z,57.5005,10.5228,10.524861666666652,57.497095,10.521573333333322,57.50401,True,219001522,SOREN STRANDBY,DNK,56e82f0b6-6312-ba1d-a4e2-6c8834dbd3d8,0.7870967791926475,0.7853215476984331,1.262329,2,555557024;555543258;555522471,DK00FX113
3a06c285adcad010fea53821873e7906,2025-06-17T04:12:04.000Z,2025-06-17T04:45:13.000Z,57.4943,10.5156,10.511426666666667,57.492775,10.527693333333334,57.49706166666667,False,219006971,FN 220 IDA MARIE,DNK,3b71e97ba-a4ac-6fd8-ac1f-b3ced497dab4,1.4461538399068208,1.3434448751148562,0,2,555543258;555522471;555557024,DK00FX113
219ccf7826d78a3fbdea829a79feb041,2025-06-17T04:29:20.000Z,2025-06-17T05:30:45.000Z,57.4922,10.552,10.596141666666654,57.48204333333333,10.523065000000003,57.49796333333333,True,220127000,FN 261 STJERNE,DNK,013ba7567-7f7c-5d39-c59b-1b6822c67083,2.623999991416931,4.990673237030183,1.195554,2,67881;349827;555557024;555538085;555522471;555543258,DK00FX113
8a03ff864ff704546a778403c40f2741,2025-06-17T05:43:40.000Z,2025-06-17T07:40:37.000Z,57.493,10.5073,10.51317499999999,57.492556666666665,10.50261333333333,57.49462166666667,False,220127000,FN 261 STJERNE,DNK,013ba7567-7f7c-5d39-c59b-1b6822c67083,0.37613636475395074,1.1571250266387871,0,2,,DK00FX113
1e6f2fd41708e8f03fa2393f85d38d6f,2025-06-17T19:27:09.000Z,2025-06-18T02:21:45.000Z,57.5257,10.7081,10.673166666666667,57.442168333333335,10.743398333333333,57.591541666666664,False,219024923,TRYGG,DNK,b93a2787f-f773-de75-6e84-c9c05b9fdb9d,2.6043955840907254,33.29303427599491,3.3890569999999998,7,,DK00FX113
470cc8331c4019f7acbaa4b64b1e29ab,2025-06-17T19:38:08.000Z,2025-06-18T02:44:07.000Z,57.5356,10.6944,10.656655,57.45745333333333,10.742891666666667,57.603935,False,219001522,SOREN STRANDBY,DNK,56e82f0b6-6312-ba1d-a4e2-6c8834dbd3d8,2.535474849729565,32.99654028637418,1.6330820000000001,5,,DK00FX113
58531bc055e53dd40e3f5b4f59656f31,2025-06-17T19:38:29.000Z,2025-06-18T02:56:14.000Z,57.5464,10.6967,10.74392499999999,57.46445333333333,10.651810000000012,57.60994,False,219013885,DORIS VENDELBO,DNK,050513a98-880a-98f7-ccc3-650614d8533f,2.4270949585977215,32.57971247214895,2.8571880000000003,9,,DK00FX113
e6d08caeeb21bbd84974340293b160cc,2025-06-17T19:39:45.000Z,2025-06-18T02:52:05.000Z,57.5382,10.7077,10.777863333333329,57.455481666666664,10.660051666666675,57.606188333333336,False,220278000,A 321 HENRIETTE DUE,DNK,26d5d36d3-35c9-78be-806c-8b22890708eb,2.5688821582455668,33.82476400859993,2.30288,11,,DK00FX113
960ba063876cea6259474181e0b2ebde,2025-06-17T19:42:37.000Z,2025-06-18T02:59:10.000Z,57.4011,10.733,10.78068833333333,57.3333,10.691101666666668,57.469835,False,220349000,FN 422 LINA T,DNK,78716bdbe-eae3-1939-1d88-b28723752b4d,2.624867701656604,34.73534904790804,8.915777,8,,DK00FX113
0238a9335a5f9afb5f7f4d13a362faf5,2025-06-17T19:42:52.000Z,2025-06-18T02:56:23.000Z,57.5252,10.692,10.730559999999997,57.440975,10.652193333333344,57.59326333333333,False,220368000,O 159 RANDI,DNK,23b776e71-126f-9ab4-62f5-3dd2f3acef61,2.586930070242256,34.39983939070005,2.858421,10,,DK00FX113
afc54ab877c55024fec814029ccabf3d,2025-06-17T19:44:52.000Z,2025-06-18T02:44:01.000Z,57.4,10.7137,10.742421666666672,57.32899333333334,10.686358333333345,57.46965,False,220256000,CHARLOTTE P  FN 131,DNK,f9350d74d-d66f-c031-94cd-b0f227dd5a0f,2.5040892171483073,31.60277087940226,9.075627,10,,DK00FX113
29c3a9382d03582b15abf19e7563f6d1,2025-06-17T19:46:08.000Z,2025-06-18T02:33:07.000Z,57.4055,10.7125,10.68111,57.33637,10.7473,57.467185,False,219002005,CHRISTINA KJAER FN81,DNK,58a5008c7-7a90-a74a-7643-3f1b7ad95a77,2.3898148437341056,29.865993386497188,8.475331,9,,DK00FX113
3c08597c0abfd4307a00e6b108021984,2025-06-17T19:51:15.000Z,2025-06-18T02:42:09.000Z,57.5182,10.7057,10.66518,57.451345,10.745008333333333,57.58595,False,220127000,FN 261 STJERNE,DNK,013ba7567-7f7c-5d39-c59b-1b6822c67083,2.5653614362320267,31.882538712689563,2.302923,6,,DK00FX113
6116cad295d3c729b9b292194761f763,2025-06-17T19:59:09.000Z,2025-06-18T02:39:52.000Z,57.422,10.7153,10.680198333333333,57.35327,10.753768333333333,57.514735,False,219006971,FN 220 IDA MARIE,DNK,3b71e97ba-a4ac-6fd8-ac1f-b3ced497dab4,2.389928091773025,29.460231726805993,8.579886,10,,DK00FX113
d03ba3f223cefc2b5d320dbfadd1ae25,2025-06-17T20:12:04.000Z,2025-06-18T02:27:24.000Z,57.3885,10.7105,10.677561666666668,57.315295,10.75117,57.446261666666665,False,219005866,FN 72 NEBRASKA,DNK,4d50ffa58-835c-b38b-5f5d-84807d6929d5,2.5734082249443175,29.15350708154409,8.4776,9,,DK00FX113
2dc26ec761f6f39416041fd85c2448c4,2025-06-17T20:16:21.000Z,2025-06-18T02:39:38.000Z,57.4313,10.7347,10.771168333333321,57.35984333333333,10.716849999999994,57.48908,False,219009229,FN236 JULIE-EMILIE,DNK,3e4862ed6-6e6f-72f9-7db0-5a728160a8b3,2.5027888338879265,28.591060548656205,5.5597460000000005,11,,DK00FX113
1d7cc4d4ebffe4373f36c11b69a6b49c,2025-06-18T03:57:06.000Z,2025-06-18T04:21:04.000Z,57.4888,10.5251,10.520176666666666,57.481141666666666,10.533763333333333,57.49266333333333,True,219006971,FN 220 IDA MARIE,DNK,3b71e97ba-a4ac-6fd8-ac1f-b3ced497dab4,2.3315789574070975,1.790405812503564,1.2624069999999998,1,555522471;555538085;555557024;67881;555543258,DK00FX113
f2afb48fad0303aedb5e4253fe20f6e3,2025-06-18T04:12:01.000Z,2025-06-18T04:43:14.000Z,57.5026,10.5361,10.52814,57.49963666666667,10.55276,57.50937666666667,True,219013885,DORIS VENDELBO,DNK,050513a98-880a-98f7-ccc3-650614d8533f,2.091666638851165,1.9701624881996271,1.632363,3,555557024;555522471;555543258,DK00FX113
40e6d0548524f67d78007dfbdb49b9c7,2025-06-18T07:46:09.000Z,2025-06-18T12:43:30.000Z,57.5229,10.7666,10.70716,57.501511666666666,10.825091666666667,57.54705166666667,False,219021235,HAVFISKEN,DNK,f770e03eb-b317-8f20-fb64-b93d0f9e4c82,2.5787148545066043,23.412061810595617,1.632363,6,,DK00FX113
ba893b1396606a0d48b97acd2b40b43f,2025-06-18T19:37:56.000Z,2025-06-19T02:45:59.000Z,57.517,10.7076,10.65438,57.431538333333336,10.736206666666666,57.58953666666667,False,219013885,DORIS VENDELBO,DNK,050513a98-880a-98f7-ccc3-650614d8533f,2.5556603780707476,33.43714822941682,4.796271,6,,DK00FX113
ff60f8a4fe8b3c6dbd859003b40e3976,2025-06-18T19:39:17.000Z,2025-06-19T02:56:51.000Z,57.5338,10.6989,10.743678333333321,57.452555,10.644426666666675,57.6028,False,220278000,A 321 HENRIETTE DUE,DNK,26d5d36d3-35c9-78be-806c-8b22890708eb,2.5582142624471853,34.391731160259454,3.5441149999999997,9,,DK00FX113
d2b161aed34818752bfb11de74930ea7,2025-06-18T19:44:36.000Z,2025-06-19T02:42:01.000Z,57.5261,10.6944,10.650485,57.456046666666666,10.726538333333334,57.592765,False,219001522,SOREN STRANDBY,DNK,56e82f0b6-6312-ba1d-a4e2-6c8834dbd3d8,2.5609609509731555,32.59771231826874,2.110713,5,,DK00FX113
262a94a46e136f307e20433942caacfa,2025-06-18T19:44:56.000Z,2025-06-19T02:34:47.000Z,57.4745,10.714,10.699121666666667,57.43339,10.73123,57.515541666666664,False,219002005,CHRISTINA KJAER FN81,DNK,58a5008c7-7a90-a74a-7643-3f1b7ad95a77,2.4107806695881395,30.18470124227942,3.760231,9,,DK00FX113
553f68b1c49546f29a93733ab8c328d2,2025-06-18T19:50:57.000Z,2025-06-19T03:03:05.000Z,57.5268,10.7022,10.655645,57.45614166666667,10.74042,57.596905,False,220368000,O 159 RANDI,DNK,23b776e71-126f-9ab4-62f5-3dd2f3acef61,2.609191169743154,34.285097438735825,1.6330820000000001,5,,DK00FX113
cf9803e5c8ddb4a40b23c13d952cfb17,2025-06-18T19:59:11.000Z,2025-06-19T02:46:22.000Z,57.4289,10.7033,10.683855,57.39571333333333,10.730881666666667,57.468016666666664,False,220256000,CHARLOTTE P  FN 131,DNK,f9350d74d-d66f-c031-94cd-b0f227dd5a0f,2.455952384878718,29.250560664813115,5.282332,9,,DK00FX113
279eaf1c010ef8b4a5580a0b70173832,2025-06-18T20:09:43.000Z,2025-06-18T23:19:41.000Z,57.3877,10.7107,10.6844,57.32153666666667,10.752673333333334,57.43801333333333,False,219005866,FN 72 NEBRASKA,DNK,4d50ffa58-835c-b38b-5f5d-84807d6929d5,2.375000014708473,13.972900693682908,8.4776,9,,DK00FX113
6f0f7050eb27243aaed864872a18b477,2025-06-18T20:54:34.000Z,2025-06-18T23:06:16.000Z,57.637,10.7154,10.734108333333324,57.60158666666667,10.684731666666664,57.68150333333333,False,220345000,SG115 CECILIE MATHIL,DNK,58b5fd79c-c1e1-ab38-017b-ed3345596621,2.5479166495303316,10.266609622865538,5.045446,13,,DK00FX113
1229408ed00fbbe59e85b1cd3fde8c3c,2025-06-18T23:37:23.000Z,2025-06-19T02:20:38.000Z,57.3691,10.7155,10.741761666666662,57.30625666666667,10.67926833333334,57.4212,False,219005866,FN 72 NEBRASKA,DNK,4d50ffa58-835c-b38b-5f5d-84807d6929d5,2.7482352817759788,13.58666658735575,10.868514999999999,8,,DK00FX113
de1fbd5b468517c89fb92fbab8607d98,2025-06-19T03:53:07.000Z,2025-06-19T05:47:38.000Z,57.4983,10.5161,10.530249999999995,57.492261666666664,10.502663333333345,57.50546166666667,True,219001522,SOREN STRANDBY,DNK,56e82f0b6-6312-ba1d-a4e2-6c8834dbd3d8,0.6561403573866476,1.4931893358954433,1.195227,2,555557024;555522471;555543258,DK00FX113
af3351db40390037df13cceec740a60c,2025-06-19T04:27:17.000Z,2025-06-19T04:51:17.000Z,57.4913,10.5332,10.53162,57.48981,10.541345,57.49160333333333,True,220368000,O 159 RANDI,DNK,23b776e71-126f-9ab4-62f5-3dd2f3acef61,0.7428571502012865,0.6823687535199108,1.195227,2,555557024;555522471;555538085;555543258;67881,DK00FX113
15a197e8509b53b5562073d13d4c8277,2025-06-19T19:36:06.000Z,2025-06-20T02:35:04.000Z,57.4454,10.7598,10.77525833333334,57.38010333333333,10.750558333333345,57.511225,False,219004119,FN 408 KENJA,DNK,a66a343a0-067b-549a-e066-e3fbe976aadd,2.3698507901003105,30.30453301657971,3.38923,12,,DK00FX113
6f8d293d5de41b204e66bd3690b59e3f,2025-06-19T19:38:17.000Z,2025-06-19T22:33:01.000Z,57.5425,10.6956,10.687955,57.481325,10.712885,57.604645,False,219024923,TRYGG,DNK,b93a2787f-f773-de75-6e84-c9c05b9fdb9d,2.6026489839253837,13.999059346237987,0,6,,DK00FX113
fac5a23ed5148d134e00686b53f1e2ae,2025-06-19T19:39:49.000Z,2025-06-20T02:50:01.000Z,57.6216,10.7078,10.651525,57.548968333333335,10.805901666666667,57.665276666666664,False,219013885,DORIS VENDELBO,DNK,050513a98-880a-98f7-ccc3-650614d8533f,2.535999963794436,33.05448478422557,3.786058,6,,DK00FX113
8c0fff20c054986bebd6a0c23eb4113e,2025-06-19T19:52:23.000Z,2025-06-20T02:39:32.000Z,57.6044,10.7083,10.641563333333334,57.518755,10.747568333333334,57.66520166666667,False,220256000,CHARLOTTE P  FN 131,DNK,f9350d74d-d66f-c031-94cd-b0f227dd5a0f,2.487106005087452,30.644060958362946,2.38849,4,,DK00FX113
983dca861feda8d2511001ee222ca3f3,2025-06-19T19:52:41.000Z,2025-06-19T23:20:00.000Z,57.4597,10.6772,10.668445,57.424656666666664,10.688688333333333,57.50765833333333,False,219005659,KAREN-PETER RS314,DNK,a79b138f3-3f7a-9e9b-2db2-fca724d8bb38,2.3416058414608885,14.769662847159983,5.388828,8,,DK00FX113
824ae9104c3200eac894865aa95f62b0,2025-06-19T19:53:15.000Z,2025-06-20T02:35:03.000Z,57.6057,10.7263,10.766433333333339,57.52705666666667,10.65025833333334,57.667046666666664,False,220127000,FN 261 STJERNE,DNK,013ba7567-7f7c-5d39-c59b-1b6822c67083,2.53354430330705,30.419655951708727,4.447797,11,,DK00FX113
2e672791698ec83480f435bc4391943b,2025-06-19T20:09:01.000Z,2025-06-20T02:27:05.000Z,57.3806,10.7092,10.745838333333324,57.30946333333333,10.675455,57.443533333333335,False,219005866,FN 72 NEBRASKA,DNK,4d50ffa58-835c-b38b-5f5d-84807d6929d5,2.5365313455957326,29.93271672742856,10.271213,8,,DK00FX113
1b7b69af27480618a19b8596f6244179,2025-06-19T22:28:47.000Z,2025-06-20T13:12:01.000Z,57.4944,10.5019,10.501666666666667,57.49421666666667,10.502178333333333,57.494495,False,219009229,FN236 JULIE-EMILIE,DNK,3e4862ed6-6e6f-72f9-7db0-5a728160a8b3,0.05495495577384757,0.7602166516162527,0,1,,DK00FX113
140c44bf67b6cd4292573dc6c485ca6c,2025-06-19T23:03:12.000Z,2025-06-20T02:37:27.000Z,57.5417,10.7117,10.74203,57.47483,10.679371666666668,57.60804,False,219024923,TRYGG,DNK,b93a2787f-f773-de75-6e84-c9c05b9fdb9d,2.487861236395864,16.432974037845607,2.110296,8,,DK00FX113
2dcd2e92ce7803626c70ce1a6cc808a5,2025-06-19T23:33:39.000Z,2025-06-20T03:00:13.000Z,57.4518,10.6709,10.61305,57.41282833333333,10.692783333333333,57.481515,False,219005659,KAREN-PETER RS314,DNK,a79b138f3-3f7a-9e9b-2db2-fca724d8bb38,2.4518518591368634,15.226157814250353,3.7294140000000002,5,555522471;555557024;67881;349827;555538085;555543258,DK00FX113
742a17b8f022797025e3de5037980e2f,2025-06-20T02:30:16.000Z,2025-06-20T10:31:05.000Z,57.4941,10.5046,10.501416666666668,57.49225166666667,10.507403333333333,57.49648166666667,False,219001522,SOREN STRANDBY,DNK,56e82f0b6-6312-ba1d-a4e2-6c8834dbd3d8,0.11760563505682307,0.8870004392385322,0,1,,DK00FX113
865a55d534844d725a7ebbafe50e2cc6,2025-06-20T03:38:08.000Z,2025-06-20T07:51:04.000Z,57.4923,10.5074,10.505901666666666,57.491906666666665,10.529795,57.497038333333336,False,219006301,FN 308 HELLE LOTTE,DNK,64130f509-9c27-c779-f4bc-cbfaa9ae6e0b,0.1358490550433689,0.506597793950927,0,2,555557024;555543258;555522471,DK00FX113
f8b2d6692101f396d9ec8158eb31832a,2025-06-20T03:46:18.000Z,2025-06-20T04:08:07.000Z,57.5114,10.5556,10.552891666666667,57.50977666666667,10.556796666666667,57.51242,True,219013885,DORIS VENDELBO,DNK,050513a98-880a-98f7-ccc3-650614d8533f,1.0117647209588219,0.5823262818333852,3.2644859999999998,3,555557024;555543258;555522471,DK00FX113
7034f0961223f198feaf63dd032f38dc,2025-06-20T19:32:07.000Z,2025-06-21T02:20:11.000Z,57.4991,10.7289,10.692779999999999,57.447807,10.78138,57.55545,False,219009415,R254 KATRINE-KIM,DNK,cea1fec10-06e2-af1d-75bc-60c4a902f23a,2.433333333333333,29.076923231107564,2.302923,7,,DK00FX113
b4f5d03627fb2964c04d973731e5671a,2025-06-20T19:38:52.000Z,2025-06-21T02:41:11.000Z,57.438,10.7597,10.80173666666667,57.37196333333333,10.716551666666675,57.49354666666667,False,219006301,FN 308 HELLE LOTTE,DNK,64130f509-9c27-c779-f4bc-cbfaa9ae6e0b,2.320754761403461,30.126324186324013,4.797374,10,,DK00FX113
34583d09f6c20ac95c101f3a3ba47fd2,2025-06-20T19:39:22.000Z,2025-06-20T23:40:14.000Z,57.455,10.7526,10.725368333333334,57.37295666666667,10.76657,57.52048,False,219004119,FN 408 KENJA,DNK,a66a343a0-067b-549a-e066-e3fbe976aadd,2.3210227655416182,17.060833860210924,5.052573000000001,12,,DK00FX113
f9888d2c3a1844930698a935e5295f29,2025-06-20T19:52:23.000Z,2025-06-21T02:56:12.000Z,57.6176,10.705,10.65032,57.549218333333336,10.799656666666667,57.66631666666667,False,219013885,DORIS VENDELBO,DNK,050513a98-880a-98f7-ccc3-650614d8533f,2.5447368520742275,33.171440865219104,3.786058,6,,DK00FX113
c287984a3914c1e6f25c347ec450c1ab,2025-06-20T20:01:17.000Z,2025-06-21T03:10:18.000Z,57.4737,10.6543,10.688876666666658,57.43770166666667,10.543634999999995,57.5074,False,219005659,KAREN-PETER RS314,DNK,a79b138f3-3f7a-9e9b-2db2-fca724d8bb38,2.532413795179332,33.46076335217114,3.3890569999999998,8,555538085;555543258;555522471;67881;555557024;349827,DK00FX113
11d7cc6f9da0a478e1ca0e64ebcfa292,2025-06-20T23:07:31.000Z,2025-06-20T23:44:42.000Z,57.6734,10.7298,10.726173333333334,57.66074666666667,10.73712,57.686416666666666,False,220345000,SG115 CECILIE MATHIL,DNK,58b5fd79c-c1e1-ab38-017b-ed3345596621,2.6407407301443597,2.9959119858418135,1.261013,10,,DK00FX113
89348d234bfc247e746a19507f683f1a,2025-06-21T00:01:01.000Z,2025-06-21T02:47:05.000Z,57.4542,10.75,10.740205,57.409128333333335,10.777363333333334,57.50724833333334,False,219004119,FN 408 KENJA,DNK,a66a343a0-067b-549a-e066-e3fbe976aadd,2.3465116466431652,11.986622125259188,1.63428,12,,DK00FX113
f7f77918872be1628c6cd95e89ecfcd5,2025-06-21T03:25:27.000Z,2025-06-21T07:23:13.000Z,57.496,10.5118,10.528064999999998,57.492621666666665,10.505098333333336,57.50256,False,219005659,KAREN-PETER RS314,DNK,a79b138f3-3f7a-9e9b-2db2-fca724d8bb38,0.18803419058139492,1.0191878065021245,1.195227,2,555557024;555543258;555522471,DK00FX113
4b030de6946d21381441b493e370c722,2025-06-21T03:44:12.000Z,2025-06-21T05:08:11.000Z,57.5016,10.5269,10.50608,57.492962,10.538937,57.50666,True,219009415,R254 KATRINE-KIM,DNK,cea1fec10-06e2-af1d-75bc-60c4a902f23a,0.6,0.611291164080027,0,2,555557024;555522471;555543258,DK00FX113
a822f374953622bacfe708d755e077bc,2025-06-21T05:24:49.000Z,2025-06-21T07:16:26.000Z,57.4879,10.5695,10.64779999999999,57.475546666666666,10.524268333333339,57.498628333333336,True,219003138,H84 GULDBORG,DNK,757ca9b0e-e2cf-fff6-f4d2-3b00c792efbf,2.3950000014156108,8.350923639595317,1.7933320000000001,4,555522471;555557024;67881;555543258;349827;555538085,DK00FX113
2b90b0b0f70e6d3bc15a0562d6791e96,2025-06-21T19:54:01.000Z,2025-06-21T22:04:29.000Z,57.4364,10.7527,10.741848333333333,57.38974666666667,10.759958333333334,57.47484,False,219004119,FN 408 KENJA,DNK,a66a343a0-067b-549a-e066-e3fbe976aadd,2.3904762684352807,9.59281289102411,2.859346,13,,DK00FX113
28493411a7f197ace9fc2fa465dae2f5,2025-06-21T20:09:09.000Z,2025-06-22T00:57:04.000Z,57.4517,10.6824,10.720571666666672,57.419311666666665,10.65706666666668,57.494415,False,219005659,KAREN-PETER RS314,DNK,a79b138f3-3f7a-9e9b-2db2-fca724d8bb38,2.264921460242172,20.108178852817904,2.395035,10,,DK00FX113
4a24621ddafdc1841cd07d1faa972fc2,2025-06-21T20:14:37.000Z,2025-06-21T23:20:56.000Z,57.373,10.7635,10.788035000000008,57.322795,10.742116666666675,57.43040333333333,False,219003138,H84 GULDBORG,DNK,757ca9b0e-e2cf-fff6-f4d2-3b00c792efbf,2.181730766494113,12.529905944743444,8.117796,7,,DK00FX113
81768023ae33b5f075880b5f1f2b9838,2025-06-22T00:00:08.000Z,2025-06-22T02:42:24.000Z,57.4372,10.7527,10.73449,57.38952,10.76962,57.48987,False,219004119,FN 408 KENJA,DNK,a66a343a0-067b-549a-e066-e3fbe976aadd,2.312000065147878,11.611656653852524,3.269279,12,,DK00FX113
341037215546db0979d7ffb76ac80f9a,2025-06-22T03:12:53.000Z,2025-06-22T04:57:55.000Z,57.2855,10.6174,10.72249500000001,57.230562,10.535567000000015,57.333053,False,219220156,S 543 TAHA,DNK,0a0df7dd4-43c4-b65d-97d8-26c779cb2248,5.405555555555556,16.255944040622296,14.324991,9,555556912;555790713;555641546;555543150,DK00FX113
bf63c42bbee9e60a06ab031038e3ddb8,2025-06-22T04:31:15.000Z,2025-06-25T16:55:11.000Z,57.4919,10.5059,10.506903333333327,57.49183333333333,10.502736666666664,57.494535,False,219007036,MUSSE,DNK,2f46b5073-3485-ba8a-5011-22aed77145de,0.0061299852570147325,0.5381891501670546,0,2,,DK00FX113
7df86017c381ca21ca50d6b421bf7e82,2025-06-22T08:53:37.000Z,2025-06-22T09:46:08.000Z,57.3255,10.5526,10.535285,57.308327,10.579258,57.332532,False,219220156,S 543 TAHA,DNK,0a0df7dd4-43c4-b65d-97d8-26c779cb2248,2.914285714285714,3.9985029835152015,2.223899,1,,DK00FX113
771f18be2fe5031a6ced021e6f2cb1d1,2025-06-22T18:50:59.000Z,2025-06-23T02:50:26.000Z,57.4088,10.739,10.777798333333322,57.303016666666664,10.714636666666678,57.48016833333333,False,220278000,A 321 HENRIETTE DUE,DNK,26d5d36d3-35c9-78be-806c-8b22890708eb,2.6497652541163936,38.206864724484845,8.410075999999998,6,,DK00FX113
612421e565ac58b20e626877ee127574,2025-06-22T19:15:03.000Z,2025-06-23T02:46:08.000Z,57.3899,10.7563,10.764385000000004,57.312938333333335,10.743893333333347,57.46246333333333,False,220256000,CHARLOTTE P  FN 131,DNK,f9350d74d-d66f-c031-94cd-b0f227dd5a0f,2.4206106746355998,33.383452587222344,9.674324,7,,DK00FX113
3ff1ea1ed004368009891826b75b5527,2025-06-22T19:25:38.000Z,2025-06-23T02:54:54.000Z,57.4279,10.7424,10.724551666666667,57.339803333333336,10.757208333333333,57.52229833333333,False,220368000,O 159 RANDI,DNK,23b776e71-126f-9ab4-62f5-3dd2f3acef61,2.440909112342681,33.74834023703161,8.340860000000001,10,,DK00FX113
efd2361494d5f8bfa0f61202c1ecdf58,2025-06-22T19:49:27.000Z,2025-06-22T23:25:27.000Z,57.4366,10.7575,10.727508333333333,57.38374666666667,10.772388333333334,57.502055,False,219013885,DORIS VENDELBO,DNK,050513a98-880a-98f7-ccc3-650614d8533f,2.4999999982339376,15.681058720610014,4.1075420000000005,12,,DK00FX113
e975e94e480db63db82df8ad91c8301b,2025-06-22T20:04:54.000Z,2025-06-23T02:42:41.000Z,57.4435,10.7368,10.726185,57.36434666666667,10.768268333333333,57.48436,False,219002005,CHRISTINA KJAER FN81,DNK,58a5008c7-7a90-a74a-7643-3f1b7ad95a77,2.284821435809136,28.345447851772462,6.05458,12,,DK00FX113
ad0fa2e9c2e9f4285e94f444b39a11de,2025-06-22T20:07:49.000Z,2025-06-23T02:19:32.000Z,57.4119,10.7372,10.723463333333333,57.31589666666667,10.759248333333334,57.469795,False,219005866,FN 72 NEBRASKA,DNK,4d50ffa58-835c-b38b-5f5d-84807d6929d5,2.6981566917786384,31.06121569073774,10.447040999999999,9,,DK00FX113
3cc5c1e4e3f1e549c040b940f9a611a0,2025-06-23T04:07:54.000Z,2025-06-23T05:04:06.000Z,57.5078,10.5254,10.524183333333333,57.504565,10.526926666666666,57.51185666666667,True,220368000,O 159 RANDI,DNK,23b776e71-126f-9ab4-62f5-3dd2f3acef61,0.8382353020064971,1.5203451169951692,1.262329,2,555522471;555543258;555557024,DK00FX113
51dd0d78b9a9113845ba1ee97be4149b,2025-06-23T06:17:42.000Z,2025-06-23T06:53:36.000Z,57.494,10.5159,10.513345,57.487433333333335,10.520345,57.499048333333334,False,219003138,H84 GULDBORG,DNK,757ca9b0e-e2cf-fff6-f4d2-3b00c792efbf,2.0684210563960828,2.3455213440465625,0,2,555522471;555543258;555557024;555538085;67881,DK00FX113
55300cf8a06cc5e4e5e0ca1e4e71508e,2025-06-23T14:05:15.000Z,2025-06-23T14:38:12.000Z,57.518,10.536,10.54238833333332,57.51598166666667,10.531936666666667,57.52672833333333,True,220024000,RI158 LYNGVIG,DNK,7620ffb1d-dd21-b340-ddb8-e38baa4eec93,1.8759999990463259,1.7995016651598734,3.786756,4,555543258;555522471;555557024,DK00FX113
378ce003dc662c3e19b7923bd0a6cba0,2025-06-23T19:38:19.000Z,2025-06-24T02:52:20.000Z,57.5334,10.6997,10.64756,57.454415,10.748355,57.59934833333333,False,220278000,A 321 HENRIETTE DUE,DNK,26d5d36d3-35c9-78be-806c-8b22890708eb,2.6366037407011347,35.0549534942134,2.8574960000000003,5,,DK00FX113
4bc67385a05992d010b837af2a83dfe0,2025-06-23T19:47:15.000Z,2025-06-24T03:13:48.000Z,57.5077,10.7049,10.642981666666667,57.423093333333334,10.758946666666667,57.57277166666667,False,220349000,FN 422 LINA T,DNK,78716bdbe-eae3-1939-1d88-b28723752b4d,2.5816793601021524,35.2144915673562,4.9168009999999995,6,,DK00FX113
e9831665e95d57fe189c203e59482807,2025-06-23T19:53:07.000Z,2025-06-23T22:51:00.000Z,57.4016,10.7605,10.739995,57.338495,10.767076666666666,57.461288333333336,False,220127000,FN 261 STJERNE,DNK,013ba7567-7f7c-5d39-c59b-1b6822c67083,2.625925914740857,14.053927412741606,7.988721,10,,DK00FX113
1024bde9739d8003f50a792e5432f5b2,2025-06-23T19:57:55.000Z,2025-06-24T02:30:15.000Z,57.4109,10.718,10.694281666666667,57.37984,10.74279,57.44878333333333,False,220256000,CHARLOTTE P  FN 131,DNK,f9350d74d-d66f-c031-94cd-b0f227dd5a0f,2.5736170215809624,30.592038099431086,5.839861,10,,DK00FX113
df23123dccf67d81575f161bcdd580ec,2025-06-23T19:59:21.000Z,2025-06-24T02:34:05.000Z,57.4586,10.6742,10.650970000000001,57.421585,10.690355,57.518121666666666,False,219002005,CHRISTINA KJAER FN81,DNK,58a5008c7-7a90-a74a-7643-3f1b7ad95a77,2.331336418055168,28.954992564200744,5.501634,7,,DK00FX113
ab15aa30ca134dcdaa02c7733dc08633,2025-06-23T20:05:53.000Z,2025-06-24T02:49:37.000Z,57.4456,10.7116,10.749760000000009,57.356766666666665,10.686538333333345,57.53592666666667,False,220368000,O 159 RANDI,DNK,23b776e71-126f-9ab4-62f5-3dd2f3acef61,2.5405940478391003,31.79593483795427,5.687492,11,,DK00FX113
bf354ed8434602788688c23e1ae739a4,2025-06-23T20:14:04.000Z,2025-06-24T02:50:02.000Z,57.4361,10.7044,10.677058333333333,57.40197333333333,10.735318333333334,57.46885,False,219006971,FN 220 IDA MARIE,DNK,3b71e97ba-a4ac-6fd8-ac1f-b3ced497dab4,2.4218182192607363,29.283002318995784,5.282332,9,,DK00FX113
8e14ecb1dd6fd1383540456c550e12bb,2025-06-24T03:47:02.000Z,2025-06-24T04:20:00.000Z,57.5023,10.5242,10.529349999999994,57.50191,10.517875000000004,57.502805,True,219002005,CHRISTINA KJAER FN81,DNK,58a5008c7-7a90-a74a-7643-3f1b7ad95a77,0.6450000002980234,0.720168371895413,1.632363,3,555557024;555522471;555543258,DK00FX113
ef1710fb5825930acae172b10f068a20,2025-06-24T03:50:33.000Z,2025-06-24T04:26:27.000Z,57.5069,10.5139,10.518881666666658,57.50591166666667,10.508595000000014,57.50788,True,220368000,O 159 RANDI,DNK,23b776e71-126f-9ab4-62f5-3dd2f3acef61,0.6047619084517161,0.6481523677083978,2.302753,3,555522471;555543258;555557024,DK00FX113
937a174855f073c00361d95a332c2372,2025-06-24T19:46:24.000Z,2025-06-25T02:59:05.000Z,57.4487,10.733,10.711658333333334,57.360195,10.756123333333333,57.55005666666667,False,220368000,O 159 RANDI,DNK,23b776e71-126f-9ab4-62f5-3dd2f3acef61,2.544680838381992,33.75841884971216,6.621321,11,,DK00FX113
764310d9465b200b7725ec779e58f7a4,2025-06-24T20:10:04.000Z,2025-06-24T23:04:38.000Z,57.3926,10.7081,10.74255500000001,57.3268,10.689768333333348,57.443576666666665,False,219005866,FN 72 NEBRASKA,DNK,4d50ffa58-835c-b38b-5f5d-84807d6929d5,2.6279279354724796,13.944445890692307,9.075627,10,,DK00FX113
5ecc4865943328239f4a3c301483ae24,2025-06-24T20:10:29.000Z,2025-06-25T02:41:14.000Z,57.4328,10.6862,10.65272,57.36947,10.731286666666668,57.494503333333334,False,219002005,CHRISTINA KJAER FN81,DNK,58a5008c7-7a90-a74a-7643-3f1b7ad95a77,2.3768115970823507,29.206143340554032,7.9579390000000005,8,,DK00FX113
758a9e9b6c7c09bc439c2235bdefdef1,2025-06-24T23:19:40.000Z,2025-06-25T02:23:04.000Z,57.3837,10.7361,10.677333333333333,57.3256,10.790498333333334,57.43610666666667,False,219005866,FN 72 NEBRASKA,DNK,4d50ffa58-835c-b38b-5f5d-84807d6929d5,2.7871559497413294,15.566225846020044,8.403216,9,,DK00FX113
977ea6f9f92c074d745e8caded2a3a13,2025-06-25T15:22:34.000Z,2025-06-25T16:33:29.000Z,57.6499,10.7038,10.699413333333334,57.64866333333333,10.707345,57.65177666666666,False,219004279,OBERON,DNK,add236b2f-f6f8-2c3d-8e0f-e02751c4eb26,1.9488888813389675,3.0925953684588827,0.5949930000000001,10,,DK00FX113
92e8f3f517ae3278c9a196008c0a48d3,2025-06-25T21:25:06.000Z,2025-06-26T03:15:01.000Z,57.662,10.7494,10.66414,57.560743333333335,10.902351666666666,57.73175,False,219005956,STEPHANIE DALSOE,DNK,55d89b91d-d45c-b1c5-7535-608cc4d7d592,2.457096785691479,26.310600164349978,4.6051660000000005,8,,DK00FX113
fe67e29d2d9d5836ee48c279c5a55ef1,2025-06-25T22:44:06.000Z,2025-06-26T02:46:09.000Z,57.4588,10.7596,10.779949999999985,57.3925,10.744453333333325,57.53655333333333,False,219004119,FN 408 KENJA,DNK,a66a343a0-067b-549a-e066-e3fbe976aadd,2.3486631344505815,17.159541948958324,2.303178,13,,DK00FX113
8c7bf8b4868ccf7e95fd1cdc40757d1b,2025-06-26T04:31:19.000Z,2025-06-26T05:13:31.000Z,57.4978,10.5346,10.533965,57.49454,10.535345,57.500172,True,219012459,HM 67 LOTTI,DNK,cdca9c2b2-2f96-afb2-e67e-976ee9505b4e,0.6000000000000001,0.6435462398237786,1.195227,2,555522471;555538085;555543258;67881;555557024,DK00FX113
b4b004dd142b505a9f73b6979a76bbb5,2025-06-26T20:03:57.000Z,2025-06-27T02:27:51.000Z,57.4528,10.6852,10.652765,57.37202666666666,10.746355,57.48814333333333,False,219005659,KAREN-PETER RS314,DNK,a79b138f3-3f7a-9e9b-2db2-fca724d8bb38,2.3062500103663366,27.607466548712683,7.9579390000000005,8,,DK00FX113
abbb8ebb8feceb3830c7f3a1f72b69dd,2025-06-27T18:53:09.000Z,2025-06-28T01:22:16.000Z,57.6102,10.7267,10.80977999999999,57.46479166666666,10.687456666666662,57.721385,False,220345000,SG115 CECILIE MATHIL,DNK,58b5fd79c-c1e1-ab38-017b-ed3345596621,2.6242718443901403,31.29485749774345,3.265924,13,,DK00FX113
d6602424032b36ec2ddeca63117af93a,2025-06-28T19:43:01.000Z,2025-06-29T02:20:07.000Z,57.4075,10.7514,10.723906666666666,57.32818833333334,10.771926666666667,57.469515,False,219004119,FN 408 KENJA,DNK,a66a343a0-067b-549a-e066-e3fbe976aadd,2.3374016187557096,28.48425304804707,9.387165000000001,10,,DK00FX113
8a6799fe3a7ebfa7f86f1df39b629023,2025-06-28T21:09:49.000Z,2025-06-30T09:44:06.000Z,57.4923,10.5051,10.50813333333332,57.49207333333333,10.502281666666676,57.49461,False,220345000,SG115 CECILIE MATHIL,DNK,58b5fd79c-c1e1-ab38-017b-ed3345596621,0.018226002538769086,0.7014579237204175,0,2,,DK00FX113
db1681ae7664a846f16d97bae45ba331,2025-06-30T08:01:45.000Z,2025-06-30T09:03:15.000Z,57.2647,10.6312,10.582715,57.214058,10.696232,57.300977,False,219220156,S 543 TAHA,DNK,0a0df7dd4-43c4-b65d-97d8-26c779cb2248,6.242857142857143,11.835722658158797,11.930292,4,555543150;555556912;555641546;555790713,DK00FX113
5af8d1184c5a4c67eba0990892a26175,2025-06-30T17:13:00.000Z,2025-06-30T19:17:09.000Z,57.2857,10.6042,10.696470000000005,57.217495,10.534363000000013,57.332027,False,219220156,S 543 TAHA,DNK,0a0df7dd4-43c4-b65d-97d8-26c779cb2248,4.574999999999999,16.24716315347138,15.560038,9,555641546;555543150;555556912;555790713,DK00FX113
336b9ca84cb99e1b3ab036066c2d16d8,2025-06-30T19:14:21.000Z,2025-06-30T22:27:18.000Z,57.5825,10.6724,10.658145,57.515185,10.692853333333334,57.63263833333333,False,220345000,SG115 CECILIE MATHIL,DNK,58b5fd79c-c1e1-ab38-017b-ed3345596621,2.396647990207765,14.187365030289984,1.194245,4,,DK00FX113
8968b9a04f48d55e424de06aa4a4ca2a,2025-06-30T19:37:58.000Z,2025-07-01T02:32:10.000Z,57.4156,10.7546,10.743829999999999,57.338168333333336,10.770195,57.478945,False,219004119,FN 408 KENJA,DNK,a66a343a0-067b-549a-e066-e3fbe976aadd,2.342525829762681,29.665433170421558,7.988721,10,,DK00FX113
925dd855ad0aea6813ccea8a6a649073,2025-06-30T19:52:38.000Z,2025-07-01T02:35:22.000Z,57.4651,10.682,10.70824833333333,57.40739333333333,10.660750000000007,57.53666833333333,False,219005659,KAREN-PETER RS314,DNK,a79b138f3-3f7a-9e9b-2db2-fca724d8bb38,2.2968254086044104,29.024657613294554,3.194007,10,,DK00FX113
557b868c22aee96c96c4b5a75a4ccbf7,2025-06-30T19:59:21.000Z,2025-06-30T23:59:03.000Z,57.4372,10.7455,10.738903333333333,57.359055,10.76397,57.48844166666667,False,219005866,FN 72 NEBRASKA,DNK,4d50ffa58-835c-b38b-5f5d-84807d6929d5,2.701960805730493,19.753001210121756,5.843249,12,,DK00FX113
747a65b7aeee12bfd75209d83b209abd,2025-07-01T00:47:18.000Z,2025-07-01T02:33:22.000Z,57.371,10.7617,10.756035,57.337535,10.766565,57.40967,False,219005866,FN 72 NEBRASKA,DNK,4d50ffa58-835c-b38b-5f5d-84807d6929d5,2.537209317434665,8.277429860312104,7.806697,10,,DK00FX113
3fa3e2271ed353ba16c6799f0e087d3c,2025-07-01T04:41:09.000Z,2025-07-01T12:49:14.000Z,57.2423,10.6614,10.749981999999989,57.170418,10.535560000000004,57.333832,False,219220156,S 543 TAHA,DNK,0a0df7dd4-43c4-b65d-97d8-26c779cb2248,3.0065693430656926,33.11730666310498,17.70918,12,555790713;555543150;555556912;555641546,DK00FX113
2e14ce33f856cacae3e0cec8d25a72c8,2025-07-01T19:48:17.000Z,2025-07-01T23:35:01.000Z,57.4062,10.7444,10.733598333333333,57.34009833333333,10.760105,57.468625,False,219003138,H84 GULDBORG,DNK,757ca9b0e-e2cf-fff6-f4d2-3b00c792efbf,2.1672316308075423,14.839639164439399,8.144656,11,,DK00FX113
34ee63bca55913aa61c514c4ca1c8edf,2025-07-01T19:48:19.000Z,2025-07-01T22:45:00.000Z,57.4216,10.7581,10.76985666666667,57.365045,10.750593333333342,57.47602666666667,False,219004119,FN 408 KENJA,DNK,a66a343a0-067b-549a-e066-e3fbe976aadd,2.2761290423812404,12.421567840585858,4.447797,12,,DK00FX113
bc76ca509b27f7b2744ef6ea5a8ee797,2025-07-01T19:57:07.000Z,2025-07-01T23:01:26.000Z,57.4267,10.7446,10.763951666666657,57.356613333333335,10.737445000000008,57.486196666666665,False,219005866,FN 72 NEBRASKA,DNK,4d50ffa58-835c-b38b-5f5d-84807d6929d5,2.607142851143687,14.795976707723327,5.591957000000001,11,,DK00FX113
cc9da3f6d21e75acb2b9b0011896104d,2025-07-01T22:05:01.000Z,2025-07-06T16:50:13.000Z,57.4926,10.505,10.507329999999996,57.49232166666667,10.50331833333334,57.494638333333334,False,219904000,KATRINE O 111,DNK,1740995e6-623a-c1a5-cb82-31c353e8c37a,0.0035833642924203795,1.0575369924085674,0,2,,DK00FX113
0de240b6009a3afcdf0eda53d0602792,2025-07-01T23:14:22.000Z,2025-07-02T02:44:02.000Z,57.4089,10.7489,10.735333333333333,57.34278,10.763226666666666,57.49005666666667,False,219005866,FN 72 NEBRASKA,DNK,4d50ffa58-835c-b38b-5f5d-84807d6929d5,2.624705877374201,17.0190643921231,7.988721,10,,DK00FX113
eab1d81138da4b6bd794f6d52069c72f,2025-07-01T23:40:52.000Z,2025-07-02T02:09:11.000Z,57.4686,10.6812,10.668105,57.421635,10.69071,57.513691666666666,False,219005659,KAREN-PETER RS314,DNK,a79b138f3-3f7a-9e9b-2db2-fca724d8bb38,2.35000001390775,10.549239880564713,5.388828,8,,DK00FX113
79e6fa0053eabec7b5c6611ed6884fa7,2025-07-02T00:00:19.000Z,2025-07-02T02:44:16.000Z,57.3765,10.7572,10.76082333333332,57.32730333333333,10.748838333333339,57.43163666666667,False,219004119,FN 408 KENJA,DNK,a66a343a0-067b-549a-e066-e3fbe976aadd,2.3358209315520613,11.736554821481,8.915777,9,,DK00FX113
5e84400af99cc4e4bff18ff35ae03448,2025-07-02T04:21:10.000Z,2025-07-02T05:41:08.000Z,57.4956,10.5093,10.502586666666666,57.492308333333334,10.521283333333333,57.50044333333334,False,219002585,FN 4 LAERKE,DNK,705d7679a-aaae-a574-ab8a-8e0d33eced6c,0.3847826107040696,0.9955522270564241,0,1,555557024;555543258;555522471,DK00FX113
f1aedf5d137fabb60cdae44f3ef97450,2025-07-02T13:51:16.000Z,2025-07-02T14:13:14.000Z,57.6148,10.4644,10.454498,57.60861,10.472552,57.620952,False,219021597,AZUMA,DNK,c9b0b4922-2f6b-e22c-f20f-5bdae5526f5f,2.45,1.7743498444679,2.523033,1,,DK00FX113
c717098f635a8a85f6ffaad9767f69df,2025-07-02T19:46:45.000Z,2025-07-02T23:58:43.000Z,57.584,10.6745,10.69263166666667,57.509526666666666,10.65700000000001,57.63278833333333,False,219005659,KAREN-PETER RS314,DNK,a79b138f3-3f7a-9e9b-2db2-fca724d8bb38,2.054117659567034,16.13533420489906,0.597286,5,,DK00FX113
f88dadd27967ee25af73d61b3d7977cd,2025-07-03T00:14:56.000Z,2025-07-03T02:39:06.000Z,57.3761,10.7571,10.762116666666657,57.325981666666664,10.751016666666658,57.41837833333334,False,219004119,FN 408 KENJA,DNK,a66a343a0-067b-549a-e066-e3fbe976aadd,2.3428571536427447,10.39491057363406,8.915777,9,,DK00FX113
70c2a2709639abe74a1d06a324c00b96,2025-07-03T19:38:37.000Z,2025-07-04T02:43:59.000Z,57.5331,10.6951,10.651955,57.460165,10.759153333333334,57.60008833333333,False,219001522,SOREN STRANDBY,DNK,56e82f0b6-6312-ba1d-a4e2-6c8834dbd3d8,2.614681411648059,39.159668681129276,2.110713,5,,DK00FX113
5ee3002d9d0d1042f630e16136c5ca6a,2025-07-03T19:57:40.000Z,2025-07-04T02:42:04.000Z,57.3825,10.7108,10.674488333333333,57.30234166666666,10.759575,57.44157,False,219005866,FN 72 NEBRASKA,DNK,4d50ffa58-835c-b38b-5f5d-84807d6929d5,2.5938271470521213,33.717370019772005,8.489062,8,,DK00FX113
64bae84dce817deecb35c9b8f571f6cd,2025-07-03T20:04:30.000Z,2025-07-04T02:45:06.000Z,57.542,10.7148,10.80121166666666,57.47396666666667,10.658001666666678,57.59729166666666,False,219006971,FN 220 IDA MARIE,DNK,3b71e97ba-a4ac-6fd8-ac1f-b3ced497dab4,2.429181527412659,34.53136766811384,2.110296,12,,DK00FX113
123b36b71e244921f4722862dd4e3533,2025-07-04T04:07:41.000Z,2025-07-04T04:45:28.000Z,57.503,10.5226,10.521821666666666,57.499781666666664,10.523965,57.50562,True,219001522,SOREN STRANDBY,DNK,56e82f0b6-6312-ba1d-a4e2-6c8834dbd3d8,0.5900000095367433,0.651797173004335,1.262329,2,555557024;555543258;555522471,DK00FX113
daba53b6c0dd311d8d155ed2a8bd7ce3,2025-07-04T19:26:56.000Z,2025-07-05T02:41:03.000Z,57.5267,10.7033,10.677395,57.45053,10.72652,57.589635,False,219006301,FN 308 HELLE LOTTE,DNK,64130f509-9c27-c779-f4bc-cbfaa9ae6e0b,2.236336376864811,29.86569802539716,2.223899,7,,DK00FX113
cbc618149692b352101aa235780f9dc0,2025-07-04T19:33:21.000Z,2025-07-05T02:53:02.000Z,57.5512,10.7174,10.737201666666664,57.466593333333336,10.709876666666673,57.621296666666666,False,220072000,R177 DUEODDE,DNK,438ea858e-e541-e793-8324-1972af53ee8e,2.455910587082275,32.7858199060672,2.110296,8,,DK00FX113
0cc554a0f131ec42f978fe2629b82329,2025-07-04T19:52:47.000Z,2025-07-05T03:11:33.000Z,57.5325,10.7203,10.710987,57.467123,10.738308,57.603388,False,219012459,HM 67 LOTTI,DNK,cdca9c2b2-2f96-afb2-e67e-976ee9505b4e,2.4329268292682924,31.031560021362562,1.6328420000000001,7,,DK00FX113
9e75c35bec823d053665383240177d30,2025-07-04T19:55:17.000Z,2025-07-04T23:21:06.000Z,57.3835,10.7129,10.751308333333327,57.30506166666667,10.685986666666679,57.44361833333333,False,219005866,FN 72 NEBRASKA,DNK,4d50ffa58-835c-b38b-5f5d-84807d6929d5,2.527272751046853,16.344100615203676,10.271213,8,,DK00FX113
dee4ea9ff41bd6801e4d104b79253c3d,2025-07-04T20:07:48.000Z,2025-07-04T23:21:14.000Z,57.5302,10.7169,10.735331666666667,57.462,10.704888333333344,57.578325,False,219007036,MUSSE,DNK,2f46b5073-3485-ba8a-5011-22aed77145de,2.3970588367870613,13.993267176812857,2.8571880000000003,9,,DK00FX113
80078d6905c8171abfb0a635389ff4e6,2025-07-04T23:37:26.000Z,2025-07-05T03:05:24.000Z,57.4991,10.7186,10.70027,57.436308333333336,10.73892,57.566405,False,219007036,MUSSE,DNK,2f46b5073-3485-ba8a-5011-22aed77145de,2.444531252607703,15.145886612673227,3.543894,8,,DK00FX113
d5b42e38b19e0223db1766496302bf82,2025-07-04T23:39:25.000Z,2025-07-05T02:34:38.000Z,57.374,10.7156,10.67646,57.30618833333333,10.74392,57.431895,False,219005866,FN 72 NEBRASKA,DNK,4d50ffa58-835c-b38b-5f5d-84807d6929d5,2.7656250260770325,14.81023977963744,8.694723,9,,DK00FX113
f224998edf855258c362d855bf35bc1e,2025-07-05T03:49:07.000Z,2025-07-05T15:17:14.000Z,57.492,10.5065,10.503945,57.491605,10.532895,57.49435,False,219006301,FN 308 HELLE LOTTE,DNK,64130f509-9c27-c779-f4bc-cbfaa9ae6e0b,0.045584045732632666,0.5346437828605495,0,1,555538085;555557024;555522471;67881;555543258,DK00FX113
1b3be8ea9246f544bb289da89c3a833f,2025-07-05T04:24:34.000Z,2025-07-05T05:13:46.000Z,57.4976,10.5116,10.507983,57.493393,10.515948,57.501553,False,219012459,HM 67 LOTTI,DNK,cdca9c2b2-2f96-afb2-e67e-976ee9505b4e,0.8538461538461537,1.0408943021389512,0,2,555543258;555522471;555557024,DK00FX113
8d7afc76892379c0adc7b069faa88246,2025-07-05T19:14:10.000Z,2025-07-05T22:51:11.000Z,57.5746,10.678,10.660533333333333,57.504281666666664,10.727535,57.627075,False,220072000,R177 DUEODDE,DNK,438ea858e-e541-e793-8324-1972af53ee8e,2.353125063469633,15.805190700003449,1.632123,3,,DK00FX113
b0e11658a69ff8453755c5546ee962e7,2025-07-05T19:18:02.000Z,2025-07-05T23:28:06.000Z,57.5765,10.7043,10.750499999999988,57.494993,10.671683000000002,57.631352,False,219012459,HM 67 LOTTI,DNK,cdca9c2b2-2f96-afb2-e67e-976ee9505b4e,2.6431372549019603,18.14820391649581,1.195227,9,,DK00FX113
c3859283debc0a3f81f6f78b5d3f258d,2025-07-05T19:18:30.000Z,2025-07-05T23:59:00.000Z,57.5469,10.6862,10.719258333333329,57.464565,10.665751666666665,57.59708,False,219006301,FN 308 HELLE LOTTE,DNK,64130f509-9c27-c779-f4bc-cbfaa9ae6e0b,2.228571468456225,19.514227564786996,2.637902,8,,DK00FX113
ba6f4a3a09b56b14ae2c71f287528b03,2025-07-05T19:37:56.000Z,2025-07-05T22:23:41.000Z,57.3803,10.7273,10.76068166666667,57.32696833333333,10.689826666666676,57.428958333333334,False,219004119,FN 408 KENJA,DNK,a66a343a0-067b-549a-e066-e3fbe976aadd,2.4423529989579147,12.354258517553333,8.915777,9,,DK00FX113
10b61cc81f9cc4eda7ea240d391ce414,2025-07-05T19:48:31.000Z,2025-07-06T03:54:29.000Z,57.416,10.722,10.692378333333334,57.333576666666666,10.766651666666666,57.488398333333336,False,220349000,FN 422 LINA T,DNK,78716bdbe-eae3-1939-1d88-b28723752b4d,2.7469273795628673,40.18892349760405,9.003445,10,,DK00FX113
82203597882fb8da08527e6e2e70231e,2025-07-05T20:01:37.000Z,2025-07-05T23:42:40.000Z,57.581,10.6448,10.630351666666666,57.525245,10.665166666666666,57.61975,False,219024715,FRU LUNDSGAARD SG 17,DNK,90127c090-07a8-9d1b-f1f7-67079141c112,2.4246268868446363,15.076082945885913,3.185572,4,,DK00FX113
0697876a917b9003c19d26a9605c6f67,2025-07-05T23:15:20.000Z,2025-07-06T02:41:20.000Z,57.5116,10.7492,10.760739999999998,57.44613,10.731391666666667,57.58168333333333,False,220072000,R177 DUEODDE,DNK,438ea858e-e541-e793-8324-1972af53ee8e,2.4085714791502277,15.229183652898413,3.335848,11,,DK00FX113
4c28ca03937cc99e6353d7d65743ad94,2025-07-06T00:11:37.000Z,2025-07-06T03:07:05.000Z,57.5135,10.759,10.74012,57.47733,10.77344,57.573595,False,219012459,HM 67 LOTTI,DNK,cdca9c2b2-2f96-afb2-e67e-976ee9505b4e,2.746551724137931,13.33613259114052,1.7933320000000001,8,,DK00FX113
908a4a06076a262837081380715e72c0,2025-07-06T00:34:33.000Z,2025-07-06T02:09:49.000Z,57.3604,10.7365,10.750368333333341,57.32727833333333,10.720378333333343,57.38862666666667,False,219004119,FN 408 KENJA,DNK,a66a343a0-067b-549a-e066-e3fbe976aadd,2.4166667014360437,7.121622726753696,8.976055,9,,DK00FX113
ebcaa41a49aaf5f0e85b8600107dcb16,2025-07-06T01:45:40.000Z,2025-07-06T02:24:21.000Z,57.4831,10.7256,10.73193333333333,57.473108333333336,10.71717000000001,57.49480833333333,False,219006301,FN 308 HELLE LOTTE,DNK,64130f509-9c27-c779-f4bc-cbfaa9ae6e0b,2.2407407495710583,2.678741681789901,2.637309,8,,DK00FX113
b1d39e719fbdb7013eba076fe6bfc9c2,2025-07-06T07:06:47.000Z,2025-07-06T08:16:21.000Z,57.5861,10.442,10.439548,57.58368,10.444127,57.588158,False,219018343,DORTHE 4,DNK,3385c27d5-5f53-afde-7080-39b9a06aa689,1.1571428571428575,1.5300158242290403,1.261632,1,,DK00FX113
528493f5d719b92eaa9d91c07af0983d,2025-07-06T19:33:13.000Z,2025-07-06T22:42:01.000Z,57.5901,10.6543,10.672051666666675,57.52535,10.645505000000014,57.64053833333333,False,219024715,FRU LUNDSGAARD SG 17,DNK,90127c090-07a8-9d1b-f1f7-67079141c112,2.350000034249017,13.398776105259895,1.262097,6,,DK00FX113
6f1b345d43ab0bc58e74916aec92c305,2025-07-06T19:44:51.000Z,2025-07-06T21:30:10.000Z,57.3622,10.7394,10.720383333333332,57.329458333333335,10.75565,57.39659666666667,False,219004119,FN 408 KENJA,DNK,a66a343a0-067b-549a-e066-e3fbe976aadd,2.4101695610305005,7.787991305059219,9.387165000000001,10,,DK00FX113
4b0d47444cab6d62178c0ae259f9113a,2025-07-06T19:55:11.000Z,2025-07-07T02:51:17.000Z,57.3815,10.7159,10.74827666666667,57.304116666666665,10.68168833333334,57.44844,False,219005866,FN 72 NEBRASKA,DNK,4d50ffa58-835c-b38b-5f5d-84807d6929d5,2.6575342394989923,32.951261817677626,10.212234,7,,DK00FX113
2c07477f76533b78230deea7bfc068db,2025-07-06T22:29:23.000Z,2025-07-07T01:32:59.000Z,57.4705,10.7616,10.685495,57.42827666666667,10.835706666666667,57.51793,False,220072000,R177 DUEODDE,DNK,438ea858e-e541-e793-8324-1972af53ee8e,2.4180180775421167,13.549773110915993,4.335749,9,,DK00FX113
29f9250f54286ded1dc84dcbbe0c53c7,2025-07-06T22:54:46.000Z,2025-07-06T23:48:17.000Z,57.6281,10.6584,10.653305,57.61555833333333,10.663105,57.631161666666664,False,219024715,FRU LUNDSGAARD SG 17,DNK,90127c090-07a8-9d1b-f1f7-67079141c112,1.7033333341280614,1.751518900758412,1.2613230000000002,10,,DK00FX113
3b88d5b0bb7ba7bf862d9c451cb282f4,2025-07-07T00:00:42.000Z,2025-07-07T02:43:13.000Z,57.5549,10.7137,10.690656666666667,57.52146,10.768693333333333,57.58400833333334,False,219006301,FN 308 HELLE LOTTE,DNK,64130f509-9c27-c779-f4bc-cbfaa9ae6e0b,2.0952830671701785,10.78741887364366,0.5971219999999999,6,,DK00FX113
a436c3922f1ad31082680b41917eea6b,2025-07-07T00:00:52.000Z,2025-07-07T03:09:09.000Z,57.3625,10.7348,10.699695,57.31066833333333,10.758485,57.41603666666666,False,219004119,FN 408 KENJA,DNK,a66a343a0-067b-549a-e066-e3fbe976aadd,2.4567796934585435,13.784019693092981,9.86035,10,,DK00FX113
b5fa3e267a6f524b259dcc8d81d9745e,2025-07-07T03:59:13.000Z,2025-07-07T14:53:23.000Z,57.4925,10.507,10.517981666666657,57.491925,10.50250166666666,57.49865333333333,False,219006301,FN 308 HELLE LOTTE,DNK,64130f509-9c27-c779-f4bc-cbfaa9ae6e0b,0.11945946055489612,1.8312887172028474,0.597614,2,555557024;555522471;555543258,DK00FX113
d520b4766db61ad67ea10418fb54e121,2025-07-07T05:44:49.000Z,2025-07-11T17:16:44.000Z,57.4955,10.5014,10.500925,57.4952,10.502463333333333,57.49594,False,219007027,EMILIA S492,DNK,3776909d3-32c0-7c99-f9b6-5f47eaa70f35,0.0013013840309599866,10.082121637405523,1.111949,1,,DK00FX113
52e23c00f28e14aaf7d5b76f46a48b93,2025-07-07T06:04:58.000Z,2025-07-07T06:27:00.000Z,57.2674,10.7448,10.748449999999991,57.2566,10.741950000000003,57.276083,False,265072170,MAJA,SWE,e91b59238-858d-50f4-2dc7-572bca8a138a,3.133333333333333,2.20221821172962,11.143878,6,555543259;555790713;555522469,DK00FX113
cd94c3e3d9d4917cb331fe9514e9486b,2025-07-07T08:55:54.000Z,2025-07-07T09:22:41.000Z,57.4804,10.679,10.666733,57.470417,10.6894,57.490333,False,265072170,MAJA,SWE,e91b59238-858d-50f4-2dc7-572bca8a138a,3.1599999999999997,2.607511161825117,0.5979410000000001,5,,DK00FX113
228ec9220285336d77fc81f6cea6f9d8,2025-07-07T19:42:26.000Z,2025-07-07T21:29:54.000Z,57.3633,10.7405,10.723441666666666,57.322935,10.760128333333334,57.39516833333333,False,219004119,FN 408 KENJA,DNK,a66a343a0-067b-549a-e066-e3fbe976aadd,2.492682927992285,8.363864073503695,10.447040999999999,9,,DK00FX113
6a56adb86e2dff21ce97b2096bf82390,2025-07-07T20:05:24.000Z,2025-07-07T22:56:40.000Z,57.3782,10.7215,10.68698,57.315751666666664,10.748656666666667,57.44086166666666,False,219005866,FN 72 NEBRASKA,DNK,4d50ffa58-835c-b38b-5f5d-84807d6929d5,2.7244681069191476,14.483905697004637,9.073065,10,,DK00FX113
ff54d6bbf615cae21dcb9a3842b546e7,2025-07-07T23:33:20.000Z,2025-07-08T02:52:16.000Z,57.3745,10.7225,10.689538333333333,57.307838333333336,10.749793333333333,57.43396666666667,False,219005866,FN 72 NEBRASKA,DNK,4d50ffa58-835c-b38b-5f5d-84807d6929d5,2.5205127650346513,15.057066253239855,9.276415,10,,DK00FX113
6a1d7271db81afb1cefc02b2c71bf58c,2025-07-08T00:10:12.000Z,2025-07-08T02:03:03.000Z,57.4482,10.7327,10.767390000000006,57.426545,10.681135000000012,57.47458,False,220072000,R177 DUEODDE,DNK,438ea858e-e541-e793-8324-1972af53ee8e,2.455769305045788,7.99602536279908,1.111949,12,,DK00FX113
1e015c11d2f9cd4032d3787211dd77d6,2025-07-08T00:27:09.000Z,2025-07-08T02:22:17.000Z,57.3712,10.7348,10.757419999999996,57.331563333333335,10.710610000000003,57.40764166666666,False,219004119,FN 408 KENJA,DNK,a66a343a0-067b-549a-e066-e3fbe976aadd,2.509677410125732,8.943317147868195,8.915777,9,,DK00FX113
9a2d3d1a9096fb3af9bf9eb9abe9e108,2025-07-08T01:45:22.000Z,2025-07-08T03:29:19.000Z,57.6702,10.5601,10.5407,57.64479,10.60402,57.715762,False,219008715,MITICA,DNK,8f3a59f60-0f3b-2923-1594-713509e6794c,4.0625,13.05513464940736,3.714314,4,,DK00FX113
bb9aa7269ec9908f86c1e7941597ca1e,2025-07-08T04:08:18.000Z,2025-07-08T04:50:06.000Z,57.5018,10.5312,10.548124999999999,57.498891666666665,10.526033333333345,57.506368333333334,True,219002585,FN 4 LAERKE,DNK,705d7679a-aaae-a574-ab8a-8e0d33eced6c,1.2344827693084193,1.6237682567118674,2.636122,2,555557024;555522471;555543258,DK00FX113
976203abfce73710a8dc4dcf8fd2eae5,2025-07-08T04:42:06.000Z,2025-07-08T05:36:00.000Z,57.4869,10.5562,10.560928333333322,57.48419166666667,10.552115000000015,57.49008,True,219904000,KATRINE O 111,DNK,1740995e6-623a-c1a5-cb82-31c353e8c37a,0.5159090980887414,0.8095069470123375,1.6328420000000001,2,67881;555557024;555538085;555522471;555543258,DK00FX113
4a4da8bf195b7755572dd4b85a93f95f,2025-07-08T19:53:18.000Z,2025-07-09T03:03:27.000Z,57.3727,10.7232,10.677086666666666,57.30374333333334,10.751878333333334,57.44463,False,219005866,FN 72 NEBRASKA,DNK,4d50ffa58-835c-b38b-5f5d-84807d6929d5,2.632208582196681,34.39305185451673,9.044312,9,,DK00FX113
c85b0e75cd26bc1745a5aa52f7a03f30,2025-07-08T20:13:56.000Z,2025-07-08T20:51:35.000Z,57.3608,10.7433,10.750128333333322,57.34840833333333,10.73698833333333,57.372615,False,219004119,FN 408 KENJA,DNK,a66a343a0-067b-549a-e066-e3fbe976aadd,2.4562500268220897,2.8063443719959507,6.778547,11,,DK00FX113
63d9dbe2e822ed6a84b035a79857af06,2025-07-09T01:13:19.000Z,2025-07-09T01:50:17.000Z,57.3775,10.7374,10.748803333333342,57.367155,10.729833333333346,57.3891,False,219004119,FN 408 KENJA,DNK,a66a343a0-067b-549a-e066-e3fbe976aadd,2.400000081342809,2.750215955846498,4.606441,12,,DK00FX113
6236485530be93ca90dadc69bf8828c0,2025-07-09T04:27:01.000Z,2025-07-09T05:28:23.000Z,57.4922,10.5306,10.553026666666653,57.49012833333333,10.524621666666661,57.50098333333333,True,219006971,FN 220 IDA MARIE,DNK,3b71e97ba-a4ac-6fd8-ac1f-b3ced497dab4,1.3333333561507363,2.371231527553212,2.3028380000000004,2,555557024;555543258;555522471;67881;555538085,DK00FX113
94094fbccde94eb62ad18ec89361df3e,2025-07-09T14:33:10.000Z,2025-07-10T16:36:11.000Z,57.6603,10.6688,10.665101666666667,57.657988333333336,10.67065,57.661655,False,259219000,ADRIANO KNUTSEN,NOR,9c8d2ca85-5691-4ab2-ab1b-66b9c17f9dc1,0.01720000027120113,1.2608174091434423,0,8,,DK00FX113
b7048e3aab00795042524a2522c6234f,2025-07-09T19:55:00.000Z,2025-07-09T23:00:37.000Z,57.3984,10.7276,10.75970666666666,57.33481166666667,10.697148333333331,57.452506666666665,False,219004119,FN 408 KENJA,DNK,a66a343a0-067b-549a-e066-e3fbe976aadd,2.3992593500349253,13.681093309794287,8.915777,9,,DK00FX113
c2aa263ac36f59da2d25515ee1d7ab6d,2025-07-09T22:05:05.000Z,2025-07-09T23:02:34.000Z,57.6608,10.7575,10.771618333333322,57.657155,10.746856666666673,57.66538833333333,False,219005867,AMALIE BENJAMIN A59,DNK,ccfc43f96-6538-806f-dbba-25394e35fd73,2.4800000190734863,0.7963038854461929,3.174826,12,,DK00FX113
6c09368e86c3c16dfb99fbc02c4f33b9,2025-07-10T01:11:08.000Z,2025-07-10T02:50:26.000Z,57.3722,10.7513,10.766165,57.34029666666667,10.73105000000001,57.40152833333333,False,219004119,FN 408 KENJA,DNK,a66a343a0-067b-549a-e066-e3fbe976aadd,2.3538462327076837,7.228288786575319,7.783645000000001,9,,DK00FX113
5d2cc81dea1cc18a3157f1143b5f007e,2025-07-10T03:38:18.000Z,2025-07-10T04:31:07.000Z,57.512,10.5473,10.55139166666666,57.510373333333334,10.544039999999995,57.51323,True,220368000,O 159 RANDI,DNK,23b776e71-126f-9ab4-62f5-3dd2f3acef61,0.732499990798533,0.9247714390926294,3.2644859999999998,3,555543258;555522471;555557024,DK00FX113
61438f86430b70be15eb1fe167fed445,2025-07-10T22:52:20.000Z,2025-07-11T01:01:03.000Z,57.6568,10.7349,10.764431666666667,57.63162833333333,10.699451666666675,57.69045166666667,False,219904000,KATRINE O 111,DNK,1740995e6-623a-c1a5-cb82-31c353e8c37a,2.187096765685465,8.462363652730765,4.3124899999999995,14,,DK00FX113
d0ed13c2bb37b57455eaf8da884c0a1e,2025-07-11T03:32:08.000Z,2025-07-12T15:03:13.000Z,57.4923,10.505,10.506766666666664,57.49214833333333,10.504750000000001,57.494395,False,219904000,KATRINE O 111,DNK,1740995e6-623a-c1a5-cb82-31c353e8c37a,0.012257348768789113,0.7804737648415646,0,2,,DK00FX113
2e0457397a2207dbc0d508df28649b68,2025-07-11T05:05:07.000Z,2025-07-11T05:42:01.000Z,57.5065,10.5384,10.567906666666659,57.495958333333334,10.51483833333333,57.51255833333333,True,219003138,H84 GULDBORG,DNK,757ca9b0e-e2cf-fff6-f4d2-3b00c792efbf,3.3555555211173167,3.840749949873778,3.7248180000000004,1,555543258;555557024;555522471,DK00FX113
abd0de2098840b7b7d9c6ca2f3f03711,2025-07-11T13:52:15.000Z,2025-07-11T14:34:28.000Z,57.6789,10.6867,10.682301666666667,57.67764666666667,10.688131666666667,57.683146666666666,False,219002827,MIE MALENE,DNK,ebfa6e49a-ae0d-2f4a-a1ca-8acdc5053e03,0.9190476224535993,1.2163168376555062,0,7,,DK00FX113
426804d1c29edce5ab4ee889c7f17849,2025-07-11T23:22:02.000Z,2025-07-12T22:09:22.000Z,57.4954,10.5011,10.501308333333327,57.495243333333335,10.500879999999995,57.4957,False,219007027,EMILIA S492,DNK,3776909d3-32c0-7c99-f9b6-5f47eaa70f35,0,1.157425091038343,1.111949,1,,DK00FX113
b6f744569a6cbb002c79a712ac3bc5ed,2025-07-13T00:25:30.000Z,2025-07-14T13:08:09.000Z,57.4954,10.5011,10.500848333333334,57.49522666666667,10.501275,57.495718333333336,False,219007027,EMILIA S492,DNK,3776909d3-32c0-7c99-f9b6-5f47eaa70f35,7.097232185245999e-05,2.1126880539546913,1.111949,1,,DK00FX113
a9e850b15eebdcbac3d92cce7b990dc8,2025-07-13T10:46:31.000Z,2025-07-13T12:26:35.000Z,57.4635,10.617,10.645712000000003,57.426688,10.555585000000008,57.514218,True,219021597,AZUMA,DNK,c9b0b4922-2f6b-e22c-f20f-5bdae5526f5f,4.288,12.689918812998437,4.796271,6,555557024;555522471;349827;555538085;555543258;67881,DK00FX113
5a06b7bc9445ef2fb233224526a6e5d8,2025-07-13T21:25:16.000Z,2025-07-13T22:42:55.000Z,57.6575,10.7429,10.731385,57.64012,10.762128333333333,57.680535,False,219024000,IDA-KATRINE S84,DNK,994c1508b-bf02-2767-e524-fd8029508cb9,2.1904762231168298,5.037648742437487,2.3806260000000004,12,,DK00FX113
ae84f0eedc7d8eb9f4786ea5f3051976,2025-07-13T21:50:06.000Z,2025-07-13T22:30:06.000Z,57.654,10.7368,10.74181333333334,57.646251666666664,10.729203333333345,57.66205,False,219005867,AMALIE BENJAMIN A59,DNK,ccfc43f96-6538-806f-dbba-25394e35fd73,2.5925925749319565,2.535772436744333,2.5221039999999997,11,,DK00FX113
dbbd3374a87576763350ed2d053bb4a4,2025-07-14T21:50:06.000Z,2025-07-14T22:49:34.000Z,57.646,10.7349,10.727723333333333,57.63561166666667,10.743696666666667,57.66235833333333,False,219024000,IDA-KATRINE S84,DNK,994c1508b-bf02-2767-e524-fd8029508cb9,1.9346153575640455,3.6259858735702197,2.3806260000000004,12,,DK00FX113
e1b88f34410dc248efe01e8e16d9cf0a,2025-07-14T23:22:16.000Z,2025-07-15T16:07:21.000Z,57.4954,10.5011,10.501294999999999,57.4953,10.500865000000005,57.49577,False,219007027,EMILIA S492,DNK,3776909d3-32c0-7c99-f9b6-5f47eaa70f35,0.00025445293000029515,1.068192927618589,1.111949,1,,DK00FX113
cac7a91d66e0e241d7396d1793a66353,2025-07-15T05:18:53.000Z,2025-07-15T06:51:40.000Z,57.5016,10.5148,10.506248,57.500072,10.524068,57.503632,True,219012459,HM 67 LOTTI,DNK,cdca9c2b2-2f96-afb2-e67e-976ee9505b4e,0.7086956521739131,1.5179755844389857,1.111949,2,555522471;555557024;555543258,DK00FX113
e2cf7319bf20f9549db342bbcb565477,2025-07-15T18:38:49.000Z,2025-07-16T00:04:07.000Z,57.6831,10.7457,10.693436666666667,57.641263333333335,10.844581666666667,57.71697666666667,False,219005867,AMALIE BENJAMIN A59,DNK,ccfc43f96-6538-806f-dbba-25394e35fd73,2.4858368970293854,24.827082364800457,0,11,,DK00FX113
75512a83ba76862ec8e34d9b4d66cac0,2025-07-15T18:50:13.000Z,2025-07-17T09:13:45.000Z,57.4954,10.5011,10.501266666666652,57.495198333333335,10.500824999999992,57.49586166666667,False,219007027,EMILIA S492,DNK,3776909d3-32c0-7c99-f9b6-5f47eaa70f35,0.00034423408430332605,2.512250290598845,1.111949,1,,DK00FX113
58c427c6861d23cbed44cd09bb1f55a3,2025-07-15T19:20:53.000Z,2025-07-15T22:42:12.000Z,57.6805,10.7654,10.728758333333333,57.640705,10.797865,57.70406833333333,False,219024715,FRU LUNDSGAARD SG 17,DNK,90127c090-07a8-9d1b-f1f7-67079141c112,2.384756121693589,14.437379734892046,2.3806260000000004,12,,DK00FX113
7194e07802bfb392ed524eca781ee020,2025-07-16T19:19:19.000Z,2025-07-17T02:31:09.000Z,57.625,10.7201,10.773284999999987,57.526165,10.662714999999992,57.69906,False,219024715,FRU LUNDSGAARD SG 17,DNK,90127c090-07a8-9d1b-f1f7-67079141c112,2.5100271081536762,28.932788536077986,4.447797,11,,DK00FX113
d06832336cd2d00fec89f87465de43a1,2025-07-16T19:53:22.000Z,2025-07-16T20:52:10.000Z,57.577,10.7474,10.736366666666667,57.56218833333333,10.750201666666667,57.592795,False,219000895,HV59 TRANESAND,DNK,9e7ded091-13df-cf44-6c72-24cb946027f3,2.070909077470953,3.6389981437346117,5.710062,11,,DK00FX113
2cb70399e30b5981905c78bfb14eb4c0,2025-07-16T21:16:09.000Z,2025-07-16T22:06:55.000Z,57.6858,10.7526,10.777831666666657,57.675875,10.743731666666662,57.695245,False,219015617,FN68 FRYDENSTRAND,DNK,d4564638c-c6f0-0ff6-c16f-a07290ebe530,2.7708333184321723,2.25141564591714,3.567004,10,,DK00FX113
7e91eaf65cf894bd26621cdec82498f1,2025-07-16T22:18:15.000Z,2025-07-16T23:16:40.000Z,57.6538,10.7377,10.727988333333334,57.636358333333334,10.750086666666666,57.66831,False,219015617,FN68 FRYDENSTRAND,DNK,d4564638c-c6f0-0ff6-c16f-a07290ebe530,2.583999991416931,4.15735567708026,2.3806260000000004,12,,DK00FX113
b9f8044bff476f2606cab90dc1d464cf,2025-07-16T23:29:00.000Z,2025-07-16T23:59:01.000Z,57.6187,10.7349,10.732635,57.608716666666666,10.736233333333333,57.628301666666665,False,219015617,FN68 FRYDENSTRAND,DNK,d4564638c-c6f0-0ff6-c16f-a07290ebe530,2.527999992370605,2.192939611515031,4.0987729999999996,13,,DK00FX113
0c0349e266a8765eb394286976d02115,2025-07-17T00:15:03.000Z,2025-07-17T02:01:00.000Z,57.5632,10.7295,10.699601666666666,57.54120666666667,10.748028333333334,57.597785,False,219015617,FN68 FRYDENSTRAND,DNK,d4564638c-c6f0-0ff6-c16f-a07290ebe530,2.5871794819831844,7.678249300038706,2.5241160000000002,8,,DK00FX113
f6d4345b39f7cf5130b3f766405c4ab4,2025-07-17T03:10:01.000Z,2025-07-17T04:49:29.000Z,57.522,10.7067,10.610751666666667,57.51947,10.807763333333334,57.52394666666667,False,219904000,KATRINE O 111,DNK,1740995e6-623a-c1a5-cb82-31c353e8c37a,3.8755319093136085,11.821004182705801,4.179857,3,,DK00FX113
a4ae0e811e990e5d9d573be640ce8e12,2025-07-17T05:03:01.000Z,2025-07-17T05:45:11.000Z,57.5126,10.5609,10.546311666666666,57.50858,10.581486666666667,57.515026666666664,True,219904000,KATRINE O 111,DNK,1740995e6-623a-c1a5-cb82-31c353e8c37a,2.0142857176916937,2.447488900271373,3.2644859999999998,3,555543258;555522471;555557024,DK00FX113
e548928df48206f10d621454754b2cda,2025-07-17T18:02:07.000Z,2025-07-17T19:19:59.000Z,57.4928,10.5039,10.502018,57.491795,10.505987,57.493697,False,219021597,AZUMA,DNK,c9b0b4922-2f6b-e22c-f20f-5bdae5526f5f,0.030769230769230764,0.7129161682170404,0,1,,DK00FX113
ef2c83ea525a0829fb963fd577780056,2025-07-17T19:21:32.000Z,2025-07-18T02:16:01.000Z,57.6308,10.7468,10.786229999999989,57.533728333333336,10.716903333333335,57.70579,False,219024715,FRU LUNDSGAARD SG 17,DNK,90127c090-07a8-9d1b-f1f7-67079141c112,2.3194366567571385,28.255177170738538,4.605421000000001,12,,DK00FX113
77d145ab938f046f0c3a548cd9b4aeb1,2025-07-17T20:35:03.000Z,2025-07-18T08:08:23.000Z,57.493,10.5037,10.501412,57.491925,10.512548,57.494975,False,219021597,AZUMA,DNK,c9b0b4922-2f6b-e22c-f20f-5bdae5526f5f,0.17676056338028176,1.9522647608755583,0,1,,DK00FX113
a03c11368bc1b600e1a2880be01fcb98,2025-07-17T21:44:50.000Z,2025-07-17T22:36:31.000Z,57.6554,10.7333,10.739218333333326,57.64543333333334,10.73105000000001,57.672041666666665,False,220343000,SOFIE LYKKE,DNK,d9c8ef7b9-9e81-9b6f-a1da-a9408b0ea526,2.2659574328584866,3.431059029447131,2.5221039999999997,11,,DK00FX113
0104dff52ca8cd055324472be6253503,2025-07-17T22:16:25.000Z,2025-07-18T01:40:04.000Z,57.6226,10.7602,10.766535000000005,57.553691666666666,10.751211666666677,57.68134833333333,False,219015617,FN68 FRYDENSTRAND,DNK,d4564638c-c6f0-0ff6-c16f-a07290ebe530,2.3893258439356018,14.96561941529163,6.323377000000001,11,,DK00FX113
853e160875ce713f70d65288eac873ff,2025-07-17T22:47:34.000Z,2025-07-17T23:10:06.000Z,57.6603,10.7346,10.732443333333332,57.650506666666665,10.73642,57.668321666666664,False,220343000,SOFIE LYKKE,DNK,d9c8ef7b9-9e81-9b6f-a1da-a9408b0ea526,2.642857104539871,1.998288364900928,2.102784,11,,DK00FX113
8f6162b7142e36bcca04063a7903b12f,2025-07-18T02:02:24.000Z,2025-07-18T02:41:20.000Z,57.553,10.7263,10.752579999999995,57.551615,10.697405000000003,57.55455333333333,False,219015617,FN68 FRYDENSTRAND,DNK,d4564638c-c6f0-0ff6-c16f-a07290ebe530,2.7594594697694528,3.309072348792265,5.346467,11,,DK00FX113
fa99b372b20f11ec0a05e78856c2e8f1,2025-07-18T05:05:48.000Z,2025-07-18T08:34:12.000Z,57.4936,10.506,10.50106,57.492621666666665,10.508286666666667,57.495893333333335,False,219007027,EMILIA S492,DNK,3776909d3-32c0-7c99-f9b6-5f47eaa70f35,0.13888888971673113,0.6221137997370684,0,1,,DK00FX113
54a1a0f5c72608ced26fe586a1e05f51,2025-07-18T19:01:36.000Z,2025-07-18T23:59:24.000Z,57.6623,10.7595,10.696791666666666,57.618795,10.788228333333333,57.70342333333333,False,219005659,KAREN-PETER RS314,DNK,a79b138f3-3f7a-9e9b-2db2-fca724d8bb38,2.089029552155657,19.86413608297296,2.302201,12,,DK00FX113
204b701755773910ff6204efac19f6f8,2025-07-19T10:04:15.000Z,2025-07-19T10:39:08.000Z,57.4322,10.5886,10.595100000000002,57.42985,10.583300000000008,57.435296666666666,False,219013885,DORIS VENDELBO,DNK,050513a98-880a-98f7-ccc3-650614d8533f,1.4096774172879032,1.4874985701250474,2.3943809999999996,4,555522471;555557024;555538085;555543258;349827,DK00FX113
0bf1099219027e04b46cabd1dc5f2dc9,2025-07-19T19:19:31.000Z,2025-07-20T02:42:00.000Z,57.6295,10.7401,10.831919999999997,57.52218833333333,10.66389000000001,57.70901666666666,False,219024715,FRU LUNDSGAARD SG 17,DNK,90127c090-07a8-9d1b-f1f7-67079141c112,2.3485714382939538,31.284446870121347,4.896369,14,,DK00FX113
e1641337d938687897884b706f32dd97,2025-07-20T01:26:20.000Z,2025-07-20T06:19:17.000Z,57.5918,10.4292,10.428888,57.590882,10.430485000000001,57.592038,False,219021597,AZUMA,DNK,c9b0b4922-2f6b-e22c-f20f-5bdae5526f5f,0.08965517241379312,0.5015633268523727,0,1,,DK00FX113
34a8df81d1a42b158c5195b144ff5ce6,2025-07-20T03:46:56.000Z,2025-07-20T04:18:04.000Z,57.5034,10.5198,10.517735,57.49901333333333,10.522506666666667,57.50814833333333,True,219024715,FRU LUNDSGAARD SG 17,DNK,90127c090-07a8-9d1b-f1f7-67079141c112,1.3518518695124875,1.1055591442487076,1.262329,2,555557024;555543258;555522471,DK00FX113
a459751c8f450d48bb9c18c724ddcc16,2025-07-20T08:41:27.000Z,2025-07-20T09:10:34.000Z,57.2463,10.6707,10.697270000000003,57.222375,10.652837000000005,57.25983,False,219220156,S 543 TAHA,DNK,0a0df7dd4-43c4-b65d-97d8-26c779cb2248,5.488888888888889,4.966345947420887,15.560038,9,555641546;555790713;555543150;555556912,DK00FX113
a2b50b703cfee96411fe7ca73c597a38,2025-07-20T10:10:13.000Z,2025-07-20T15:16:40.000Z,57.6256,10.4846,10.597196999999994,57.591092,10.428568000000013,57.701178,False,219021597,AZUMA,DNK,c9b0b4922-2f6b-e22c-f20f-5bdae5526f5f,1.8372727272727274,16.719228769477077,4.4875039999999995,9,,DK00FX113
64b4a507b572297ddc64258ceee68b30,2025-07-20T19:29:15.000Z,2025-07-20T20:56:04.000Z,57.4671,10.6781,10.703501666666654,57.44112333333333,10.659285000000011,57.493698333333334,False,219024715,FRU LUNDSGAARD SG 17,DNK,90127c090-07a8-9d1b-f1f7-67079141c112,2.4400000497698784,6.657398338210167,3.543894,8,,DK00FX113
bbe891628b1bccc7de2c2589c13bbf2d,2025-07-20T19:51:23.000Z,2025-07-21T03:07:26.000Z,57.6091,10.7292,10.631421666666666,57.528621666666666,10.782006666666666,57.67096,False,219005659,KAREN-PETER RS314,DNK,a79b138f3-3f7a-9e9b-2db2-fca724d8bb38,2.380376373407663,32.32330213658127,3.185572,4,,DK00FX113
08417b67d5e2f17449999b6ed3517bde,2025-07-20T19:53:10.000Z,2025-07-20T23:30:03.000Z,57.6003,10.7321,10.757565,57.5521,10.680608333333339,57.629468333333335,False,219006971,FN 220 IDA MARIE,DNK,3b71e97ba-a4ac-6fd8-ac1f-b3ced497dab4,2.385853680314088,15.700157131720262,5.8248299999999995,11,,DK00FX113
befde7ab91445725667a483c2f4e70aa,2025-07-20T21:05:08.000Z,2025-07-20T22:57:32.000Z,57.5338,10.6489,10.657961666666665,57.49950333333334,10.63986833333334,57.55813,False,219024715,FRU LUNDSGAARD SG 17,DNK,90127c090-07a8-9d1b-f1f7-67079141c112,2.1587629447278287,7.11234610416084,1.632123,3,,DK00FX113
5400685ed4a07601b1e3c839b345344e,2025-07-20T23:42:41.000Z,2025-07-21T03:05:04.000Z,57.5942,10.7489,10.697856666666667,57.54638333333333,10.766331666666666,57.629865,False,219006971,FN 220 IDA MARIE,DNK,3b71e97ba-a4ac-6fd8-ac1f-b3ced497dab4,2.338011745123835,14.555975307635155,3.543011,8,,DK00FX113
4891c905361139233ff81c3165bed536,2025-07-21T03:52:58.000Z,2025-07-21T04:20:10.000Z,57.502,10.5127,10.516223333333329,57.49896666666667,10.50857666666667,57.50518833333334,True,219005659,KAREN-PETER RS314,DNK,a79b138f3-3f7a-9e9b-2db2-fca724d8bb38,0.9159999990463257,0.82471547341305,1.262329,2,555557024;555543258;555522471,DK00FX113
de183d11092d7d9ced10f91055cd8ed3,2025-07-21T04:52:30.000Z,2025-07-21T05:20:32.000Z,57.5076,10.5164,10.52118999999999,57.50238,10.512963000000013,57.51123,True,219012459,HM 67 LOTTI,DNK,cdca9c2b2-2f96-afb2-e67e-976ee9505b4e,1.2600000000000002,1.1016719023781452,1.262329,2,555543258;555557024;555522471,DK00FX113
1c4e1d7f5df2b7ac23781a0f3b79462f,2025-07-21T19:27:01.000Z,2025-07-22T02:35:04.000Z,57.5783,10.754,10.730551666666667,57.50786166666666,10.78596,57.641155,False,220072000,R177 DUEODDE,DNK,438ea858e-e541-e793-8324-1972af53ee8e,2.45030122735055,31.933802237396193,2.986431,8,,DK00FX113
92e30aabd07a01db16be3edc2d3e773b,2025-07-21T19:29:18.000Z,2025-07-21T23:59:17.000Z,57.5939,10.763,10.736933333333333,57.52441666666667,10.7901,57.640366666666665,False,219005954,BELLA-EMIL,DNK,452637753-32e2-e9d8-8651-7e3396324805,2.596951179388091,21.622351731430964,3.582735,9,,DK00FX113
0f805d5d359d7119c38c578bbec4c9a5,2025-07-21T19:40:20.000Z,2025-07-22T02:41:08.000Z,57.4704,10.6763,10.703734999999995,57.423901666666666,10.655776666666668,57.513106666666665,False,219024715,FRU LUNDSGAARD SG 17,DNK,90127c090-07a8-9d1b-f1f7-67079141c112,2.3978798707466664,29.648552375583325,3.592552,10,,DK00FX113
4b2fcbb6588e7dffc69ffc0bde00e522,2025-07-21T19:44:11.000Z,2025-07-22T03:07:18.000Z,57.5992,10.7323,10.666415,57.544335,10.76258,57.62995166666666,False,219006971,FN 220 IDA MARIE,DNK,3b71e97ba-a4ac-6fd8-ac1f-b3ced497dab4,2.3721264772031514,32.41665113372105,2.302626,6,,DK00FX113
1f6bf8a515d722ee4f035d7c9aaa5077,2025-07-22T04:45:58.000Z,2025-07-22T05:48:01.000Z,57.4975,10.5433,10.54899499999999,57.495443333333334,10.535426666666666,57.499943333333334,True,220256000,CHARLOTTE P  FN 131,DNK,f9350d74d-d66f-c031-94cd-b0f227dd5a0f,0.5234042618502963,0.9405021540941987,2.636122,2,555522471;555543258;555557024;67881;555538085,DK00FX113
a5d7dc1d392441fecfeb33056654ee5c,2025-07-22T19:02:08.000Z,2025-07-22T22:55:00.000Z,57.5144,10.7585,10.770031666666654,57.42691833333333,10.75171499999999,57.58958666666667,False,220127000,FN 261 STJERNE,DNK,013ba7567-7f7c-5d39-c59b-1b6822c67083,2.525615721500567,17.281658836693147,1.111949,12,,DK00FX113
16f49f3acee810876e9b19681a76146c,2025-07-22T19:12:02.000Z,2025-07-23T03:15:10.000Z,57.5035,10.7385,10.724268333333333,57.41630333333333,10.766178333333333,57.581345,False,220256000,CHARLOTTE P  FN 131,DNK,f9350d74d-d66f-c031-94cd-b0f227dd5a0f,2.5085492199721138,36.76499575328041,2.395035,10,,DK00FX113
a2fdc6a210158a762d0c7752479ff386,2025-07-22T19:17:16.000Z,2025-07-23T02:22:19.000Z,57.5179,10.6982,10.727986666666652,57.43765333333333,10.659408333333346,57.576255,False,219006301,FN 308 HELLE LOTTE,DNK,64130f509-9c27-c779-f4bc-cbfaa9ae6e0b,2.2280840361368606,29.256521046627796,2.858421,10,,DK00FX113
5f0a83f3f769170ad018a36ab277b2ed,2025-07-22T19:40:04.000Z,2025-07-23T03:16:02.000Z,57.5991,10.7373,10.678386666666666,57.544955,10.767946666666667,57.63690666666667,False,219006971,FN 220 IDA MARIE,DNK,3b71e97ba-a4ac-6fd8-ac1f-b3ced497dab4,2.433593773748726,33.82210557825159,2.223899,7,,DK00FX113
c338bc6e9af055ef5d0394a199e6cb3f,2025-07-22T19:40:07.000Z,2025-07-22T23:29:23.000Z,57.5977,10.7467,10.768900000000002,57.53263666666667,10.698225000000008,57.635101666666664,False,219013885,DORIS VENDELBO,DNK,050513a98-880a-98f7-ccc3-650614d8533f,2.6056603575652515,18.193066720194434,4.447797,11,,DK00FX113
97e766e278c7fcfd3d10ff92f94ada45,2025-07-22T19:44:30.000Z,2025-07-23T02:22:31.000Z,57.5644,10.7534,10.782906666666662,57.482545,10.72919166666668,57.62314166666667,False,220072000,R177 DUEODDE,DNK,438ea858e-e541-e793-8324-1972af53ee8e,2.4236301653189183,29.307287823454,0.597777,11,,DK00FX113
28e87402b8c2eaf817ba020e27521214,2025-07-22T19:46:44.000Z,2025-07-23T02:28:07.000Z,57.5139,10.6647,10.642933333333334,57.44847,10.69863,57.56931,False,219024715,FRU LUNDSGAARD SG 17,DNK,90127c090-07a8-9d1b-f1f7-67079141c112,2.43859650063933,27.87594914234036,3.266403,5,,DK00FX113
5994e567a6089f82c07404ecf82704d1,2025-07-22T21:35:05.000Z,2025-07-22T22:21:17.000Z,57.6476,10.7509,10.751703333333325,57.640883333333335,10.749425000000002,57.65953666666667,False,219002827,MIE MALENE,DNK,ebfa6e49a-ae0d-2f4a-a1ca-8acdc5053e03,1.8625000093132258,2.7182443840659225,3.5709389999999996,13,,DK00FX113
9775216ffda9b8c898c8aadca679e363,2025-07-22T23:14:39.000Z,2025-07-23T03:53:14.000Z,57.4997,10.7405,10.760490000000004,57.43572833333333,10.67470666666668,57.58658333333333,False,220127000,FN 261 STJERNE,DNK,013ba7567-7f7c-5d39-c59b-1b6822c67083,2.6887445883317422,22.6687668204846,2.223899,11,,DK00FX113
412092a91b6138b85494dbe8d7b6d014,2025-07-22T23:40:56.000Z,2025-07-23T03:19:32.000Z,57.5795,10.759,10.77634333333333,57.51101666666667,10.714243333333343,57.62567166666667,False,219013885,DORIS VENDELBO,DNK,050513a98-880a-98f7-ccc3-650614d8533f,2.5839377898008724,17.173398889680193,2.302753,10,,DK00FX113
8c73a6ce436623a6ac5c80565af8c244,2025-07-23T03:34:22.000Z,2025-07-23T04:09:19.000Z,57.5413,10.6788,10.643358333333333,57.536676666666665,10.716348333333332,57.54573666666667,False,219904000,KATRINE O 111,DNK,1740995e6-623a-c1a5-cb82-31c353e8c37a,4.149999991059303,4.475937092547425,3.263048,5,,DK00FX113
a39af4cf9291be1d36ba5cf9dc25abb3,2025-07-23T04:04:23.000Z,2025-07-23T05:29:14.000Z,57.4999,10.5236,10.516168,57.493488,10.5309,57.508915,True,219012459,HM 67 LOTTI,DNK,cdca9c2b2-2f96-afb2-e67e-976ee9505b4e,1.2296296296296296,2.6880931676898836,0.597614,2,555543258;555557024;555522471;67881,DK00FX113
1e4318e52431a52b119375c7cf88058c,2025-07-23T04:14:09.000Z,2025-07-23T05:06:58.000Z,57.4891,10.5806,10.57063,57.48618833333333,10.591836666666667,57.49192333333333,True,220256000,CHARLOTTE P  FN 131,DNK,f9350d74d-d66f-c031-94cd-b0f227dd5a0f,0.9294117654071136,1.4228837019186802,2.8568800000000003,2,555522471;555557024;555538085;349827;555543258;67881,DK00FX113
03f52ce401adb7d8f05f2f39f656076b,2025-07-23T04:23:12.000Z,2025-07-23T05:05:00.000Z,57.5025,10.5373,10.567356666666655,57.496568333333336,10.521233333333328,57.51077166666666,True,219013885,DORIS VENDELBO,DNK,050513a98-880a-98f7-ccc3-650614d8533f,2.2774193532043885,3.206178048722556,3.7248180000000004,1,555522471;555543258;555557024,DK00FX113
f24d06e6c8eafc5f53db2a59f44af115,2025-07-23T04:27:44.000Z,2025-07-23T05:25:04.000Z,57.5283,10.5981,10.59309,57.526111666666665,10.606816666666667,57.53145333333333,True,219904000,KATRINE O 111,DNK,1740995e6-623a-c1a5-cb82-31c353e8c37a,0.6851851987066093,1.0795892917740315,5.487211,3,555543258;555557024;555522471,DK00FX113
c99ab7eaa8cb04e0035fd722b1d12463,2025-07-23T04:29:47.000Z,2025-07-23T05:02:03.000Z,57.4968,10.5261,10.52044,57.49115666666667,10.539633333333333,57.50443333333333,True,219006971,FN 220 IDA MARIE,DNK,3b71e97ba-a4ac-6fd8-ac1f-b3ced497dab4,2.3280000019073492,2.2367379982262796,0.597614,2,555557024;555543258;555522471;67881;555538085,DK00FX113
7ea4ed84b01324b66048c327aa4f15de,2025-07-23T05:01:26.000Z,2025-07-23T05:36:17.000Z,57.4931,10.5527,10.558616666666666,57.492435,10.54708500000001,57.493545,True,220127000,FN 261 STJERNE,DNK,013ba7567-7f7c-5d39-c59b-1b6822c67083,0.8714285691579182,0.6988281677579498,2.524891,2,67881;555522471;555557024;555538085;555543258,DK00FX113
cfbc5235b27b79b0d7994dbef186a703,2025-07-23T05:16:52.000Z,2025-07-23T05:52:05.000Z,57.493,10.5061,10.502865,57.492375,10.50728,57.49453666666667,False,219006971,FN 220 IDA MARIE,DNK,3b71e97ba-a4ac-6fd8-ac1f-b3ced497dab4,0.46153845380132025,0.539493457201199,0,1,,DK00FX113
b4ef765a0bfb52a75e371c0db878403d,2025-07-23T16:23:40.000Z,2025-07-23T17:37:39.000Z,57.3043,10.5979,10.656418000000002,57.25704,10.545003000000008,57.335697,False,219220156,S 543 TAHA,DNK,0a0df7dd4-43c4-b65d-97d8-26c779cb2248,5.2,11.384847040416195,10.609602,7,555790713;555556912;555543150;555641546,DK00FX113
b3cb7cc6fa08b48843ffd20a08d84c22,2025-07-23T18:46:27.000Z,2025-07-24T03:30:29.000Z,57.505,10.7457,10.723748333333333,57.421245,10.761601666666667,57.59179,False,220127000,FN 261 STJERNE,DNK,013ba7567-7f7c-5d39-c59b-1b6822c67083,2.6822843275495343,41.35589200913415,2.395035,10,,DK00FX113
924aa7aaaa68b990f1dc913e9c6cdaf9,2025-07-23T19:10:22.000Z,2025-07-24T03:18:04.000Z,57.5065,10.7385,10.726708333333333,57.41751,10.758766666666666,57.58578166666667,False,220256000,CHARLOTTE P  FN 131,DNK,f9350d74d-d66f-c031-94cd-b0f227dd5a0f,2.522815522674506,37.28827929566342,1.796276,11,,DK00FX113
16a5f182b82fb46a23a0a3d5222f89d8,2025-07-23T19:14:25.000Z,2025-07-24T03:37:13.000Z,57.5093,10.7603,10.780813333333327,57.42614833333333,10.744793333333348,57.59486833333333,False,219904000,KATRINE O 111,DNK,1740995e6-623a-c1a5-cb82-31c353e8c37a,2.5693547973229047,39.476837958520235,1.262872,13,,DK00FX113
8e044c6b716fde25dc9113e13d179231,2025-07-23T19:29:36.000Z,2025-07-24T02:27:05.000Z,57.614,10.7224,10.779949999999985,57.545523333333335,10.671503333333334,57.67243,False,219005659,KAREN-PETER RS314,DNK,a79b138f3-3f7a-9e9b-2db2-fca724d8bb38,2.3739130460420013,30.589391339117988,6.698364,12,,DK00FX113
3e60f5bc693a48ea3e9427126aae9c59,2025-07-23T19:36:12.000Z,2025-07-24T03:11:14.000Z,57.599,10.736,10.680441666666667,57.53892333333334,10.778435,57.637348333333335,False,219006971,FN 220 IDA MARIE,DNK,3b71e97ba-a4ac-6fd8-ac1f-b3ced497dab4,2.415500015765429,33.89919015347441,2.223899,7,,DK00FX113
ae8a490acc569607f6268c74042fb8d5,2025-07-23T19:40:36.000Z,2025-07-24T03:33:15.000Z,57.4851,10.7564,10.734623333333333,57.37517833333333,10.797951666666666,57.567568333333334,False,219005866,FN 72 NEBRASKA,DNK,4d50ffa58-835c-b38b-5f5d-84807d6929d5,2.65232197437493,37.91363391280434,4.1075420000000005,12,,DK00FX113
de97dc527361fbee01bcd8dbcb75309d,2025-07-23T23:43:46.000Z,2025-07-24T02:41:58.000Z,57.5771,10.7498,10.782951666666662,57.52281166666667,10.730770000000007,57.63191833333333,False,220072000,R177 DUEODDE,DNK,438ea858e-e541-e793-8324-1972af53ee8e,2.4281879591461792,13.33247540700005,3.388913,11,,DK00FX113
32640f0cb94a9a7925f55d387e67bfd5,2025-07-24T03:19:04.000Z,2025-07-24T06:11:05.000Z,57.4959,10.5124,10.505003333333333,57.49257,10.521548333333334,57.500128333333336,False,219005659,KAREN-PETER RS314,DNK,a79b138f3-3f7a-9e9b-2db2-fca724d8bb38,0.20447761365282,0.5498212795919287,0,2,555522471;555557024;555543258,DK00FX113
70805224e24bb5a1ae52cbcda2a52990,2025-07-24T04:18:13.000Z,2025-07-24T05:17:16.000Z,57.4917,10.5576,10.552686666666666,57.490523333333336,10.562468333333333,57.493008333333336,True,220256000,CHARLOTTE P  FN 131,DNK,f9350d74d-d66f-c031-94cd-b0f227dd5a0f,0.37192983245640476,0.5958708268613478,2.3028380000000004,2,555543258;555557024;67881;555522471;555538085,DK00FX113
5d878efa13ae9b4e650ba1f18b9333ba,2025-07-24T04:25:46.000Z,2025-07-24T04:50:03.000Z,57.4964,10.5318,10.547561666666667,57.49218166666667,10.520125000000007,57.501648333333335,True,219006971,FN 220 IDA MARIE,DNK,3b71e97ba-a4ac-6fd8-ac1f-b3ced497dab4,2.5666666502753888,1.9516302498063707,2.3028380000000004,2,555543258;555538085;555522471;555557024;67881,DK00FX113
e67ec4dc5d6e385b77bfd4cb5c6760c9,2025-07-24T18:59:26.000Z,2025-07-25T03:03:15.000Z,57.5516,10.7326,10.781859999999995,57.423878333333334,10.599310000000003,57.63507,False,219000895,HV59 TRANESAND,DNK,9e7ded091-13df-cf44-6c72-24cb946027f3,2.6473214245800456,39.3924304596012,0.598759,13,,DK00FX113
edaf6d07629f7bac988e223b5f33eb9c,2025-07-24T19:06:01.000Z,2025-07-25T02:50:12.000Z,57.4741,10.7408,10.71443,57.38945666666667,10.771458333333333,57.55125,False,220256000,CHARLOTTE P  FN 131,DNK,f9350d74d-d66f-c031-94cd-b0f227dd5a0f,2.4884433868464133,35.20616305637327,4.226850000000001,11,,DK00FX113
82e7585660952f4c43df6dcd458ef49e,2025-07-24T19:18:26.000Z,2025-07-24T22:23:19.000Z,57.4957,10.7382,10.76173833333334,57.432611666666666,10.716110000000015,57.558505,False,220127000,FN 261 STJERNE,DNK,013ba7567-7f7c-5d39-c59b-1b6822c67083,2.5401129739432684,14.348735693484329,1.111949,12,,DK00FX113
63c64a905e95c992604f935fda7f12bd,2025-07-24T19:21:23.000Z,2025-07-25T02:33:26.000Z,57.5374,10.7235,10.67485,57.468228333333336,10.776068333333333,57.59878333333333,False,219007036,MUSSE,DNK,2f46b5073-3485-ba8a-5011-22aed77145de,2.4849604171624557,32.49742522568569,0.5979410000000001,5,,DK00FX113
f6401c09846270c65957f1a9de483a84,2025-07-24T19:23:35.000Z,2025-07-25T00:09:01.000Z,57.607,10.7091,10.753611666666671,57.56476166666667,10.65485000000001,57.639695,False,219005659,KAREN-PETER RS314,DNK,a79b138f3-3f7a-9e9b-2db2-fca724d8bb38,2.2488281211990393,19.91555951756684,6.102044,11,,DK00FX113
f24898b84acec6b8d68764089afcab6f,2025-07-24T19:24:04.000Z,2025-07-25T03:16:02.000Z,57.5767,10.7227,10.689801666666666,57.492846666666665,10.760465,57.64785,False,219904000,KATRINE O 111,DNK,1740995e6-623a-c1a5-cb82-31c353e8c37a,2.4513215799426202,35.30081494207132,0,5,,DK00FX113
c06f45f0c70d82b473ea1aa501b90998,2025-07-24T19:25:02.000Z,2025-07-25T02:39:08.000Z,57.53,10.687,10.649983333333333,57.460885,10.726695,57.589211666666664,False,219006301,FN 308 HELLE LOTTE,DNK,64130f509-9c27-c779-f4bc-cbfaa9ae6e0b,2.200987722715478,29.512862798175238,2.110713,5,,DK00FX113
71843410b72dac24546a1f02f191b65e,2025-07-24T19:31:34.000Z,2025-07-25T03:15:02.000Z,57.5934,10.7327,10.765863333333328,57.540153333333336,10.669765000000012,57.630225,False,219006971,FN 220 IDA MARIE,DNK,3b71e97ba-a4ac-6fd8-ac1f-b3ced497dab4,2.460740762948991,34.811684478821626,5.5597460000000005,11,,DK00FX113
8fa4808c21f3416774324cb87cdba183,2025-07-24T19:33:47.000Z,2025-07-25T01:48:01.000Z,57.52,10.6556,10.693340000000006,57.453448333333334,10.634631666666678,57.57391833333333,False,219024715,FRU LUNDSGAARD SG 17,DNK,90127c090-07a8-9d1b-f1f7-67079141c112,2.1982196209957765,24.737773402859755,2.302923,7,,DK00FX113
ed6664435ec55e1e255fb3bad58c90b4,2025-07-24T19:42:25.000Z,2025-07-25T03:22:13.000Z,57.5664,10.7148,10.737616666666668,57.48214333333333,10.70009166666668,57.640573333333336,False,219013885,DORIS VENDELBO,DNK,050513a98-880a-98f7-ccc3-650614d8533f,2.550357950224513,35.94478156004644,1.7933320000000001,8,,DK00FX113
eb56d6e753ad6972cbf3aae859cac4bc,2025-07-24T22:39:18.000Z,2025-07-25T03:09:08.000Z,57.4674,10.7298,10.76301833333332,57.40768666666666,10.685024999999996,57.55276333333333,False,220127000,FN 261 STJERNE,DNK,013ba7567-7f7c-5d39-c59b-1b6822c67083,2.7168627362625273,22.096042857240267,0.5989220000000001,12,,DK00FX113
6399b1cbf7bb7649074260fd01df4c83,2025-07-24T23:15:13.000Z,2025-07-29T15:18:21.000Z,57.4922,10.5069,10.507126666666665,57.49205833333333,10.506750000000011,57.49234833333333,False,220024000,RI158 LYNGVIG,DNK,7620ffb1d-dd21-b340-ddb8-e38baa4eec93,0.000798204052802124,0.9589050728068933,0,2,,DK00FX113
c9a8233eb121312c7fef4c26442fcefc,2025-07-25T00:00:08.000Z,2025-07-25T03:11:27.000Z,57.4522,10.7593,10.783929999999998,57.39927,10.736501666666669,57.51457333333333,False,219004119,FN 408 KENJA,DNK,a66a343a0-067b-549a-e066-e3fbe976aadd,2.3166667415249735,13.589832880584924,1.2630270000000001,13,,DK00FX113
05b00ab523bc1cc8e00d90b74ed053eb,2025-07-25T00:22:46.000Z,2025-07-25T03:20:06.000Z,57.5914,10.7194,10.675008333333333,57.552845,10.741735,57.626461666666664,False,219005659,KAREN-PETER RS314,DNK,a79b138f3-3f7a-9e9b-2db2-fca724d8bb38,2.427108441670257,13.17327617918099,3.335848,8,,DK00FX113
154267e9668e34f80da32c3c749a4828,2025-07-25T03:14:16.000Z,2025-07-25T04:41:09.000Z,57.5146,10.5962,10.585658333333333,57.50882,10.609315,57.521145,True,219000895,HV59 TRANESAND,DNK,9e7ded091-13df-cf44-6c72-24cb946027f3,0.8265822840076457,2.083447167048172,3.786988,1,555557024;555522471;555543258,DK00FX113
4bc209e82c8538ac449074edd3884013,2025-07-25T03:27:05.000Z,2025-07-25T07:58:59.000Z,57.3241,10.5518,10.539662,57.311723,10.566825,57.333455,False,219220156,S 543 TAHA,DNK,0a0df7dd4-43c4-b65d-97d8-26c779cb2248,1.1500000000000008,6.654325017506449,2.223899,1,,DK00FX113
d0263c8e837774b967a3ef35da230a1f,2025-07-25T03:38:24.000Z,2025-07-25T04:05:05.000Z,57.5336,10.6248,10.611101666666666,57.527388333333334,10.639276666666667,57.540153333333336,False,219005659,KAREN-PETER RS314,DNK,a79b138f3-3f7a-9e9b-2db2-fca724d8bb38,2.6416666706403102,2.200884081741107,4.324679,4,,DK00FX113
9ebd6cae1421cb61d4e4e3a677cb262b,2025-07-25T03:58:01.000Z,2025-07-26T11:23:17.000Z,57.4929,10.5059,10.502543333333334,57.492645,10.52617,57.49448,False,219007036,MUSSE,DNK,2f46b5073-3485-ba8a-5011-22aed77145de,0.026542491117997558,0.7159736930463289,0,1,555543258;555557024;555522471;555538085;67881,DK00FX113
d0b47c2048d08771f5a7a3f1d75df632,2025-07-25T04:02:05.000Z,2025-07-26T17:06:00.000Z,57.492,10.506,10.502635,57.491861666666665,10.50738,57.49449833333333,False,219006301,FN 308 HELLE LOTTE,DNK,64130f509-9c27-c779-f4bc-cbfaa9ae6e0b,0.016948007977870067,0.9866562948719486,0,1,,DK00FX113
f98b32bb6a6763b8cc172132e41eabd4,2025-07-25T04:06:30.000Z,2025-07-25T05:12:44.000Z,57.4961,10.5525,10.561599999999999,57.494953333333335,10.547680000000014,57.49666666666667,True,220256000,CHARLOTTE P  FN 131,DNK,f9350d74d-d66f-c031-94cd-b0f227dd5a0f,0.4375000074505807,0.681213018547614,2.524891,2,67881;555557024;555538085;555543258;555522471,DK00FX113
1f36f7b1160ff5e77e9deeaaa741947e,2025-07-25T04:21:35.000Z,2025-07-25T08:52:35.000Z,57.4921,10.5062,10.502975,57.491915,10.50683,57.494535,False,220072000,R177 DUEODDE,DNK,438ea858e-e541-e793-8324-1972af53ee8e,0.07886597902043578,0.518547088285253,0,1,,DK00FX113
177d7f8238f17a6804a6e9b914b932c4,2025-07-25T04:53:09.000Z,2025-07-26T17:31:12.000Z,57.4922,10.5053,10.504923333333334,57.49205666666667,10.523438333333333,57.49838,False,219904000,KATRINE O 111,DNK,1740995e6-623a-c1a5-cb82-31c353e8c37a,0.005344827700106577,0.5442486351032472,0,1,555522471;555543258;555557024,DK00FX113
09a5bd5b7f259c5fbd3715737b672d7e,2025-07-26T19:14:02.000Z,2025-07-27T02:43:11.000Z,57.523,10.708,10.74029999999999,57.440448333333336,10.68625666666668,57.589216666666665,False,219006301,FN 308 HELLE LOTTE,DNK,64130f509-9c27-c779-f4bc-cbfaa9ae6e0b,2.2742690511962826,31.909608723169733,2.525666,10,,DK00FX113
05eebad470ad847986355444a7c7ad28,2025-07-26T19:17:03.000Z,2025-07-26T23:17:19.000Z,57.4394,10.7288,10.721715,57.37072333333333,10.739886666666667,57.51761,False,219904000,KATRINE O 111,DNK,1740995e6-623a-c1a5-cb82-31c353e8c37a,2.3211957018660465,17.072947855588176,5.362871,12,,DK00FX113
5579d8c036bef1f7d9861c9f1c8d5b16,2025-07-26T19:22:26.000Z,2025-07-26T23:20:37.000Z,57.4406,10.7212,10.716346666666666,57.36296,10.735401666666666,57.50834666666667,False,219007036,MUSSE,DNK,2f46b5073-3485-ba8a-5011-22aed77145de,2.3168141699470244,16.503557895929106,6.31591,11,,DK00FX113
3da70ecfcfec5977abb189b1e2426758,2025-07-26T19:23:14.000Z,2025-07-27T02:35:07.000Z,57.5125,10.6607,10.69827166666667,57.448161666666664,10.632933333333341,57.57109333333333,False,219024715,FRU LUNDSGAARD SG 17,DNK,90127c090-07a8-9d1b-f1f7-67079141c112,2.4285714224893233,31.02168946620068,2.525201,8,,DK00FX113
f77ead8060f4ef4c574528f10c827f2d,2025-07-26T19:25:27.000Z,2025-07-26T23:02:17.000Z,57.4551,10.7538,10.778031666666664,57.40826166666667,10.725999999999999,57.490916666666664,False,220072000,R177 DUEODDE,DNK,438ea858e-e541-e793-8324-1972af53ee8e,2.500000012030296,16.61288834184998,0.5989220000000001,13,,DK00FX113
25230e09c9d704898f5ead64498f7336,2025-07-26T19:31:16.000Z,2025-07-26T21:55:43.000Z,57.465,10.6765,10.693523333333331,57.441945,10.662515000000013,57.49438333333333,False,219005659,KAREN-PETER RS314,DNK,a79b138f3-3f7a-9e9b-2db2-fca724d8bb38,2.436363645575264,10.927650974327284,3.3890569999999998,8,,DK00FX113
6106f8ee85c1b8aa817331661d8576d2,2025-07-26T22:26:51.000Z,2025-07-26T23:30:08.000Z,57.6414,10.7352,10.728208333333333,57.63279,10.741395,57.65438,False,220204000,EMIL,DNK,57f2941d3-388b-cab3-de82-4d66cfe92770,2.2685714108603343,2.548833852991603,2.627808,13,,DK00FX113
785aa3730dc802f41feaa3bbf22f45ec,2025-07-26T23:23:08.000Z,2025-07-27T02:43:03.000Z,57.4543,10.7582,10.778696666666661,57.40886,10.721190000000007,57.485866666666666,False,220072000,R177 DUEODDE,DNK,438ea858e-e541-e793-8324-1972af53ee8e,2.456834550812948,14.935265390910775,0.5989220000000001,13,,DK00FX113
819d2c8850bd83013c552cc9b688f3c6,2025-07-26T23:32:20.000Z,2025-07-27T03:50:02.000Z,57.4699,10.704,10.65176,57.383403333333334,10.728533333333333,57.53126666666667,False,219904000,KATRINE O 111,DNK,1740995e6-623a-c1a5-cb82-31c353e8c37a,2.6999999644202077,21.227731837148713,7.7442910000000005,8,,DK00FX113
770b4af585da0d67e8407fc01ba6f1ef,2025-07-26T23:39:36.000Z,2025-07-27T02:47:25.000Z,57.4413,10.7088,10.688156666666666,57.378836666666665,10.730425,57.488411666666664,False,219007036,MUSSE,DNK,2f46b5073-3485-ba8a-5011-22aed77145de,2.347169864571319,13.429056723724537,5.839861,10,,DK00FX113
063bf541661c17cfe2e0c5d1b6604bba,2025-07-26T23:40:04.000Z,2025-07-27T00:42:16.000Z,57.6665,10.7173,10.719891666666655,57.643276666666665,10.713504999999998,57.68796,False,220345000,SG115 CECILIE MATHIL,DNK,58b5fd79c-c1e1-ab38-017b-ed3345596621,2.6290908813476563,5.095123986713123,1.7854700000000001,12,,DK00FX113
eb056ea6260f636efc131ec4a0a6979c,2025-07-27T00:00:09.000Z,2025-07-27T03:23:35.000Z,57.4561,10.7548,10.786316666666664,57.39830833333333,10.734970000000004,57.51905,False,219004119,FN 408 KENJA,DNK,a66a343a0-067b-549a-e066-e3fbe976aadd,2.325748540684136,14.566282694821576,1.63452,13,,DK00FX113
f4a711b3c417f506c3395f3e7505e5e3,2025-07-27T05:08:51.000Z,2025-07-27T16:25:10.000Z,57.4922,10.5051,10.506724999999989,57.492065,10.503221666666661,57.49462166666667,False,219904000,KATRINE O 111,DNK,1740995e6-623a-c1a5-cb82-31c353e8c37a,0.0349532708664921,0.546523733788937,0,2,,DK00FX113
e44146a9ace2acfb06f4c9db63d24fc8,2025-07-27T18:51:36.000Z,2025-07-27T23:40:08.000Z,57.3754,10.7568,10.730053333333334,57.312756666666665,10.767986666666667,57.454856666666664,False,220256000,CHARLOTTE P  FN 131,DNK,f9350d74d-d66f-c031-94cd-b0f227dd5a0f,2.4736111121666102,21.716206003720544,11.375328999999999,9,,DK00FX113
d2ac8905b1016d9ba405ae5e9baa1bdf,2025-07-27T19:07:45.000Z,2025-07-28T03:35:12.000Z,57.4883,10.6985,10.611146666666667,57.32358833333333,10.755653333333333,57.61627,False,219904000,KATRINE O 111,DNK,1740995e6-623a-c1a5-cb82-31c353e8c37a,2.694471121550751,42.03755593674593,4.346809,5,,DK00FX113
44b9282d72a1e469eb50e473c29c56f1,2025-07-27T19:14:30.000Z,2025-07-28T02:39:19.000Z,57.521,10.6586,10.637585,57.456561666666666,10.698721666666666,57.585908333333336,False,219024715,FRU LUNDSGAARD SG 17,DNK,90127c090-07a8-9d1b-f1f7-67079141c112,2.4189710743557584,31.234705814356026,2.5250459999999997,4,,DK00FX113
471148345a68f3e2b5083cc9c700eb47,2025-07-27T19:21:18.000Z,2025-07-28T02:42:02.000Z,57.5294,10.6907,10.732521666666656,57.450565,10.654608333333329,57.59198333333333,False,219006301,FN 308 HELLE LOTTE,DNK,64130f509-9c27-c779-f4bc-cbfaa9ae6e0b,2.334593033136496,31.75150980624443,3.726788,9,,DK00FX113
379c4a9844749ca16ab331b0a4620046,2025-07-27T19:21:26.000Z,2025-07-28T03:48:10.000Z,57.5127,10.7328,10.70654,57.424506666666666,10.769925,57.59075,False,220127000,FN 261 STJERNE,DNK,013ba7567-7f7c-5d39-c59b-1b6822c67083,2.637665760770086,40.37363561705284,2.993794,10,,DK00FX113
25326ee492dea3a48c87bdda87b247f5,2025-07-27T19:23:42.000Z,2025-07-28T03:27:01.000Z,57.4745,10.7497,10.783636666666666,57.374201666666664,10.729666666666674,57.552018333333336,False,219005866,FN 72 NEBRASKA,DNK,4d50ffa58-835c-b38b-5f5d-84807d6929d5,2.599999964100925,38.73906664685637,4.487984,11,,DK00FX113
5b3735366166d6a820e118bead4114c8,2025-07-27T19:23:52.000Z,2025-07-28T05:53:07.000Z,57.5077,10.7149,10.549641666666666,57.41305333333333,10.779095,57.589393333333334,False,220368000,O 159 RANDI,DNK,23b776e71-126f-9ab4-62f5-3dd2f3acef61,2.5676630321566174,48.90662706650798,1.63428,1,555543258;349827;555557024;555538085;67881;555522471,DK00FX113
454e1921ff68f07d4d75c09f0529fcb1,2025-07-27T19:24:32.000Z,2025-07-27T22:57:28.000Z,57.4974,10.7423,10.768349999999998,57.426805,10.725378333333339,57.566873333333334,False,219003138,H84 GULDBORG,DNK,757ca9b0e-e2cf-fff6-f4d2-3b00c792efbf,2.4463414583748917,16.09590299333906,1.111949,12,,DK00FX113
cc714c03af1a6b1ebf6bfcbf25bb5d66,2025-07-27T19:53:32.000Z,2025-07-27T23:10:21.000Z,57.578,10.6519,10.678666666666658,57.5395,10.63130000000001,57.6092,False,219005954,BELLA-EMIL,DNK,452637753-32e2-e9d8-8651-7e3396324805,2.5556521788887356,15.478468021484401,2.223899,7,,DK00FX113
73b26d408c456f5a15d022f61e67aa63,2025-07-27T22:24:46.000Z,2025-07-27T22:45:01.000Z,57.6665,10.754,10.763190000000009,57.663691666666665,10.747046666666677,57.669988333333336,False,220204000,EMIL,DNK,57f2941d3-388b-cab3-de82-4d66cfe92770,2.0611111124356585,1.2238943752896125,2.6260250000000003,11,,DK00FX113
7c97f0371e7e18c39acd32d6b111a4ac,2025-07-27T23:09:41.000Z,2025-07-28T04:13:34.000Z,57.4948,10.7473,10.807018333333332,57.42425,10.716733333333337,57.574643333333334,False,219003138,H84 GULDBORG,DNK,757ca9b0e-e2cf-fff6-f4d2-3b00c792efbf,2.6289940825580844,24.33017693998159,2.395035,14,,DK00FX113
9b789a96ee3aa97579c0bb80e246a7fd,2025-07-27T23:28:48.000Z,2025-07-28T03:13:15.000Z,57.5618,10.6765,10.73644999999999,57.50398333333333,10.647400000000005,57.60443333333333,False,219005954,BELLA-EMIL,DNK,452637753-32e2-e9d8-8651-7e3396324805,2.531896518222217,17.378829989547718,2.109462,8,,DK00FX113
2d75a1a6f84afa0e2ab59768bab66396,2025-07-27T23:57:36.000Z,2025-07-28T03:28:18.000Z,57.3999,10.757,10.760311666666666,57.31909666666667,10.753488333333337,57.458925,False,220256000,CHARLOTTE P  FN 131,DNK,f9350d74d-d66f-c031-94cd-b0f227dd5a0f,2.4927999939918513,16.024219376771857,9.862896000000001,8,,DK00FX113
12ea6a76248d2d1924189a7bdbacb197,2025-07-28T04:32:00.000Z,2025-07-28T16:16:11.000Z,57.4932,10.5067,10.503525,57.49207666666667,10.53145,57.506855,False,219904000,KATRINE O 111,DNK,1740995e6-623a-c1a5-cb82-31c353e8c37a,0.0899821114401485,1.909461859509848,0,1,555522471;555557024;555543258,DK00FX113
ce9ae65910a07ee946370fef0cef80d4,2025-07-28T04:38:04.000Z,2025-07-28T05:45:11.000Z,57.504,10.5367,10.534223333333333,57.49909,10.539793333333334,57.507781666666666,True,220256000,CHARLOTTE P  FN 131,DNK,f9350d74d-d66f-c031-94cd-b0f227dd5a0f,0.589583340411385,0.9862434105288068,1.632363,3,555543258;555522471;555557024,DK00FX113
dc07c41a8d7507bf2cefd4485377c74b,2025-07-28T04:59:18.000Z,2025-07-28T05:33:57.000Z,57.5036,10.548,10.573873333333324,57.498125,10.528480000000002,57.51047666666667,True,219013885,DORIS VENDELBO,DNK,050513a98-880a-98f7-ccc3-650614d8533f,2.7952381294398085,3.038316316104012,3.7248180000000004,1,555522471;555543258;555557024,DK00FX113
4217007c0f98c37fc1b5225c338ee82c,2025-07-28T05:34:59.000Z,2025-07-28T06:20:19.000Z,57.4924,10.5245,10.51665,57.490395,10.544868333333334,57.495635,True,219003138,H84 GULDBORG,DNK,757ca9b0e-e2cf-fff6-f4d2-3b00c792efbf,1.7130434979563172,2.340200202086257,0.597614,2,555522471;67881;555543258;555538085;555557024,DK00FX113
0272fb5e1de030b71a9d69326a9d1d39,2025-07-28T18:55:46.000Z,2025-07-29T03:20:06.000Z,57.5118,10.7541,10.718813333333333,57.41444166666667,10.784058333333334,57.595533333333336,False,219024923,TRYGG,DNK,b93a2787f-f773-de75-6e84-c9c05b9fdb9d,2.5162576393115743,39.4817710895734,2.6408690000000004,11,,DK00FX113
01a194f73dc51286b2df69776bcf76a9,2025-07-28T18:57:06.000Z,2025-07-29T03:26:53.000Z,57.3927,10.7372,10.694123333333334,57.314305,10.76569,57.45319833333333,False,220256000,CHARLOTTE P  FN 131,DNK,f9350d74d-d66f-c031-94cd-b0f227dd5a0f,2.5225409766445392,38.72008711270662,9.276415,10,,DK00FX113
c2b1c8bfdc9e8e94cde1d6d243cd123b,2025-07-28T19:07:37.000Z,2025-07-29T04:52:16.000Z,57.4723,10.6952,10.534691666666667,57.337466666666664,10.756311666666667,57.552913333333336,False,220368000,O 159 RANDI,DNK,23b776e71-126f-9ab4-62f5-3dd2f3acef61,2.7560311016057724,48.558954296176395,1.111949,1,555543258;555557024;555522471,DK00FX113
1bc9436de5f9b1dd9f165e103df0fc18,2025-07-28T19:10:02.000Z,2025-07-29T02:50:21.000Z,57.4088,10.7243,10.691458333333333,57.33217666666667,10.761398333333334,57.47788333333333,False,219904000,KATRINE O 111,DNK,1740995e6-623a-c1a5-cb82-31c353e8c37a,2.4343971876387904,34.205905368623135,9.003445,10,,DK00FX113
0fd23d89cd92303346d6d606b6b8a39b,2025-07-28T19:14:18.000Z,2025-07-29T03:20:06.000Z,57.3772,10.7561,10.781678333333332,57.31301833333333,10.73225500000001,57.45981333333334,False,220127000,FN 261 STJERNE,DNK,013ba7567-7f7c-5d39-c59b-1b6822c67083,2.4992423847769216,37.48951145520773,8.482133,6,,DK00FX113
57d0237a5a5ad146b19e90feb147f334,2025-07-28T19:16:26.000Z,2025-07-29T02:40:02.000Z,57.5357,10.7311,10.763246666666674,57.44831,10.710911666666675,57.598713333333336,False,219006301,FN 308 HELLE LOTTE,DNK,64130f509-9c27-c779-f4bc-cbfaa9ae6e0b,2.217320315150267,30.787713848570036,3.335848,11,,DK00FX113
4bfda3cb0f50e80a5b95284769690686,2025-07-28T19:16:57.000Z,2025-07-29T03:13:59.000Z,57.5694,10.6584,10.626583333333333,57.50755,10.704133333333333,57.60933333333333,False,219005954,BELLA-EMIL,DNK,452637753-32e2-e9d8-8651-7e3396324805,2.5619909086378447,37.086516937221205,2.986431,2,,DK00FX113
a981272eef764c44fdd90eb162fa0afe,2025-07-28T19:27:39.000Z,2025-07-29T03:30:04.000Z,57.4724,10.7313,10.696261666666667,57.360855,10.761033333333334,57.583286666666666,False,219013885,DORIS VENDELBO,DNK,050513a98-880a-98f7-ccc3-650614d8533f,2.5755999676287193,37.67699237609166,6.965017,11,,DK00FX113
49b06bb06e5ae9f4a953a2ff6d4007e8,2025-07-28T19:32:01.000Z,2025-07-28T23:19:09.000Z,57.3946,10.7213,10.748856666666654,57.30871833333333,10.693636666666663,57.45788666666667,False,219005866,FN 72 NEBRASKA,DNK,4d50ffa58-835c-b38b-5f5d-84807d6929d5,2.539830519612563,17.826312486360376,10.271213,8,,DK00FX113
614e194f980ca6543f5e7166718706b2,2025-07-28T20:35:17.000Z,2025-07-28T23:07:08.000Z,57.6764,10.7512,10.79661333333334,57.640213333333335,10.734256666666681,57.717591666666664,False,220204000,EMIL,DNK,57f2941d3-388b-cab3-de82-4d66cfe92770,2.4495574932182795,11.091629598385184,5.811942,14,,DK00FX113
6804a515e4201e2ecb1c7ba8eb67b0b4,2025-07-28T23:26:08.000Z,2025-07-28T23:58:54.000Z,57.6654,10.7381,10.740793333333329,57.65385333333333,10.735501666666664,57.67718833333333,False,220204000,EMIL,DNK,57f2941d3-388b-cab3-de82-4d66cfe92770,2.626086919204049,2.6193869761162683,2.5221039999999997,11,,DK00FX113
215c272ec0bb7cd40ae391124cc4d982,2025-07-28T23:30:45.000Z,2025-07-29T03:23:17.000Z,57.4136,10.7049,10.731571666666667,57.37491333333333,10.685168333333337,57.449355,False,219005866,FN 72 NEBRASKA,DNK,4d50ffa58-835c-b38b-5f5d-84807d6929d5,2.6147887362560738,18.433049506269448,5.052573000000001,12,,DK00FX113
e27882c382615cdeb4f80e2a029e0ec0,2025-07-28T23:43:45.000Z,2025-07-29T02:22:49.000Z,57.6405,10.7405,10.774004999999988,57.614745,10.723743333333346,57.676575,False,219002827,MIE MALENE,DNK,ebfa6e49a-ae0d-2f4a-a1ca-8acdc5053e03,2.2228070199489594,10.796503998177196,5.815165,14,,DK00FX113
526f44fe3c6e1d2efe286803d4f54ec0,2025-07-29T04:23:18.000Z,2025-07-29T04:50:06.000Z,57.498,10.5252,10.507815,57.494485,10.541785,57.50195333333333,True,219005866,FN 72 NEBRASKA,DNK,4d50ffa58-835c-b38b-5f5d-84807d6929d5,3.17777771419949,2.214826767045759,0,2,555557024;555543258;555522471,DK00FX113
3a7858c31c8c9051b934a59e70ae1a9d,2025-07-29T04:40:12.000Z,2025-07-29T05:10:12.000Z,57.4915,10.5573,10.54186,57.488705,10.571295,57.4927,True,220127000,FN 261 STJERNE,DNK,013ba7567-7f7c-5d39-c59b-1b6822c67083,2.0549999594688417,1.8616453341173211,1.7928410000000001,2,555557024;555522471;67881;555538085;555543258,DK00FX113
07f8844471db04290b334f2fdf0efd4c,2025-07-29T05:18:30.000Z,2025-07-29T16:03:30.000Z,57.4927,10.5051,10.506773333333342,57.492081666666664,10.50283166666668,57.494681666666665,False,219904000,KATRINE O 111,DNK,1740995e6-623a-c1a5-cb82-31c353e8c37a,0.059913792711650524,0.6637309446198996,0,2,,DK00FX113
0d0f34f657537dc71fd0ab4b52a23310,2025-07-29T05:24:00.000Z,2025-07-29T06:20:08.000Z,57.4931,10.5088,10.502931666666667,57.49256,10.518218333333333,57.494708333333335,False,220127000,FN 261 STJERNE,DNK,013ba7567-7f7c-5d39-c59b-1b6822c67083,0.9551723989947088,0.9185960553415534,0,1,555557024;555522471;555543258,DK00FX113
c59bc7483b9e509cc3c180799ec995d6,2025-07-29T18:30:32.000Z,2025-07-30T01:18:02.000Z,57.6085,10.679,10.623121666666666,57.51618666666667,10.750155,57.663223333333335,False,220256000,CHARLOTTE P  FN 131,DNK,f9350d74d-d66f-c031-94cd-b0f227dd5a0f,2.51409834503639,30.91632298940225,3.582735,3,,DK00FX113
bb9336f4162cc960afc1b82b41b9bd70,2025-07-29T18:56:08.000Z,2025-07-30T02:32:09.000Z,57.5456,10.7439,10.717425,57.481133,10.789797,57.611618,False,219009415,R254 KATRINE-KIM,DNK,cea1fec10-06e2-af1d-75bc-60c4a902f23a,2.258823529411765,31.053993232564693,1.7933320000000001,7,,DK00FX113
17651abeca826f51122829a34a45b223,2025-07-29T19:02:31.000Z,2025-07-30T01:59:10.000Z,57.5313,10.7271,10.705683333333333,57.455621666666666,10.760875,57.594515,False,219000895,HV59 TRANESAND,DNK,9e7ded091-13df-cf44-6c72-24cb946027f3,2.346130027582769,30.10953525964532,2.110713,7,,DK00FX113
cc78d0405489ca911b7fe8b63b5a74e9,2025-07-29T19:03:36.000Z,2025-07-29T22:57:09.000Z,57.5505,10.6564,10.67842833333333,57.474395,10.643166666666673,57.607593333333334,False,219024715,FRU LUNDSGAARD SG 17,DNK,90127c090-07a8-9d1b-f1f7-67079141c112,2.394267543485969,16.563700607497083,0,5,,DK00FX113
79ffdb9a0bd827111b767510f631eed3,2025-07-29T19:04:09.000Z,2025-07-29T22:49:10.000Z,57.4052,10.7105,10.686016666666667,57.32702,10.740058333333334,57.472065,False,220024000,RI158 LYNGVIG,DNK,7620ffb1d-dd21-b340-ddb8-e38baa4eec93,2.430681857195767,16.87961205434461,9.003445,10,,DK00FX113
9b4b173a4ad29a4c5c110874bace452f,2025-07-29T19:04:36.000Z,2025-07-29T22:50:07.000Z,57.5399,10.7494,10.726643333333334,57.46014666666667,10.77966,57.61728333333333,False,220127000,FN 261 STJERNE,DNK,013ba7567-7f7c-5d39-c59b-1b6822c67083,2.5816567582491596,17.922479452007494,3.190174,8,,DK00FX113
880f416ec91900d9208bde2794434d17,2025-07-29T19:06:08.000Z,2025-07-30T02:16:08.000Z,57.4905,10.6927,10.660381666666666,57.34414,10.740543333333333,57.622325000000004,False,219904000,KATRINE O 111,DNK,1740995e6-623a-c1a5-cb82-31c353e8c37a,2.459763316867444,32.579976291595464,7.287113000000001,8,,DK00FX113
2f34f0458836e4198dd25c402c8f000a,2025-07-29T19:08:03.000Z,2025-07-30T02:30:03.000Z,57.5853,10.7317,10.776746666666668,57.496966666666665,10.670713333333339,57.645505,False,219006301,FN 308 HELLE LOTTE,DNK,64130f509-9c27-c779-f4bc-cbfaa9ae6e0b,2.267964120664282,31.220212419336498,1.262329,10,,DK00FX113
5b012440f2af9bf0c982c09561b77390,2025-07-29T19:10:42.000Z,2025-07-30T02:58:06.000Z,57.5459,10.7121,10.663718333333334,57.37498333333333,10.757915,57.61605,False,220368000,O 159 RANDI,DNK,23b776e71-126f-9ab4-62f5-3dd2f3acef61,2.5852517743976864,37.36832293094599,7.951977,9,,DK00FX113
8b1a414e0c9d78eb4a3a8c11e757a227,2025-07-29T19:10:45.000Z,2025-07-29T22:29:57.000Z,57.429,10.7119,10.690498333333334,57.36841166666667,10.734641666666667,57.49234333333333,False,219007036,MUSSE,DNK,2f46b5073-3485-ba8a-5011-22aed77145de,2.4568965722774636,14.767006124926707,6.539516,10,,DK00FX113
c9be09a7cc21e609beb70a48be02ffea,2025-07-29T19:14:45.000Z,2025-07-30T03:30:43.000Z,57.5563,10.6516,10.677158333333324,57.47823833333333,10.624989999999997,57.62193666666667,False,219005659,KAREN-PETER RS314,DNK,a79b138f3-3f7a-9e9b-2db2-fca724d8bb38,2.396904027867982,35.84199014220354,0,5,,DK00FX113
63fe20448320cab42da7529b569d4741,2025-07-29T19:19:24.000Z,2025-07-29T21:21:09.000Z,57.4024,10.7662,10.778435000000002,57.360908333333334,10.751698333333337,57.43715,False,219004119,FN 408 KENJA,DNK,a66a343a0-067b-549a-e066-e3fbe976aadd,2.4243243900505265,9.061390003313342,5.591957000000001,11,,DK00FX113
94b99d70c254624128205d809277dc71,2025-07-29T19:23:00.000Z,2025-07-29T22:50:03.000Z,57.4792,10.7479,10.731401666666667,57.395285,10.76713,57.54718166666667,False,219005866,FN 72 NEBRASKA,DNK,4d50ffa58-835c-b38b-5f5d-84807d6929d5,2.6955555515156866,17.251942266199503,2.6414630000000003,12,,DK00FX113
3237682d8d25769b37426fec9f28302f,2025-07-29T19:30:08.000Z,2025-07-30T03:13:34.000Z,57.5769,10.6587,10.628616666666666,57.51935,10.693866666666667,57.62403333333334,False,219005954,BELLA-EMIL,DNK,452637753-32e2-e9d8-8651-7e3396324805,2.51256035923382,35.82053611224984,2.985612,3,,DK00FX113
289d54b2fc979d5036eace399da845c8,2025-07-29T19:40:36.000Z,2025-07-30T03:15:38.000Z,57.5411,10.7212,10.765548333333328,57.444988333333335,10.691753333333338,57.61803333333334,False,219024923,TRYGG,DNK,b93a2787f-f773-de75-6e84-c9c05b9fdb9d,2.580289854346841,36.036595286218464,2.223899,12,,DK00FX113
c17e960477334ca2c1434f10ee5ab08f,2025-07-29T23:00:31.000Z,2025-07-30T03:24:23.000Z,57.5092,10.7215,10.74616499999999,57.46146666666667,10.676343333333335,57.53698,False,220024000,RI158 LYNGVIG,DNK,7620ffb1d-dd21-b340-ddb8-e38baa4eec93,2.3631868301020846,17.825145554490888,2.5250459999999997,9,,DK00FX113
210d2cba923d50795a632d5c947cb29f,2025-07-29T23:02:37.000Z,2025-07-30T03:24:18.000Z,57.5513,10.7428,10.72542,57.47264166666667,10.770578333333333,57.637933333333336,False,220127000,FN 261 STJERNE,DNK,013ba7567-7f7c-5d39-c59b-1b6822c67083,2.51947369261792,19.56382486223384,2.637309,8,,DK00FX113
7b0fcbe47a06385547e26abd20df383c,2025-07-29T23:05:03.000Z,2025-07-30T03:22:04.000Z,57.4557,10.7567,10.772743333333324,57.3701,10.732186666666678,57.542095,False,219005866,FN 72 NEBRASKA,DNK,4d50ffa58-835c-b38b-5f5d-84807d6929d5,2.57195120068585,20.20722747786532,4.447797,12,,DK00FX113
b36ec6bda4fad686104f4b6eaf887442,2025-07-29T23:28:06.000Z,2025-07-30T02:26:17.000Z,57.5749,10.6761,10.702255000000008,57.52999333333333,10.653341666666677,57.602761666666666,False,219007036,MUSSE,DNK,2f46b5073-3485-ba8a-5011-22aed77145de,2.5016666542738655,13.746377816170234,1.631644,7,,DK00FX113
930e9b6c9957036a1da4f97092e71a22,2025-07-29T23:35:16.000Z,2025-07-30T02:40:21.000Z,57.5628,10.7663,10.74631,57.505743333333335,10.799043333333334,57.61721166666667,False,220072000,R177 DUEODDE,DNK,438ea858e-e541-e793-8324-1972af53ee8e,2.4162791084873585,13.591908801598684,2.524581,9,,DK00FX113
796e8d7f83aff55f9a936a81412b5f17,2025-07-30T00:00:37.000Z,2025-07-30T03:28:20.000Z,57.4237,10.7629,10.770828333333327,57.359948333333335,10.754211666666663,57.489003333333336,False,219004119,FN 408 KENJA,DNK,a66a343a0-067b-549a-e066-e3fbe976aadd,2.375714325479098,15.054192376644169,5.5597460000000005,11,,DK00FX113
14333da862a079688853fc948d1fc111,2025-07-30T04:14:18.000Z,2025-07-30T09:45:47.000Z,57.4958,10.5101,10.524571666666674,57.49205333333333,10.50263000000001,57.509975,False,220368000,O 159 RANDI,DNK,23b776e71-126f-9ab4-62f5-3dd2f3acef61,0.3386138618582546,2.159210563826169,0.597614,2,555543258;555522471;555557024,DK00FX113
bce1751a56ba7198a57cae2970af8cae,2025-07-30T04:33:20.000Z,2025-07-30T05:09:13.000Z,57.4965,10.5303,10.529148333333334,57.49453833333333,10.531346666666666,57.49812,True,219002585,FN 4 LAERKE,DNK,705d7679a-aaae-a574-ab8a-8e0d33eced6c,0.7611111203829447,0.7642763740898461,1.195227,2,555543258;555557024;555538085;555522471;67881,DK00FX113
4e8a2fa7120acb3abec4ea2501591b6b,2025-07-30T04:40:18.000Z,2025-07-30T05:46:18.000Z,57.4939,10.5143,10.5064,57.49296,10.534288333333333,57.49605833333333,False,220127000,FN 261 STJERNE,DNK,013ba7567-7f7c-5d39-c59b-1b6822c67083,1.197619037081798,1.895871393913813,0,2,67881;555543258;555538085;555522471;555557024,DK00FX113
1880b5a71edf9be4e499ad8c353c379e,2025-07-30T06:16:19.000Z,2025-07-30T06:36:28.000Z,57.4954,10.5423,10.539736666666666,57.49281333333333,10.545961666666667,57.49744166666667,True,220278000,A 321 HENRIETTE DUE,DNK,26d5d36d3-35c9-78be-806c-8b22890708eb,1.0166666706403098,0.6376695559351222,1.7928410000000001,2,67881;555538085;555522471;555543258;555557024,DK00FX113
f66b28dcac41d7b2ad7ad21df2dfa839,2025-07-30T19:25:03.000Z,2025-07-31T02:43:30.000Z,57.6159,10.7669,10.803223333333335,57.497386666666664,10.704100000000011,57.69165666666667,False,219024715,FRU LUNDSGAARD SG 17,DNK,90127c090-07a8-9d1b-f1f7-67079141c112,2.529237297126801,29.78571672713622,2.109462,12,,DK00FX113
6d54cea06d9cc575a55e8887ec3ac797,2025-07-30T20:25:07.000Z,2025-07-30T23:12:09.000Z,57.6831,10.7577,10.72758,57.638421666666666,10.836775,57.72225,False,220204000,EMIL,DNK,57f2941d3-388b-cab3-de82-4d66cfe92770,2.5452991413255033,12.804162381601584,2.3806260000000004,12,,DK00FX113
d90d6ab58adf807dc600280510c7b124,2025-07-30T23:35:17.000Z,2025-07-30T23:57:12.000Z,57.6613,10.7419,10.746278333333322,57.65317666666667,10.73631499999999,57.667515,False,220204000,EMIL,DNK,57f2941d3-388b-cab3-de82-4d66cfe92770,2.5687499344348907,1.7011885514398184,2.851336,12,,DK00FX113
c58930076ab852247b8e4dbdf3033abf,2025-07-31T04:00:37.000Z,2025-07-31T04:51:14.000Z,57.4974,10.5163,10.507153333333333,57.49232166666667,10.521685,57.49964166666667,True,219024715,FRU LUNDSGAARD SG 17,DNK,90127c090-07a8-9d1b-f1f7-67079141c112,1.2857143165809766,0.9231219749810909,0,2,555557024;555522471;555543258,DK00FX113
df59fc3c700c4cbbb91d67a732a93a4f,2025-07-31T04:43:59.000Z,2025-07-31T06:02:01.000Z,57.5221,10.5401,10.528736666666667,57.512883333333335,10.553353333333334,57.53284333333333,True,220368000,O 159 RANDI,DNK,23b776e71-126f-9ab4-62f5-3dd2f3acef61,1.2238095374334426,2.688416408359438,2.524581,3,555522471;555543258;555557024,DK00FX113
88885c564609f4bf3d0cdae19eaf72f7,2025-07-31T09:43:19.000Z,2025-07-31T11:08:25.000Z,57.3573,10.5611,10.574401999999992,57.297897,10.547447000000005,57.397777,False,211409020,POSEIDON,DEU,60a6623bf-fa60-1c71-ce82-81d7c2130a7d,4.746666666666667,11.24335509141991,3.791175,2,,DK00FX113
409281e93567cd32584ff93c6c2e2bbe,2025-07-31T21:58:27.000Z,2025-07-31T22:35:00.000Z,57.6478,10.7304,10.729598333333334,57.63727,10.731038333333334,57.66049,False,220343000,SOFIE LYKKE,DNK,d9c8ef7b9-9e81-9b6f-a1da-a9408b0ea526,2.2833333194255827,2.602985240539775,2.3806260000000004,12,,DK00FX113
36635aff8983929ddde64ceacf25fa2d,2025-07-31T22:56:12.000Z,2025-08-01T02:41:06.000Z,57.6038,10.7308,10.668641666666666,57.555976666666666,10.835293333333333,57.635023333333336,False,219007036,MUSSE,DNK,2f46b5073-3485-ba8a-5011-22aed77145de,2.3185430968932743,16.020037550806116,4.4876570000000005,8,,DK00FX113
921d61dcbdf4354caf9912d057fc8f40,2025-08-01T03:53:02.000Z,2025-08-01T04:28:23.000Z,57.5049,10.5241,10.52234,57.50329833333333,10.534071666666666,57.50895833333333,True,219007036,MUSSE,DNK,2f46b5073-3485-ba8a-5011-22aed77145de,0.9478260900663293,1.144510781617511,1.262329,2,555522471;555557024;555543258,DK00FX113
3dbd1c529447d252baea497528d3b78c,2025-08-01T19:21:48.000Z,2025-08-01T23:00:00.000Z,57.602,10.6986,10.660325,57.53969,10.784446666666666,57.649708333333336,False,220072000,R177 DUEODDE,DNK,438ea858e-e541-e793-8324-1972af53ee8e,2.41310348449082,16.061349317081138,2.5241160000000002,6,,DK00FX113
088ff8f89ca57efb5b7b78d1cea97b5f,2025-08-01T19:25:19.000Z,2025-08-01T22:40:20.000Z,57.5154,10.6519,10.691315000000003,57.44958166666667,10.629746666666676,57.558663333333335,False,219024715,FRU LUNDSGAARD SG 17,DNK,90127c090-07a8-9d1b-f1f7-67079141c112,2.2148148213271748,13.260100341136463,2.302923,7,,DK00FX113
0bb62abf15714169359b8664d9d4a949,2025-08-02T00:30:29.000Z,2025-08-02T02:39:19.000Z,57.4793,10.68,10.657985,57.46051333333333,10.69646,57.49846333333333,False,219024715,FRU LUNDSGAARD SG 17,DNK,90127c090-07a8-9d1b-f1f7-67079141c112,2.1970588117837906,8.598708640385222,1.6330820000000001,5,,DK00FX113
4adf9c74a4a4c655969b21dd988dae07,2025-08-02T03:08:34.000Z,2025-08-02T04:33:30.000Z,57.3078,10.5768,10.693309999999997,57.232462,10.534847000000013,57.333042,False,219220156,S 543 TAHA,DNK,0a0df7dd4-43c4-b65d-97d8-26c779cb2248,5.414285714285715,14.878888869568211,14.315226000000001,9,555790713;555641546,DK00FX113
82233bc965258292fddbaa360239549e,2025-08-02T04:54:25.000Z,2025-08-02T06:00:09.000Z,57.4938,10.5293,10.529676999999992,57.489732,10.528840000000002,57.497773,True,219012459,HM 67 LOTTI,DNK,cdca9c2b2-2f96-afb2-e67e-976ee9505b4e,0.4105263157894737,0.8988560691014255,1.195227,2,555522471;67881;555543258;555538085;555557024,DK00FX113
3e9b602ac7075005cc17337374d5bb57,2025-08-02T11:17:25.000Z,2025-08-02T12:47:00.000Z,57.2993,10.5915,10.657751999999988,57.250888,10.554687000000001,57.325863,False,219220156,S 543 TAHA,DNK,0a0df7dd4-43c4-b65d-97d8-26c779cb2248,3.7249999999999996,10.39499284108629,11.450948,7,555641546;555556912;555543150;555790713,DK00FX113
702a11c5eb321920ddb8d3777b9be37b,2025-08-02T19:06:19.000Z,2025-08-03T02:43:47.000Z,57.4774,10.6755,10.688095000000004,57.43396,10.655325000000005,57.53724,False,219024715,FRU LUNDSGAARD SG 17,DNK,90127c090-07a8-9d1b-f1f7-67079141c112,2.3326613119532986,31.73020313616133,4.335749,9,,DK00FX113
5a11ac1b86050d125d736dc07eb5e7ae,2025-08-02T19:33:08.000Z,2025-08-03T02:54:16.000Z,57.5855,10.7342,10.68455,57.496521666666666,10.768333333333333,57.648718333333335,False,219002585,FN 4 LAERKE,DNK,705d7679a-aaae-a574-ab8a-8e0d33eced6c,2.3956081343663715,32.18493893532933,1.111949,5,,DK00FX113
f63e19b8187e5c52929ac0cd86ef2f31,2025-08-02T22:41:17.000Z,2025-08-03T02:58:19.000Z,57.623,10.7279,10.656568333333333,57.56009666666667,10.833381666666666,57.678775,False,220072000,R177 DUEODDE,DNK,438ea858e-e541-e793-8324-1972af53ee8e,2.4116667019824183,18.799269086383724,4.6051660000000005,8,,DK00FX113
14a9e8697ee3c9278f501a74031059ae,2025-08-03T19:07:03.000Z,2025-08-03T20:43:02.000Z,57.4756,10.6858,10.663536666666667,57.44863,10.697585,57.499658333333336,False,219024715,FRU LUNDSGAARD SG 17,DNK,90127c090-07a8-9d1b-f1f7-67079141c112,2.4093750184401865,6.268276825253626,2.525201,6,,DK00FX113
7141dcab19e1f28208dbbd056b7bfc8d,2025-08-03T21:10:34.000Z,2025-08-03T21:49:21.000Z,57.4597,10.6769,10.674785,57.44757833333333,10.68048,57.470525,False,219024715,FRU LUNDSGAARD SG 17,DNK,90127c090-07a8-9d1b-f1f7-67079141c112,2.4130434886268946,1.9738528391211962,2.302923,6,,DK00FX113
5e8ad6a9c5cbf7e2c3edf503a38dc43e,2025-08-03T23:13:26.000Z,2025-08-03T23:59:21.000Z,57.529,10.6667,10.658865,57.51568833333334,10.67271,57.53435833333333,False,219024715,FRU LUNDSGAARD SG 17,DNK,90127c090-07a8-9d1b-f1f7-67079141c112,2.95652174949646,2.3105673181856883,1.194245,4,,DK00FX113
ea87bf759d56e492c3757da0dc777434,2025-08-03T23:33:56.000Z,2025-08-04T02:45:11.000Z,57.6108,10.7567,10.80682999999999,57.55757,10.723048333333338,57.667651666666664,False,219007036,MUSSE,DNK,2f46b5073-3485-ba8a-5011-22aed77145de,2.3971631607265342,13.633867381954456,8.141771,14,,DK00FX113
a55e5eb8c52d679ddc4136fa42a19c6a,2025-08-04T00:08:05.000Z,2025-08-04T03:41:27.000Z,57.5999,10.7166,10.702945,57.53766,10.757843333333334,57.66416666666667,False,219013885,DORIS VENDELBO,DNK,050513a98-880a-98f7-ccc3-650614d8533f,2.3746988112667955,15.31128795253178,2.5241160000000002,8,,DK00FX113
65ba895de9bbc9695731047c1c041d18,2025-08-04T01:06:48.000Z,2025-08-04T02:37:14.000Z,57.4611,10.6773,10.667303333333333,57.43707666666667,10.685143333333333,57.484755,False,219024715,FRU LUNDSGAARD SG 17,DNK,90127c090-07a8-9d1b-f1f7-67079141c112,2.2313725714590027,5.830731558288378,3.3890569999999998,7,,DK00FX113
aa415bd71b8740b7aa58311e84bd64bf,2025-08-04T04:46:32.000Z,2025-08-04T05:53:45.000Z,57.5007,10.5336,10.548016666666655,57.495635,10.523918333333341,57.50714833333333,True,219013885,DORIS VENDELBO,DNK,050513a98-880a-98f7-ccc3-650614d8533f,1.632432441453676,2.4068664792893752,2.636122,2,555543258;555557024;555522471,DK00FX113
1e66115cd98463deb31a2dd6c419fd7c,2025-08-04T16:53:54.000Z,2025-08-04T17:31:23.000Z,57.3463,10.7635,10.765604999999994,57.34072666666667,10.761708333333331,57.35194,False,219801000,LADY GAGA S222,DNK,42ab9d890-0496-584b-cdd6-a637d231fc1d,1.0900000214576722,1.270163209195051,7.783645000000001,9,,DK00FX113
95b74428688e3765e43c3144898e9be7,2025-08-05T19:08:09.000Z,2025-08-06T03:39:09.000Z,57.3986,10.7153,10.683765,57.32969333333333,10.7527,57.45352166666667,False,220256000,CHARLOTTE P  FN 131,DNK,f9350d74d-d66f-c031-94cd-b0f227dd5a0f,2.4793859631345994,38.94612865596354,8.403216,9,,DK00FX113
82d1523f9afc5cac9329d7746ee1ba9e,2025-08-05T19:11:40.000Z,2025-08-06T03:51:43.000Z,57.5612,10.7639,10.806610000000006,57.468765,10.747980000000013,57.637411666666665,False,220349000,FN 422 LINA T,DNK,78716bdbe-eae3-1939-1d88-b28723752b4d,2.573033690899053,40.620442134912544,2.637309,12,,DK00FX113
9bfdbf9e0f533c63187a6393aa985cf8,2025-08-05T19:12:26.000Z,2025-08-05T22:13:25.000Z,57.417,10.718,10.698116666666667,57.37649833333333,10.738016666666667,57.473591666666664,False,220127000,FN 261 STJERNE,DNK,013ba7567-7f7c-5d39-c59b-1b6822c67083,2.6144230893025027,14.534860729830978,5.359006999999999,11,,DK00FX113
5dd05326815d377842149bbad6d5d5a7,2025-08-05T19:25:54.000Z,2025-08-06T03:32:04.000Z,57.5438,10.7347,10.773650000000004,57.45532333333333,10.708591666666678,57.62401833333333,False,219001522,SOREN STRANDBY,DNK,56e82f0b6-6312-ba1d-a4e2-6c8834dbd3d8,2.5746312545815746,38.30229612823544,2.223899,10,,DK00FX113
7dd84d33630a5a9c90338cf9d055bfc5,2025-08-05T19:49:09.000Z,2025-08-06T04:05:20.000Z,57.547,10.7257,10.6737,57.43360333333333,10.759588333333333,57.615091666666665,False,220278000,A 321 HENRIETTE DUE,DNK,26d5d36d3-35c9-78be-806c-8b22890708eb,2.5732142537300065,38.77268758808767,4.487853,7,,DK00FX113
65ba31d102d8a7a4a97dae2043deb5ff,2025-08-05T22:29:59.000Z,2025-08-06T03:35:16.000Z,57.3921,10.7169,10.744736666666654,57.344675,10.687216666666671,57.433245,False,220127000,FN 261 STJERNE,DNK,013ba7567-7f7c-5d39-c59b-1b6822c67083,2.519230760552072,22.68977437671709,7.988721,10,,DK00FX113
0220eff4b5bd60a272912e6992455ec8,2025-08-06T19:08:39.000Z,2025-08-06T22:00:24.000Z,57.384,10.7136,10.691011666666666,57.31350333333334,10.743433333333334,57.43911166666667,False,219005866,FN 72 NEBRASKA,DNK,4d50ffa58-835c-b38b-5f5d-84807d6929d5,2.7465753587957926,14.415411866665883,9.276415,10,,DK00FX113
1278de97eda10ea84309d34f0d9bb58a,2025-08-06T19:10:12.000Z,2025-08-06T23:12:08.000Z,57.6042,10.6964,10.76791,57.519193333333334,10.673986666666679,57.66495,False,220256000,CHARLOTTE P  FN 131,DNK,f9350d74d-d66f-c031-94cd-b0f227dd5a0f,2.5961325874974057,19.08194080594905,3.335848,10,,DK00FX113
a0f7932602437ae4e18c2fb5a9ab7be6,2025-08-06T19:12:45.000Z,2025-08-06T23:59:33.000Z,57.6085,10.7288,10.79592333333332,57.51726333333333,10.681681666666663,57.66093166666667,False,220127000,FN 261 STJERNE,DNK,013ba7567-7f7c-5d39-c59b-1b6822c67083,2.681132059333461,23.00404017387024,3.786756,12,,DK00FX113
5f875322f2a741456e7b9c6bebfc9b2e,2025-08-06T19:16:31.000Z,2025-08-06T23:58:18.000Z,57.5987,10.7394,10.80029833333333,57.50899666666667,10.702493333333337,57.65527,False,219001522,SOREN STRANDBY,DNK,56e82f0b6-6312-ba1d-a4e2-6c8834dbd3d8,2.6402985039931632,23.042090875692768,2.856264,12,,DK00FX113
16e7b69dc603c1908b99d0359e7c4ada,2025-08-06T19:48:17.000Z,2025-08-06T23:10:48.000Z,57.5768,10.6889,10.716231666666658,57.52735166666667,10.652496666666678,57.60921,False,219006971,FN 220 IDA MARIE,DNK,3b71e97ba-a4ac-6fd8-ac1f-b3ced497dab4,2.4891472934752468,15.451178406643983,2.634341,8,,DK00FX113
96db7490dcc4ed91974222df6bff8aa6,2025-08-06T23:24:12.000Z,2025-08-06T23:59:33.000Z,57.6434,10.757,10.751946666666667,57.631025,10.764888333333333,57.654936666666664,False,220256000,CHARLOTTE P  FN 131,DNK,f9350d74d-d66f-c031-94cd-b0f227dd5a0f,2.574999992336546,2.8180647979555746,3.740529,14,,DK00FX113
8155a0c37cecd68c505d5da55a97ab7e,2025-08-07T00:41:34.000Z,2025-08-07T03:43:13.000Z,57.54,10.7525,10.746556666666667,57.48227333333333,10.764388333333333,57.601276666666664,False,220256000,CHARLOTTE P  FN 131,DNK,f9350d74d-d66f-c031-94cd-b0f227dd5a0f,2.4852112783512594,13.594633469717424,1.195554,9,,DK00FX113
31027795e7c094a1d77347daec4d9428,2025-08-07T00:49:22.000Z,2025-08-07T03:35:45.000Z,57.3632,10.7201,10.682141666666666,57.30941833333333,10.74347,57.416338333333336,False,219005866,FN 72 NEBRASKA,DNK,4d50ffa58-835c-b38b-5f5d-84807d6929d5,2.4636363278735764,12.734496613036587,8.694723,9,,DK00FX113
d378f53c28482f4ce5b69e1aacc65c2a,2025-08-07T09:49:49.000Z,2025-08-07T12:00:21.000Z,57.4946,10.5046,10.508295000000004,57.49249833333333,10.501571666666678,57.496498333333335,False,219013885,DORIS VENDELBO,DNK,050513a98-880a-98f7-ccc3-650614d8533f,0.32985074351082977,0.7131789754552432,0,2,,DK00FX113
4b2d044bea15886352acce542438cdd7,2025-08-07T19:53:19.000Z,2025-08-07T21:05:04.000Z,57.3725,10.7287,10.713075,57.346243333333334,10.745718333333333,57.39722166666667,False,219005866,FN 72 NEBRASKA,DNK,4d50ffa58-835c-b38b-5f5d-84807d6929d5,2.7258620755425818,6.011712374261222,7.579324,11,,DK00FX113
f727fce4b66aa0be8e4871767b8c34f1,2025-08-07T20:01:57.000Z,2025-08-07T22:02:03.000Z,57.4634,10.672,10.658053333333333,57.43992166666666,10.683343333333333,57.49510166666666,False,219024715,FRU LUNDSGAARD SG 17,DNK,90127c090-07a8-9d1b-f1f7-67079141c112,2.575824174252184,8.226830922369917,3.543894,6,,DK00FX113
c7439224f7bfbcca7037a8ead48bd746,2025-08-07T21:24:59.000Z,2025-08-07T22:02:05.000Z,57.4243,10.6986,10.693968333333334,57.41150666666667,10.705293333333334,57.43787833333333,False,219005866,FN 72 NEBRASKA,DNK,4d50ffa58-835c-b38b-5f5d-84807d6929d5,2.656249992549419,3.0362852297944625,4.336856,9,,DK00FX113
7f5ffa4afc98313dfe8e80059dfa030f,2025-08-08T00:24:19.000Z,2025-08-08T02:37:44.000Z,57.4437,10.6809,10.671356666666666,57.421551666666666,10.68494,57.466026666666664,False,219024715,FRU LUNDSGAARD SG 17,DNK,90127c090-07a8-9d1b-f1f7-67079141c112,2.3719512355036843,9.227042600057958,5.388828,8,,DK00FX113
70eebe630bb998ecd95888b9c0236e0b,2025-08-08T00:28:09.000Z,2025-08-08T00:48:14.000Z,57.4336,10.6891,10.69142500000001,57.42796166666667,10.687146666666678,57.440815,False,219015617,FN68 FRYDENSTRAND,DNK,d4564638c-c6f0-0ff6-c16f-a07290ebe530,2.206666656335195,1.4525032798386657,4.335749,9,,DK00FX113
e4ea0df51a38fed36f1fe9048229406b,2025-08-08T01:03:39.000Z,2025-08-08T03:39:14.000Z,57.3626,10.7214,10.74354333333332,57.30674333333333,10.68478833333333,57.40555666666667,False,219005866,FN 72 NEBRASKA,DNK,4d50ffa58-835c-b38b-5f5d-84807d6929d5,2.539393905437354,11.995674426639379,10.868514999999999,8,,DK00FX113
a552d439eb9d7434de952cb115f7aec4,2025-08-08T01:04:59.000Z,2025-08-08T02:27:17.000Z,57.4351,10.6796,10.690413333333339,57.415861666666665,10.670870000000008,57.45990166666667,False,219015617,FN68 FRYDENSTRAND,DNK,d4564638c-c6f0-0ff6-c16f-a07290ebe530,2.3553191524870853,5.670803765816683,4.191311,9,,DK00FX113
626f9f9e2594674d03bca31825231928,2025-08-08T01:55:03.000Z,2025-08-08T02:35:09.000Z,57.5419,10.6522,10.643578333333334,57.53438166666667,10.66191,57.558551666666666,False,219007027,EMILIA S492,DNK,3776909d3-32c0-7c99-f9b6-5f47eaa70f35,2.490000009536743,1.8337596869920936,2.634341,4,,DK00FX113
9eabe1969d0b0985c26c608b75d0c5cf,2025-08-08T02:24:13.000Z,2025-08-08T03:21:55.000Z,57.3554,10.7417,10.725371666666666,57.339275,10.760138333333334,57.37239666666667,False,219004119,FN 408 KENJA,DNK,a66a343a0-067b-549a-e066-e3fbe976aadd,2.4256410476488943,4.299525039702147,8.144656,11,,DK00FX113
d9178901ae659bad43575715046225cd,2025-08-08T04:34:10.000Z,2025-08-08T05:09:20.000Z,57.5035,10.5311,10.543523333333326,57.49896666666667,10.51656166666666,57.507285,True,219002585,FN 4 LAERKE,DNK,705d7679a-aaae-a574-ab8a-8e0d33eced6c,1.8347826211348826,2.0769129634295127,2.109462,3,555557024;555522471;555543258,DK00FX113
b2c6faa95d01dfd5448e3fcb53dcd457,2025-08-08T20:16:01.000Z,2025-08-23T06:13:03.000Z,57.4928,10.5056,10.505,57.49166666666667,10.505626666666666,57.492835,False,219009135,SG64 LAMA II,DNK,ae4a1cd2e-e7ea-7096-8780-63f0f06a8cef,0,0.5257301962472797,0,2,,DK00FX113
1177b325b259f93bb01d816a26e51b9b,2025-08-09T04:44:25.000Z,2025-08-10T16:09:47.000Z,57.4932,10.5067,10.502901666666666,57.492938333333335,10.525008333333334,57.50102833333333,False,219002585,FN 4 LAERKE,DNK,705d7679a-aaae-a574-ab8a-8e0d33eced6c,0.022784810262970752,0.8097629422260726,0,1,555557024;555543258;555522471,DK00FX113
be9ace3d019217d84b72599d4a6f4140,2025-08-09T19:14:44.000Z,2025-08-10T02:20:44.000Z,57.5358,10.7257,10.638123,57.450057,10.786726999999999,57.590268,False,219009415,R254 KATRINE-KIM,DNK,cea1fec10-06e2-af1d-75bc-60c4a902f23a,2.387096774193549,30.098710384633193,3.266403,5,,DK00FX113
44dec336d2cd8af510b8174e535d25a3,2025-08-09T19:52:32.000Z,2025-08-09T22:03:37.000Z,57.4665,10.6715,10.659245,57.44436666666667,10.68207,57.496228333333335,False,219024715,FRU LUNDSGAARD SG 17,DNK,90127c090-07a8-9d1b-f1f7-67079141c112,2.412727282264017,8.030983501615587,3.543894,6,,DK00FX113
416be5505fc8b55423a420e5b2914a66,2025-08-09T23:04:38.000Z,2025-08-10T02:48:05.000Z,57.5653,10.6476,10.63138,57.526185,10.660026666666667,57.59993333333333,False,219024715,FRU LUNDSGAARD SG 17,DNK,90127c090-07a8-9d1b-f1f7-67079141c112,2.3843283844527914,15.470521139150911,3.185572,4,,DK00FX113
4d6add34c214988ef584ef90a36c36d3,2025-08-10T03:01:39.000Z,2025-08-10T04:05:05.000Z,57.509,10.5469,10.55749800000001,57.506572,10.539508000000012,57.513855,True,219009415,R254 KATRINE-KIM,DNK,cea1fec10-06e2-af1d-75bc-60c4a902f23a,2.025,2.0696627391778115,3.7241619999999998,2,555557024;555543258;555522471,DK00FX113
0756149fc34a51f5d3a5e3852a646ba1,2025-08-10T19:06:11.000Z,2025-08-10T22:41:41.000Z,57.5608,10.6465,10.636305,57.508605,10.6679,57.59883,False,219024715,FRU LUNDSGAARD SG 17,DNK,90127c090-07a8-9d1b-f1f7-67079141c112,2.467114095719868,14.824579137180812,2.389145,3,,DK00FX113
e1cf97e3b49c3278f0f5d9d16778fb2a,2025-08-10T19:18:45.000Z,2025-08-11T01:59:41.000Z,57.5394,10.7077,10.644502,57.46914,10.768058,57.579687,False,219009415,R254 KATRINE-KIM,DNK,cea1fec10-06e2-af1d-75bc-60c4a902f23a,2.3529069767441855,28.5098449772768,1.6328420000000001,4,,DK00FX113
cf07b4dbfe174de942005b8ef99a0039,2025-08-10T19:27:38.000Z,2025-08-10T21:47:23.000Z,57.5838,10.6692,10.659918333333334,57.53908666666667,10.694916666666666,57.61484,False,220072000,R177 DUEODDE,DNK,438ea858e-e541-e793-8324-1972af53ee8e,2.3296703337640547,9.80490838914266,2.5241160000000002,6,,DK00FX113
71df7ca0fd307e8a7509b2b9bb02bbc1,2025-08-10T19:29:31.000Z,2025-08-11T02:15:12.000Z,57.5762,10.7408,10.6631,57.489195,10.801678333333333,57.637415,False,219007036,MUSSE,DNK,2f46b5073-3485-ba8a-5011-22aed77145de,2.7440816384188973,34.09786411512185,1.195227,4,,DK00FX113
caee56fa5f87c07e59a2e3921fea5e67,2025-08-10T19:36:31.000Z,2025-08-11T03:09:06.000Z,57.51,10.7443,10.784101666666658,57.44905833333333,10.630989999999997,57.57734833333333,False,219000895,HV59 TRANESAND,DNK,9e7ded091-13df-cf44-6c72-24cb946027f3,2.5354609649813358,35.65698112984291,3.3890279999999997,12,555522471;555538085;555557024;67881;555543258;349827,DK00FX113
091f04f2c56503b945cdb6c45fb02d88,2025-08-10T19:58:07.000Z,2025-08-10T21:49:42.000Z,57.3948,10.7164,10.74168499999999,57.352716666666666,10.694513333333333,57.433546666666665,False,219005866,FN 72 NEBRASKA,DNK,4d50ffa58-835c-b38b-5f5d-84807d6929d5,2.7523076791029712,9.441495100034304,6.909789,11,,DK00FX113
5fa3797618237b4fe571b3d900b34308,2025-08-10T22:41:24.000Z,2025-08-10T23:07:49.000Z,57.4781,10.7217,10.71872,57.47107166666667,10.724978333333333,57.482231666666664,False,219005866,FN 72 NEBRASKA,DNK,4d50ffa58-835c-b38b-5f5d-84807d6929d5,2.1722222136126623,1.4566861371858235,2.110296,7,,DK00FX113
64e228146c5733e5640059201e48f9c6,2025-08-10T22:58:58.000Z,2025-08-11T02:48:05.000Z,57.554,10.6481,10.630843333333333,57.49359833333333,10.677453333333334,57.59840333333333,False,219024715,FRU LUNDSGAARD SG 17,DNK,90127c090-07a8-9d1b-f1f7-67079141c112,2.3411764771330588,16.05638722750009,1.2624069999999998,3,,DK00FX113
5cd2e1f530f26621519bf80bd610cf8e,2025-08-10T23:52:22.000Z,2025-08-11T04:21:01.000Z,57.3741,10.7199,10.797281666666663,57.30745,10.674553333333336,57.454525,False,219005866,FN 72 NEBRASKA,DNK,4d50ffa58-835c-b38b-5f5d-84807d6929d5,2.6077669812637634,21.062526567833395,7.292925,6,,DK00FX113
1001c3fa2f1e49bfd0436743aa5e68cb,2025-08-11T03:42:16.000Z,2025-08-11T04:58:11.000Z,57.5042,10.5355,10.528373333333333,57.5021,10.543166666666666,57.506275,True,219007036,MUSSE,DNK,2f46b5073-3485-ba8a-5011-22aed77145de,0.42500000447034836,0.9974416748970166,1.632363,3,555522471;555543258;555557024,DK00FX113
ab2a6b217d255d1dea9a698fc1e9af97,2025-08-11T03:58:53.000Z,2025-08-11T07:55:35.000Z,57.5058,10.5355,10.56008,57.492925,10.502303000000012,57.51552,True,219012459,HM 67 LOTTI,DNK,cdca9c2b2-2f96-afb2-e67e-976ee9505b4e,0.4921052631578946,2.336126498912953,2.524891,2,555557024;555543258;555522471,DK00FX113
07e135f10191c69facbd237c11dce6eb,2025-08-11T08:04:50.000Z,2025-08-11T16:07:06.000Z,57.4935,10.5078,10.506196666666666,57.492981666666665,10.535451666666667,57.499853333333334,False,219013885,DORIS VENDELBO,DNK,050513a98-880a-98f7-ccc3-650614d8533f,0.16047619134187696,1.9609055226852836,0,2,555557024;555522471;555543258,DK00FX113
cb23248292dcc9d8a74aaf483cbabed8,2025-08-11T18:58:35.000Z,2025-08-11T20:43:23.000Z,57.4577,10.6735,10.657965,57.43980833333333,10.683175,57.484,False,219024715,FRU LUNDSGAARD SG 17,DNK,90127c090-07a8-9d1b-f1f7-67079141c112,2.4163636467673557,7.712662086441023,3.543894,6,,DK00FX113
4dac85af111444a1b44cf4702e0285dc,2025-08-11T21:00:05.000Z,2025-08-11T21:32:17.000Z,57.4729,10.6729,10.679241666666655,57.46444,10.666685000000001,57.484188333333336,False,219024715,FRU LUNDSGAARD SG 17,DNK,90127c090-07a8-9d1b-f1f7-67079141c112,2.4000000158945722,2.334637722836456,1.111949,6,,DK00FX113
388c319c7e9007e3111a7011cc84ec7b,2025-08-11T21:36:42.000Z,2025-08-11T23:17:41.000Z,57.5785,10.6589,10.6345,57.557317,10.689678,57.588437,False,219009415,R254 KATRINE-KIM,DNK,cea1fec10-06e2-af1d-75bc-60c4a902f23a,2.393333333333333,7.387403670347126,5.356025,7,,DK00FX113
de76a754b69db1c57a17505fe4d50678,2025-08-11T23:06:40.000Z,2025-08-12T02:07:15.000Z,57.5751,10.6591,10.671220000000005,57.54062,10.647938333333343,57.60154333333333,False,219024715,FRU LUNDSGAARD SG 17,DNK,90127c090-07a8-9d1b-f1f7-67079141c112,2.34137934138035,12.363541918843548,2.302626,6,,DK00FX113
3d543025b7225deda4d65a7b9b604585,2025-08-11T23:50:24.000Z,2025-08-12T02:35:43.000Z,57.5459,10.6815,10.71609833333332,57.502835,10.647983333333343,57.583531666666666,False,219015617,FN68 FRYDENSTRAND,DNK,d4564638c-c6f0-0ff6-c16f-a07290ebe530,2.3644230646582747,11.460632980601803,2.109462,7,,DK00FX113
df0d1ef486fc59e572ed03323f37d614,2025-08-12T00:00:40.000Z,2025-08-12T01:50:43.000Z,57.5228,10.7202,10.709993,57.490613,10.729553,57.548687,False,219009415,R254 KATRINE-KIM,DNK,cea1fec10-06e2-af1d-75bc-60c4a902f23a,2.232608695652173,7.0515201827763905,1.195227,6,,DK00FX113
898f2749b6355350b290271132b83e0f,2025-08-12T01:11:03.000Z,2025-08-12T03:48:33.000Z,57.3918,10.7165,10.757765000000006,57.35751,10.69243666666668,57.44441666666667,False,219004119,FN 408 KENJA,DNK,a66a343a0-067b-549a-e066-e3fbe976aadd,2.2770115657784484,11.202209546892483,5.591957000000001,11,,DK00FX113
1bfefb460004965841d1a4a40344e8c2,2025-08-12T15:31:31.000Z,2025-08-12T16:31:01.000Z,57.3447,10.5465,10.534032,57.332475,10.553628,57.35673,False,219018409,KAJEMI,DNK,ec9ad9e22-202f-fe50-b6b8-e7846c893b22,3.207142857142857,5.77929725397829,0,1,,DK00FX113
2a2313b077486daf5b1be395d040610b,2025-08-12T18:38:37.000Z,2025-08-12T19:13:12.000Z,57.5097,10.6714,10.665826666666666,57.49972666666667,10.675461666666667,57.51529,False,219015617,FN68 FRYDENSTRAND,DNK,d4564638c-c6f0-0ff6-c16f-a07290ebe530,1.7538461639330936,1.8325441543374605,1.262252,4,,DK00FX113
7971b204a658e29b4548016136f3a8a1,2025-08-12T19:12:59.000Z,2025-08-12T23:19:21.000Z,57.4139,10.752,10.805961666666661,57.374476666666666,10.713863333333336,57.45153666666667,False,219006971,FN 220 IDA MARIE,DNK,3b71e97ba-a4ac-6fd8-ac1f-b3ced497dab4,2.414189203768163,18.398803159186404,5.052573000000001,10,,DK00FX113
d63a7b6ba3e224fdfd51367f9de37d28,2025-08-12T19:27:59.000Z,2025-08-12T19:54:05.000Z,57.4824,10.6664,10.670561666666657,57.47501333333334,10.663533333333334,57.49053166666667,False,219015617,FN68 FRYDENSTRAND,DNK,d4564638c-c6f0-0ff6-c16f-a07290ebe530,2.1722222301695084,1.7873304666200247,0.597777,5,,DK00FX113
4487e7f22764bf7aed1ba26cf7a6bcce,2025-08-12T20:14:47.000Z,2025-08-12T20:51:30.000Z,57.4531,10.6814,10.68298333333334,57.442755,10.678263333333348,57.46402,False,219015617,FN68 FRYDENSTRAND,DNK,d4564638c-c6f0-0ff6-c16f-a07290ebe530,2.1119999837875363,2.4142070611329673,3.335848,7,,DK00FX113
2e93a5a23b935ddc844f59a5ee7a075a,2025-08-12T23:08:21.000Z,2025-08-13T03:15:04.000Z,57.5051,10.679,10.753556666666668,57.46475,10.635140000000007,57.544673333333336,False,219015617,FN68 FRYDENSTRAND,DNK,d4564638c-c6f0-0ff6-c16f-a07290ebe530,2.3421052680595933,17.74268951692229,2.5250459999999997,9,,DK00FX113
03047d6d8646edfa4c03729942e8a43b,2025-08-12T23:33:42.000Z,2025-08-13T03:22:17.000Z,57.4043,10.7562,10.723778333333334,57.36756333333334,10.80556,57.44001333333333,False,219006971,FN 220 IDA MARIE,DNK,3b71e97ba-a4ac-6fd8-ac1f-b3ced497dab4,2.4141176756690537,16.962804397477782,5.362871,12,,DK00FX113
e1ae7346b64fca7cb7bdee861351c1f2,2025-08-13T05:20:19.000Z,2025-08-13T06:47:15.000Z,57.4971,10.5408,10.542429999999996,57.495885,10.537373333333335,57.498976666666664,True,220256000,CHARLOTTE P  FN 131,DNK,f9350d74d-d66f-c031-94cd-b0f227dd5a0f,0.34400000378489487,0.5860845992713851,2.109462,3,67881;555538085;555543258;555522471;555557024,DK00FX113
c25d47d10e35cd35c3e05fd981ebb10c,2025-08-13T06:35:01.000Z,2025-08-13T09:29:15.000Z,57.5366,10.6289,10.631842000000006,57.534127,10.625548000000009,57.53799,False,219033842,ELSE-ANE,DNK,c2f1d583d-d66b-e3bc-94d3-a2e08282fe8d,1.3609374999999997,4.342605531861789,3.185572,4,,DK00FX113
302762b804a41751903bda01193dccab,2025-08-13T18:51:48.000Z,2025-08-14T00:35:02.000Z,57.4225,10.7468,10.712568333333333,57.36692333333333,10.807441666666668,57.507695,False,219006971,FN 220 IDA MARIE,DNK,3b71e97ba-a4ac-6fd8-ac1f-b3ced497dab4,2.5293269302122883,26.60708829524298,5.719308,11,,DK00FX113
6addf59b128c65b9090881b8484ad08a,2025-08-13T18:52:43.000Z,2025-08-13T22:46:03.000Z,57.4924,10.6772,10.717076666666657,57.457521666666665,10.654308333333347,57.52903,False,219024715,FRU LUNDSGAARD SG 17,DNK,90127c090-07a8-9d1b-f1f7-67079141c112,2.363565908846005,16.566331338285185,2.637902,8,,DK00FX113
68a809c10bfb04009b6b67fa7617f7ca,2025-08-13T19:04:11.000Z,2025-08-13T23:58:51.000Z,57.4095,10.7564,10.709688333333334,57.366078333333334,10.810406666666667,57.46279333333333,False,219015617,FN68 FRYDENSTRAND,DNK,d4564638c-c6f0-0ff6-c16f-a07290ebe530,2.367045449431647,21.38900213956043,5.719308,11,,DK00FX113
d28a16cb6da7bee84941253e1e180c83,2025-08-14T00:00:15.000Z,2025-08-14T02:50:04.000Z,57.5043,10.6752,10.713654999999989,57.471035,10.643788333333333,57.53655166666667,False,219024715,FRU LUNDSGAARD SG 17,DNK,90127c090-07a8-9d1b-f1f7-67079141c112,2.2691489267856517,11.884944531306328,1.6328420000000001,7,,DK00FX113
94e26cba0e53aab444481713d76e036a,2025-08-14T01:45:09.000Z,2025-08-14T03:05:00.000Z,57.4698,10.7347,10.77381166666666,57.46019,10.691390000000013,57.48478166666667,False,219015617,FN68 FRYDENSTRAND,DNK,d4564638c-c6f0-0ff6-c16f-a07290ebe530,2.266037737423519,5.80406102554229,2.223899,10,,DK00FX113
62ac005e0dacb338c22b82e2e5162173,2025-08-14T05:24:38.000Z,2025-08-14T06:19:00.000Z,57.502,10.5351,10.521005,57.49556333333334,10.5677,57.516895,True,219013885,DORIS VENDELBO,DNK,050513a98-880a-98f7-ccc3-650614d8533f,2.2418604791164394,3.715402032058534,1.262329,2,555557024;555543258;555522471,DK00FX113
75bbf18e2862484001d9f71266db9113,2025-08-14T05:54:20.000Z,2025-08-14T06:19:05.000Z,57.4957,10.5157,10.502705,57.494418333333336,10.52913,57.49807833333333,False,219005866,FN 72 NEBRASKA,DNK,4d50ffa58-835c-b38b-5f5d-84807d6929d5,2.672727255320008,1.6506062205885015,0,1,555557024;555522471;555543258,DK00FX113
0a5ceb0ca6422b3dd5d0dca55c184101,2025-08-14T18:44:16.000Z,2025-08-14T23:10:01.000Z,57.4089,10.7565,10.718405,57.36501,10.816301666666666,57.45317333333333,False,219006971,FN 220 IDA MARIE,DNK,3b71e97ba-a4ac-6fd8-ac1f-b3ced497dab4,2.4993506780789283,20.196233742327774,5.362871,12,,DK00FX113
2c6c514c1cbc41030cfc3c3747bd9edb,2025-08-14T18:51:17.000Z,2025-08-14T19:50:03.000Z,57.4812,10.6816,10.68046,57.46238833333334,10.68279,57.50129,False,219024715,FRU LUNDSGAARD SG 17,DNK,90127c090-07a8-9d1b-f1f7-67079141c112,2.4369565663130386,4.340642511856539,1.111949,6,,DK00FX113
315c9c90b31c62e116eceb7c027952d0,2025-08-14T23:26:35.000Z,2025-08-14T23:59:08.000Z,57.4623,10.7524,10.739228333333333,57.45408833333333,10.766243333333334,57.47096,False,219006971,FN 220 IDA MARIE,DNK,3b71e97ba-a4ac-6fd8-ac1f-b3ced497dab4,2.4923077088135943,2.47595882005623,3.5441149999999997,9,,DK00FX113
6b7a0b20768ba5482c28a9361a290f66,2025-08-15T02:42:32.000Z,2025-08-15T03:38:58.000Z,57.4929,10.5557,10.55517,57.48829166666667,10.557745,57.49682833333333,True,220368000,O 159 RANDI,DNK,23b776e71-126f-9ab4-62f5-3dd2f3acef61,0.5777777874911272,0.9752696958603452,2.524891,2,555543258;555522471;67881;555538085;555557024,DK00FX113
6f233369669c7a34987cefcb23506eac,2025-08-17T18:30:08.000Z,2025-08-17T19:38:48.000Z,57.4119,10.764,10.757393333333333,57.3882,10.767208333333333,57.43492833333333,False,220256000,CHARLOTTE P  FN 131,DNK,f9350d74d-d66f-c031-94cd-b0f227dd5a0f,2.492156860875148,5.237579473849408,2.303178,13,,DK00FX113
201452d186f58bf76f3cced1694ea9b3,2025-08-17T18:47:01.000Z,2025-08-18T02:54:31.000Z,57.4887,10.7003,10.669931666666667,57.41647666666667,10.7254,57.559868333333334,False,219024715,FRU LUNDSGAARD SG 17,DNK,90127c090-07a8-9d1b-f1f7-67079141c112,2.4233038502808526,29.55543020899068,5.388828,8,,DK00FX113
f602a0d567d7a99a7936751a743c100c,2025-08-18T05:14:38.000Z,2025-08-18T05:45:31.000Z,57.5067,10.5143,10.512443333333334,57.50305,10.51561,57.510585,True,219002585,FN 4 LAERKE,DNK,705d7679a-aaae-a574-ab8a-8e0d33eced6c,0.9392856976815633,0.8445488729400883,1.111949,2,555557024;555543258;555522471,DK00FX113
95478547a0a693d12bb7ded129611a34,2025-08-18T05:37:05.000Z,2025-08-18T06:30:17.000Z,57.5027,10.5173,10.514701666666667,57.498075,10.519226666666667,57.50785333333334,True,220256000,CHARLOTTE P  FN 131,DNK,f9350d74d-d66f-c031-94cd-b0f227dd5a0f,0.7843137301650702,1.185811480473325,1.111949,2,555543258;555522471;555557024,DK00FX113
302653d428810c785504f8a26952c477,2025-08-18T05:44:09.000Z,2025-08-18T06:21:32.000Z,57.5024,10.5384,10.516145,57.49536333333333,10.561338333333333,57.508225,True,219013885,DORIS VENDELBO,DNK,050513a98-880a-98f7-ccc3-650614d8533f,2.66111108329561,3.076186657845983,1.262329,2,555522471;555543258;555557024,DK00FX113
a8106ae0794f7924ae55c8a8cd5c92b4,2025-08-18T07:22:10.000Z,2025-08-18T09:27:15.000Z,57.4669,10.635,10.634145,57.462903,10.635482,57.47132,False,219007115,,DNK,3493c881a-adf9-2f07-9abf-79eb85e612d8,1,1.4942984221160431,2.30288,4,555557024;555522471;555543258,DK00FX113
fcdc8f2f7519192a548d9b71c5721710,2025-08-18T18:29:22.000Z,2025-08-18T23:59:20.000Z,57.3616,10.7529,10.729676666666666,57.313625,10.773793333333334,57.45169666666666,False,220256000,CHARLOTTE P  FN 131,DNK,f9350d74d-d66f-c031-94cd-b0f227dd5a0f,2.532727269205183,25.37949724124064,11.375328999999999,9,,DK00FX113
9ae765bccaef194bb646451ac92f242e,2025-08-18T18:42:13.000Z,2025-08-19T03:13:09.000Z,57.5252,10.701,10.74215666666666,57.437565,10.659265000000005,57.594406666666664,False,219006301,FN 308 HELLE LOTTE,DNK,64130f509-9c27-c779-f4bc-cbfaa9ae6e0b,2.285547819726673,36.07153291284434,2.525666,10,,DK00FX113
3cc91bdb075632e17e79bdc7d93a32c9,2025-08-18T18:49:02.000Z,2025-08-19T03:01:10.000Z,57.589,10.7005,10.664438333333333,57.51695,10.757238333333333,57.643638333333335,False,219024715,FRU LUNDSGAARD SG 17,DNK,90127c090-07a8-9d1b-f1f7-67079141c112,2.4122194622520214,33.24097044091016,1.194245,4,,DK00FX113
ba06f7d2772ef28fc8f80df76970af7d,2025-08-18T18:59:34.000Z,2025-08-19T03:05:09.000Z,57.5493,10.7443,10.772924999999987,57.469411666666666,10.717646666666667,57.62294833333333,False,219002585,FN 4 LAERKE,DNK,705d7679a-aaae-a574-ab8a-8e0d33eced6c,2.420958090774313,35.941957312877314,1.111949,10,,DK00FX113
2d9d0568412f1b9d606ee7eaf3d81722,2025-08-19T00:22:14.000Z,2025-08-19T01:12:25.000Z,57.5734,10.7186,10.726658333333319,57.559035,10.708785000000006,57.58946,False,219015617,FN68 FRYDENSTRAND,DNK,d4564638c-c6f0-0ff6-c16f-a07290ebe530,2.8682926696975057,3.5681307161461935,5.356025,10,,DK00FX113
6668904ed04688f5604b517236d9e9d5,2025-08-19T00:24:07.000Z,2025-08-19T04:10:17.000Z,57.4038,10.7645,10.769458333333318,57.325625,10.756349999999998,57.47327,False,220256000,CHARLOTTE P  FN 131,DNK,f9350d74d-d66f-c031-94cd-b0f227dd5a0f,2.4899441306817476,17.05384449633287,8.895595,8,,DK00FX113
e13a3da5ecd97068eefe5fed1d7aa061,2025-08-20T03:34:40.000Z,2025-08-20T04:37:00.000Z,57.4804,10.6012,10.594246666666667,57.477826666666665,10.609578333333333,57.484298333333335,True,220368000,O 159 RANDI,DNK,23b776e71-126f-9ab4-62f5-3dd2f3acef61,0.7799999952316284,1.1380382345025442,1.7933320000000001,2,67881;349827;555543258;555522471;555538085;555557024,DK00FX113
8ea1e250246349bd4147f90168f5333c,2025-08-20T05:07:20.000Z,2025-08-20T05:57:40.000Z,57.4865,10.5827,10.57475,57.48506666666667,10.591916666666666,57.4882,True,219005954,BELLA-EMIL,DNK,452637753-32e2-e9d8-8651-7e3396324805,0.7846153791134175,1.0898891703319313,2.8568800000000003,2,555538085;555522471;555543258;555557024;349827;67881,DK00FX113
6a60a5776b18fa4c6d6635b5069bc03c,2025-08-20T05:07:57.000Z,2025-08-20T06:19:17.000Z,57.4828,10.6078,10.594833333333334,57.481948333333335,10.617106666666666,57.48414,True,220256000,CHARLOTTE P  FN 131,DNK,f9350d74d-d66f-c031-94cd-b0f227dd5a0f,0.851219516883536,1.4207812600007894,1.7933320000000001,2,349827;555522471;555557024;555538085;67881;555543258,DK00FX113
c50063553a4542efbd71d5efb8e2925d,2025-08-20T05:20:53.000Z,2025-08-20T06:21:07.000Z,57.5053,10.5252,10.512508333333333,57.498171666666664,10.550328333333333,57.510215,True,219013885,DORIS VENDELBO,DNK,050513a98-880a-98f7-ccc3-650614d8533f,1.9681818170303644,3.689375948145105,1.111949,2,555557024;555522471;555543258,DK00FX113
fc340945b8d900e9b3bbd8e6dea528e6,2025-08-20T18:46:53.000Z,2025-08-21T03:01:14.000Z,57.6252,10.7337,10.674385000000001,57.504985,10.774403333333334,57.69632333333333,False,219024715,FRU LUNDSGAARD SG 17,DNK,90127c090-07a8-9d1b-f1f7-67079141c112,2.369310351486864,33.67133630269286,1.262252,4,,DK00FX113
476d2ef162ef278b5c0e0ee3412345d4,2025-08-20T18:48:38.000Z,2025-08-20T20:41:23.000Z,57.3651,10.7305,10.707438333333334,57.31996,10.749358333333333,57.404046666666666,False,219005866,FN 72 NEBRASKA,DNK,4d50ffa58-835c-b38b-5f5d-84807d6929d5,2.7933333555857334,9.74010991463787,10.265691,10,,DK00FX113
2f70a374649bdc27d0888036c0488abc,2025-08-20T20:59:05.000Z,2025-08-20T22:00:24.000Z,57.4436,10.7029,10.713643333333323,57.416735,10.692996666666659,57.459873333333334,False,219005866,FN 72 NEBRASKA,DNK,4d50ffa58-835c-b38b-5f5d-84807d6929d5,2.703125037252903,3.868164129786795,2.993794,10,,DK00FX113
1b014d4a6b49724a45aed44e94f83cfe,2025-08-20T22:35:34.000Z,2025-08-21T03:07:44.000Z,57.5954,10.7464,10.809701666666655,57.534333333333336,10.667856666666665,57.64471,False,219015617,FN68 FRYDENSTRAND,DNK,d4564638c-c6f0-0ff6-c16f-a07290ebe530,2.3987730028439156,18.62524127861752,5.048853,13,,DK00FX113
51ff79d8a03346af0df65e52d00f3cdb,2025-08-20T22:50:23.000Z,2025-08-21T00:15:02.000Z,57.488,10.7246,10.730526666666663,57.461706666666664,10.719198333333338,57.50512833333333,False,219005866,FN 72 NEBRASKA,DNK,4d50ffa58-835c-b38b-5f5d-84807d6929d5,2.4842104794163458,5.6826094041317035,3.190174,8,,DK00FX113
49ac3c5b33fbb3342ca78e2504165d24,2025-08-20T22:58:59.000Z,2025-08-21T04:06:05.000Z,57.5297,10.765,10.789314999999988,57.41077833333333,10.744403333333338,57.628405,False,219001522,SOREN STRANDBY,DNK,56e82f0b6-6312-ba1d-a4e2-6c8834dbd3d8,2.6718918816463377,24.81458359244115,1.1978440000000001,13,,DK00FX113
7c425b3c70c563ce123eaa883157de6f,2025-08-20T23:24:59.000Z,2025-08-21T02:53:54.000Z,57.5972,10.7639,10.749148333333334,57.53557333333333,10.784466666666667,57.65668,False,219007036,MUSSE,DNK,2f46b5073-3485-ba8a-5011-22aed77145de,2.2228070126290915,14.033585673675338,4.73364,10,,DK00FX113
362da2a535f265c71aec0305e394c4b7,2025-08-21T00:41:24.000Z,2025-08-21T04:05:24.000Z,57.4804,10.7413,10.75946833333333,57.437398333333334,10.733743333333337,57.516365,False,219005866,FN 72 NEBRASKA,DNK,4d50ffa58-835c-b38b-5f5d-84807d6929d5,2.5965116024017334,16.821433238856024,2.223899,11,,DK00FX113
89ab0a532bd2bb507c18cc1e78295f7b,2025-08-21T04:14:25.000Z,2025-08-21T04:39:25.000Z,57.5033,10.525,10.522456666666667,57.50205166666667,10.532508333333332,57.50592833333334,True,219007036,MUSSE,DNK,2f46b5073-3485-ba8a-5011-22aed77145de,1.3818181590600447,0.8813480715357382,1.262329,2,555522471;555557024;555543258,DK00FX113
6b6e4f93e7f508966a65b799395f13f8,2025-08-21T05:32:17.000Z,2025-08-21T06:25:15.000Z,57.4966,10.5243,10.516741666666666,57.49231,10.540408333333334,57.502613333333336,True,219013885,DORIS VENDELBO,DNK,050513a98-880a-98f7-ccc3-650614d8533f,1.25000001390775,2.0406477111090235,0.597614,2,555557024;555522471;67881;555543258;555538085,DK00FX113
6d551dc581d023fd0f1ad2c4d1793509,2025-08-21T05:39:36.000Z,2025-08-21T06:40:06.000Z,57.4954,10.52,10.52273333333332,57.49270166666667,10.515626666666662,57.498075,True,220256000,CHARLOTTE P  FN 131,DNK,f9350d74d-d66f-c031-94cd-b0f227dd5a0f,1.051612907359677,1.2694540150607208,0.597614,2,555557024;555543258;555538085;555522471;67881,DK00FX113
07c2fefbd26d97ddba985b01140f71ad,2025-08-21T18:18:49.000Z,2025-08-21T21:02:41.000Z,57.4832,10.7473,10.742653333333333,57.42209166666667,10.75832,57.537675,False,220256000,CHARLOTTE P  FN 131,DNK,f9350d74d-d66f-c031-94cd-b0f227dd5a0f,2.540740740152052,12.924565109162225,1.197517,11,,DK00FX113
3bd73f75f6c360de268e1210eec6217d,2025-08-21T18:23:16.000Z,2025-08-21T20:33:03.000Z,57.4911,10.7458,10.7429,57.43643333333333,10.751116666666666,57.53025,False,219005954,BELLA-EMIL,DNK,452637753-32e2-e9d8-8651-7e3396324805,2.622641468947789,10.465122363897198,2.525666,10,,DK00FX113
e20e5784ccfa7f3016c2aa3598941f47,2025-08-21T18:23:26.000Z,2025-08-22T04:04:08.000Z,57.518,10.7617,10.779259999999994,57.40506166666667,10.74531166666668,57.618445,False,219001522,SOREN STRANDBY,DNK,56e82f0b6-6312-ba1d-a4e2-6c8834dbd3d8,2.67690353950268,47.43941904679592,0.5989220000000001,13,,DK00FX113
087cf34cbbd3cf4fe95ce207207a8a2a,2025-08-21T18:23:47.000Z,2025-08-21T23:19:07.000Z,57.5291,10.7277,10.72522,57.42939833333333,10.734111666666667,57.61252833333333,False,219006301,FN 308 HELLE LOTTE,DNK,64130f509-9c27-c779-f4bc-cbfaa9ae6e0b,2.2870588795227156,20.727811844648077,2.112382,10,,DK00FX113
49a90b89dc47d50f4a98d55e4717ea54,2025-08-21T18:25:16.000Z,2025-08-21T23:30:07.000Z,57.5792,10.7639,10.711681666666667,57.503031666666665,10.82834,57.62577,False,219013885,DORIS VENDELBO,DNK,050513a98-880a-98f7-ccc3-650614d8533f,2.4953271197938474,23.327289840462168,1.632363,6,,DK00FX113
2f69738707cc2d702541202810f945cd,2025-08-21T18:29:33.000Z,2025-08-21T23:59:08.000Z,57.5406,10.7486,10.73492,57.432125,10.76884,57.61459833333333,False,219024923,TRYGG,DNK,b93a2787f-f773-de75-6e84-c9c05b9fdb9d,2.630472104948478,26.750569737293354,2.112382,10,,DK00FX113
fab79bde86c978ea09edf43b77b1a777,2025-08-21T18:35:42.000Z,2025-08-21T19:39:05.000Z,57.4305,10.7593,10.761146666666662,57.407581666666665,10.75672666666668,57.45406666666667,False,220204000,EMIL,DNK,57f2941d3-388b-cab3-de82-4d66cfe92770,2.7878787951035937,5.178627045823887,0.5989220000000001,12,,DK00FX113
cfca9ca3f6c3aba29bb025346ee015c9,2025-08-21T18:39:33.000Z,2025-08-22T03:32:43.000Z,57.5141,10.7558,10.676213333333333,57.429395,10.775093333333333,57.59773,False,220368000,O 159 RANDI,DNK,23b776e71-126f-9ab4-62f5-3dd2f3acef61,2.6675105162813697,43.994048941105824,4.447797,8,,DK00FX113
bec43055c78d7e5f7dd5a044af7cac8d,2025-08-21T18:44:32.000Z,2025-08-21T19:26:12.000Z,57.5713,10.6772,10.663245,57.56066833333333,10.691441666666666,57.58347333333333,False,219015617,FN68 FRYDENSTRAND,DNK,d4564638c-c6f0-0ff6-c16f-a07290ebe530,2.1782608731933264,3.061397201334867,4.6051660000000005,8,,DK00FX113
30332a6296f09af9e0c9bb7088ed868f,2025-08-21T18:44:53.000Z,2025-08-21T22:05:11.000Z,57.5321,10.7223,10.731381666666664,57.465833333333336,10.71795666666668,57.59984,False,219007036,MUSSE,DNK,2f46b5073-3485-ba8a-5011-22aed77145de,2.4441176699657072,15.026884972352368,2.637309,8,,DK00FX113
ecb983548c076127611f28ec6433ebe8,2025-08-21T19:40:18.000Z,2025-08-21T21:00:21.000Z,57.6112,10.7318,10.754011666666656,57.59097833333333,10.701056666666659,57.632918333333336,False,219015617,FN68 FRYDENSTRAND,DNK,d4564638c-c6f0-0ff6-c16f-a07290ebe530,2.480701758150469,5.764972398554057,6.609081,13,,DK00FX113
b0a3b2c552628361dc35a88a831f7cb2,2025-08-21T21:40:05.000Z,2025-08-22T03:12:49.000Z,57.505,10.7531,10.744286666666667,57.39700333333333,10.767776666666666,57.592145,False,220256000,CHARLOTTE P  FN 131,DNK,f9350d74d-d66f-c031-94cd-b0f227dd5a0f,2.4674876729402646,25.347523536865,2.113216,12,,DK00FX113
2a6691f3846f9905f363f78077fcaf8b,2025-08-21T22:20:32.000Z,2025-08-21T23:44:07.000Z,57.6136,10.7665,10.76345,57.59341666666667,10.7701,57.62735,False,219005954,BELLA-EMIL,DNK,452637753-32e2-e9d8-8651-7e3396324805,2.3031249605119233,4.7818173075863575,6.949175,14,,DK00FX113
003fb8a7e5644dc7e061103bf3f66f5a,2025-08-21T23:11:36.000Z,2025-08-22T01:22:32.000Z,57.554,10.7102,10.708076666666667,57.52103833333334,10.71539,57.59186166666667,False,219007036,MUSSE,DNK,2f46b5073-3485-ba8a-5011-22aed77145de,2.051666636268298,8.234918093387607,1.7913679999999998,7,,DK00FX113
e80049129bc98792b543422357745b98,2025-08-21T23:32:26.000Z,2025-08-22T03:05:33.000Z,57.5365,10.7295,10.726941666666667,57.476820000000004,10.741078333333334,57.60421,False,219006301,FN 308 HELLE LOTTE,DNK,64130f509-9c27-c779-f4bc-cbfaa9ae6e0b,2.326515205881813,14.809223303356202,2.3911089999999997,8,,DK00FX113
ec1cea3a71c902623dd6a217ddfc78bc,2025-08-21T23:47:51.000Z,2025-08-22T04:04:28.000Z,57.5744,10.7589,10.716188333333333,57.50279333333334,10.779733333333333,57.62202,False,219013885,DORIS VENDELBO,DNK,050513a98-880a-98f7-ccc3-650614d8533f,2.5062146900737328,19.92600124002382,2.109462,7,,DK00FX113
8b4610516945867401408670b9c3b137,2025-08-22T00:00:32.000Z,2025-08-22T01:03:12.000Z,57.5766,10.7246,10.726206666666656,57.55661833333333,10.721958333333333,57.59693,False,219015617,FN68 FRYDENSTRAND,DNK,d4564638c-c6f0-0ff6-c16f-a07290ebe530,2.5923076898623743,4.522967197836284,5.356025,10,,DK00FX113
f62f873e9bc73bff6a9af9901d461493,2025-08-22T00:02:23.000Z,2025-08-22T04:02:53.000Z,57.5114,10.7473,10.739816666666666,57.41178333333333,10.757249999999999,57.580333333333336,False,219005954,BELLA-EMIL,DNK,452637753-32e2-e9d8-8651-7e3396324805,2.5580246316062074,19.03856301708031,1.63428,12,,DK00FX113
67af29347fdcedb204825db410122719,2025-08-22T02:32:29.000Z,2025-08-22T03:16:03.000Z,57.4328,10.7501,10.760933333333327,57.42563666666667,10.745431666666661,57.44801666666667,False,219024923,TRYGG,DNK,b93a2787f-f773-de75-6e84-c9c05b9fdb9d,2.177419329843214,3.164598062759412,1.111949,12,,DK00FX113
5e725cb55bfd4e04438107f0789415aa,2025-08-22T02:35:06.000Z,2025-08-22T04:07:12.000Z,57.5186,10.5487,10.559183333333323,57.51274,10.539006666666666,57.523585,True,219007036,MUSSE,DNK,2f46b5073-3485-ba8a-5011-22aed77145de,0.613953491976095,1.71095906906806,3.7241619999999998,2,555543258;555557024;555522471,DK00FX113
b5f342d9648d54ed47c903218423378c,2025-08-22T09:06:12.000Z,2025-08-22T09:31:20.000Z,57.4923,10.5146,10.53799699999999,57.487358,10.503537999999992,57.494728,False,219021597,AZUMA,DNK,c9b0b4922-2f6b-e22c-f20f-5bdae5526f5f,2.8636363636363633,2.5567663558925475,1.7928410000000001,2,67881;555522471;555538085;555557024;555543258,DK00FX113
0711f732fb77125b89ddf86e75480332,2025-08-23T18:04:14.000Z,2025-08-24T03:37:00.000Z,57.5542,10.7555,10.788668333333334,57.444068333333334,10.726818333333341,57.63088166666667,False,219006301,FN 308 HELLE LOTTE,DNK,64130f509-9c27-c779-f4bc-cbfaa9ae6e0b,2.278514628464094,40.50453814705748,2.525666,13,,DK00FX113
d20631a2e9e64a1040804553f487cdb4,2025-08-23T18:14:57.000Z,2025-08-23T23:10:38.000Z,57.4601,10.7663,10.787703333333326,57.400106666666666,10.74434500000001,57.523185,False,220072000,R177 DUEODDE,DNK,438ea858e-e541-e793-8324-1972af53ee8e,2.411450424722133,21.99770757088272,1.63452,13,,DK00FX113
a3c33f42f36ea5e846c6d029460f29b1,2025-08-23T18:31:59.000Z,2025-08-23T23:06:28.000Z,57.4405,10.7475,10.76476199999999,57.389133,10.735137000000009,57.491143,False,219012459,HM 67 LOTTI,DNK,cdca9c2b2-2f96-afb2-e67e-976ee9505b4e,2.4725806451612904,20.439620305970212,2.303178,13,,DK00FX113
ec662259996a43bbe421ed8aeb92bdf5,2025-08-23T22:21:53.000Z,2025-08-26T03:12:47.000Z,57.4357,10.5521,10.551985,57.43541333333334,10.552388333333333,57.43584,False,331208000,POLAR NANOQ,GRL,fb455317e-e6a0-ce2d-990d-2b6ff6961382,0.0007677543300584729,0.5166177850204479,0,1,,DK00FX113
d0461c5e36f4a78ce19de1494a17d49e,2025-08-24T01:04:06.000Z,2025-08-24T02:10:01.000Z,57.6023,10.7221,10.725946666666658,57.58191333333333,10.721168333333338,57.62149,False,219002827,MIE MALENE,DNK,ebfa6e49a-ae0d-2f4a-a1ca-8acdc5053e03,2.218333301941555,4.578862654523616,6.949863000000001,12,,DK00FX113
cd1941b91d8845e095a353bae0e457a2,2025-08-24T08:51:48.000Z,2025-08-24T12:49:49.000Z,57.6705,10.6985,10.755576999999988,57.648692,10.589078,57.715793,False,219027540,TEAM MILJO,DNK,b5f96e43d-d7a7-f83f-2c0e-c26313ad6b13,3.6333333333333337,22.661909105489666,3.256818,12,,DK00FX113
78c60d864091a083401e8d4797e5e4fc,2025-08-24T18:21:02.000Z,2025-08-25T03:15:01.000Z,57.5503,10.763,10.748403333333334,57.448535,10.776633333333333,57.62905,False,219006301,FN 308 HELLE LOTTE,DNK,64130f509-9c27-c779-f4bc-cbfaa9ae6e0b,2.2783132998160567,37.572071885985665,3.389115,10,,DK00FX113
b94c969330bc5a21d43514e2aa03f88d,2025-08-24T18:21:45.000Z,2025-08-25T03:17:53.000Z,57.5382,10.7519,10.725673,57.426987,10.774788000000001,57.612925,False,219012459,HM 67 LOTTI,DNK,cdca9c2b2-2f96-afb2-e67e-976ee9505b4e,2.383464566929133,39.260719046385425,2.112382,10,,DK00FX113
d1df30c0f624cb148ab433a530cd6007,2025-08-24T19:03:36.000Z,2025-08-24T22:55:01.000Z,57.4692,10.7565,10.730975,57.40181166666667,10.771241666666667,57.54486166666667,False,219000895,HV59 TRANESAND,DNK,9e7ded091-13df-cf44-6c72-24cb946027f3,2.3629213511274108,16.925498332524175,2.6414630000000003,12,,DK00FX113
b712c745b17cdd7254c9a8cfbc18a2de,2025-08-24T19:05:46.000Z,2025-08-24T22:41:03.000Z,57.6631,10.7563,10.774453333333327,57.621993333333336,10.738106666666681,57.69580833333333,False,219024715,FRU LUNDSGAARD SG 17,DNK,90127c090-07a8-9d1b-f1f7-67079141c112,2.3500000171801636,14.726903801436631,5.25621,15,,DK00FX113
fc2a07e51d05baf98c49aee58bea9c06,2025-08-24T20:08:01.000Z,2025-08-24T21:25:05.000Z,57.6065,10.7148,10.708528333333334,57.577526666666664,10.726358333333334,57.633355,False,219013885,DORIS VENDELBO,DNK,050513a98-880a-98f7-ccc3-650614d8533f,2.7153846117166376,6.468835808551458,6.3073879999999996,11,,DK00FX113
baa22fce9c8cf7a6117346df05fcff46,2025-08-24T20:48:38.000Z,2025-08-24T21:56:06.000Z,57.6565,10.7411,10.728181666666666,57.635128333333334,10.758406666666666,57.67496166666667,False,219015617,FN68 FRYDENSTRAND,DNK,d4564638c-c6f0-0ff6-c16f-a07290ebe530,2.3666666587193808,4.880283938504576,2.3806260000000004,12,,DK00FX113
7c46ad1149bd8abc50d9f19b7dc8593c,2025-08-24T22:52:49.000Z,2025-08-25T03:05:01.000Z,57.5591,10.6779,10.748189999999994,57.493051666666666,10.645849999999996,57.619785,False,219024715,FRU LUNDSGAARD SG 17,DNK,90127c090-07a8-9d1b-f1f7-67079141c112,2.315000020265576,17.42606338058463,1.195227,9,,DK00FX113
811e4b4e39d0c771279d76e27fb139be,2025-08-24T23:07:30.000Z,2025-08-25T03:09:49.000Z,57.4917,10.7519,10.73385,57.411231666666666,10.76441,57.55157666666667,False,219000895,HV59 TRANESAND,DNK,9e7ded091-13df-cf44-6c72-24cb946027f3,2.4078431456696765,17.70933647197765,2.112799,11,,DK00FX113
c0d241c812b949e6f44a317ac5394b2f,2025-08-25T00:00:00.000Z,2025-08-25T02:58:06.000Z,57.5106,10.6956,10.68192,57.460238333333336,10.733791666666667,57.567371666666666,False,219015617,FN68 FRYDENSTRAND,DNK,d4564638c-c6f0-0ff6-c16f-a07290ebe530,2.432653061386679,13.2003096010425,1.111949,6,,DK00FX113
5a85db10b71f42fe4974aa47bc6f99ec,2025-08-25T04:29:33.000Z,2025-08-25T05:39:00.000Z,57.5112,10.5386,10.563073333333335,57.50839833333333,10.53007500000001,57.518058333333336,True,219000895,HV59 TRANESAND,DNK,9e7ded091-13df-cf44-6c72-24cb946027f3,1.342857133064951,2.7002438221176126,3.7241619999999998,2,555543258;555557024;555522471,DK00FX113
8bc67a064220dd64acb98c15ea9b9c86,2025-08-25T04:41:43.000Z,2025-08-25T05:10:47.000Z,57.6851,10.6499,10.657289999999989,57.682422,10.64452,57.68904,False,219026524,GODTNOK,DNK,85b329a02-275f-0a08-07c7-5d9447bb588b,1.0125,1.0579146163421618,0,6,,DK00FX113
c23f082a4d19cbbf893e41c8c9666032,2025-08-25T04:56:51.000Z,2025-08-25T15:31:56.000Z,57.492,10.5061,10.505766666666666,57.491886666666666,10.508151666666667,57.492691666666666,False,219006301,FN 308 HELLE LOTTE,DNK,64130f509-9c27-c779-f4bc-cbfaa9ae6e0b,0.04166666776732062,0.5306070887758915,0,2,,DK00FX113
63b7a0ea58e897fe0d7fc8411f69c67e,2025-08-25T05:46:04.000Z,2025-08-25T06:55:16.000Z,57.5029,10.5392,10.54552666666666,57.50188833333333,10.533465000000007,57.50316,True,220256000,CHARLOTTE P  FN 131,DNK,f9350d74d-d66f-c031-94cd-b0f227dd5a0f,0.3764705947216819,0.7934879281562557,2.636122,2,555557024;555543258;555522471,DK00FX113
93528db506ed003dffc827bbda335351,2025-08-25T06:12:12.000Z,2025-08-25T06:57:21.000Z,57.4993,10.5369,10.53382,57.497901666666664,10.544716666666666,57.50460833333333,True,219013885,DORIS VENDELBO,DNK,050513a98-880a-98f7-ccc3-650614d8533f,1.0869565126688583,1.2806873249606747,1.632363,3,555557024;555522471;555543258,DK00FX113
07f4e8f6b830bea48d827152a75ace65,2025-08-25T06:36:28.000Z,2025-08-25T12:36:51.000Z,57.4924,10.5057,10.502706666666667,57.492125,10.508263333333334,57.494508333333336,False,220368000,O 159 RANDI,DNK,23b776e71-126f-9ab4-62f5-3dd2f3acef61,0.15132743403711155,0.635708596862539,0,1,,DK00FX113
05a9c2bcbdcf024d1e6d90e719b853e5,2025-08-25T19:38:03.000Z,2025-08-25T23:59:33.000Z,57.603,10.7619,10.689831666666667,57.537285,10.798313333333333,57.65038833333333,False,219015617,FN68 FRYDENSTRAND,DNK,d4564638c-c6f0-0ff6-c16f-a07290ebe530,2.453614456107818,19.21733652046179,2.302626,7,,DK00FX113
66f640e8fd739b07b0e1709128054831,2025-08-25T20:06:23.000Z,2025-08-26T03:06:16.000Z,57.642,10.746,10.70272,57.551285,10.796863333333333,57.69611,False,219024715,FRU LUNDSGAARD SG 17,DNK,90127c090-07a8-9d1b-f1f7-67079141c112,2.333464585420654,27.538634557340494,3.543011,8,,DK00FX113
79b99886c91c4afabacd4a2ccc4bc409,2025-08-26T00:51:51.000Z,2025-08-26T02:47:31.000Z,57.5423,10.7562,10.71558,57.510855,10.783906666666667,57.578343333333336,False,219015617,FN68 FRYDENSTRAND,DNK,d4564638c-c6f0-0ff6-c16f-a07290ebe530,2.514864876463606,8.758142199936945,2.389145,7,,DK00FX113
2274374ba8859f7b92b5cf4280e1a9d7,2025-08-26T02:57:24.000Z,2025-08-26T04:06:38.000Z,57.5014,10.5273,10.524103,57.49901,10.531788,57.504098,True,219012459,HM 67 LOTTI,DNK,cdca9c2b2-2f96-afb2-e67e-976ee9505b4e,0.32142857142857145,0.7396462025378145,1.262329,2,555522471;555543258;555557024,DK00FX113
6da7b5996b33109e181ac43c0804d00f,2025-08-26T03:03:28.000Z,2025-08-26T04:51:27.000Z,57.5134,10.5583,10.531575,57.506855,10.616935,57.522396666666666,True,219000895,HV59 TRANESAND,DNK,9e7ded091-13df-cf44-6c72-24cb946027f3,1.8185714304447178,5.995394611008298,2.524581,3,555557024;555543258;555522471,DK00FX113
e68bf4ceb0c7dcab7148c55d2cc8302d,2025-08-26T05:50:20.000Z,2025-08-26T07:23:55.000Z,57.6829,10.6336,10.626197,57.677735,10.638593,57.69534,False,219034557,GJOEL MARINECENTER,DNK,eb1c6e39f-f446-936c-eba9-9c5a7bb0bed1,1.8071428571428572,2.5273901435665365,0,5,,DK00FX113
c6c727246c89fa11d5482622aacd5ff3,2025-08-26T05:56:56.000Z,2025-08-26T06:34:16.000Z,57.5013,10.542,10.537153333333332,57.499725,10.556393333333334,57.50466,True,219013885,DORIS VENDELBO,DNK,050513a98-880a-98f7-ccc3-650614d8533f,1.3500000136819752,1.554367127723322,2.109462,3,555522471;555543258;555557024,DK00FX113
baac5b3d79d49286081913ab9eaff304,2025-08-26T05:58:00.000Z,2025-08-26T10:09:19.000Z,57.4877,10.6038,10.637734999999992,57.464903,10.537802999999997,57.503555,True,219007115,,DNK,3493c881a-adf9-2f07-9abf-79eb85e612d8,3.4,16.04459289986122,2.5250459999999997,4,555522471;555538085;555557024;349827;555543258;67881,DK00FX113
258d8f8fe967c96eb55a1707319f9de3,2025-08-26T14:54:19.000Z,2025-08-26T15:26:38.000Z,57.5399,10.6833,10.695273333333319,57.53769166666667,10.672986666666674,57.5426,False,219021235,HAVFISKEN,DNK,f770e03eb-b317-8f20-fb64-b93d0f9e4c82,1.8173912919085957,1.7372165725241722,2.5241160000000002,8,,DK00FX113
934f96885bfc80342d250d3e1cc3feed,2025-08-26T17:40:45.000Z,2025-08-26T19:13:46.000Z,57.3028,10.5682,10.607826999999986,57.271092,10.541619999999995,57.329242,False,219220156,S 543 TAHA,DNK,0a0df7dd4-43c4-b65d-97d8-26c779cb2248,3.1142857142857143,7.652205517691453,7.886308,5,,DK00FX113
de8fd5c80d08843cecbefa1d68cbadfc,2025-08-26T21:38:34.000Z,2025-08-26T22:03:55.000Z,57.6293,10.7173,10.714411666666667,57.62445,10.719443333333333,57.63286333333333,False,219007027,EMILIA S492,DNK,3776909d3-32c0-7c99-f9b6-5f47eaa70f35,1.8166666974623997,0.6965339195977042,2.522568,13,,DK00FX113
9b9a74b5578e72cc0e18fe20841f0e13,2025-08-27T04:01:15.000Z,2025-08-27T05:07:12.000Z,57.5028,10.5194,10.542728000000011,57.494292,10.506028000000015,57.513138,True,219020732,ELIDA,DNK,6bda7c0c4-4ded-3681-688c-056bb1f0f2c8,2.3199999999999994,4.288832613862075,1.7928410000000001,2,555522471;555557024;555543258,DK00FX113
43ed368aaaba1b3c076a9b5ee5ddd157,2025-08-27T11:42:00.000Z,2025-09-01T07:06:11.000Z,57.4358,10.5522,10.557438333333323,57.43310666666667,10.551971666666674,57.43897333333334,False,331208000,POLAR NANOQ,GRL,fb455317e-e6a0-ce2d-990d-2b6ff6961382,0.004480457648961632,2.0450247973903615,0,2,,DK00FX113
48ad761e31f81e5a318c6139e30d418b,2025-08-27T13:20:01.000Z,2025-08-27T16:01:19.000Z,57.5534,10.732,10.650935,57.52606166666666,10.794271666666667,57.57355666666667,False,219021235,HAVFISKEN,DNK,f770e03eb-b317-8f20-fb64-b93d0f9e4c82,2.5751879476290904,12.851975104184648,2.10821,5,,DK00FX113
769521c16452cb4336ce69a8e8cd7c13,2025-08-27T18:46:56.000Z,2025-08-28T04:27:46.000Z,57.6178,10.7472,10.705128333333333,57.526336666666666,10.868525,57.67570833333333,False,219013885,DORIS VENDELBO,DNK,050513a98-880a-98f7-ccc3-650614d8533f,2.4882113567697326,44.05763662983108,2.10821,7,,DK00FX113
15902255b44b9c057d5bbaadf3caca9d,2025-08-27T18:51:00.000Z,2025-08-27T23:59:47.000Z,57.6155,10.7625,10.876364999999993,57.522893333333336,10.719951666666674,57.669235,False,219006971,FN 220 IDA MARIE,DNK,3b71e97ba-a4ac-6fd8-ac1f-b3ced497dab4,2.3867768982717785,22.703161420012478,7.3692969999999995,17,,DK00FX113
4e5b6710bdbf123936b19110360ad6b3,2025-08-28T00:32:48.000Z,2025-08-28T04:30:00.000Z,57.6273,10.736,10.695228333333333,57.568015,10.836903333333334,57.67279333333333,False,219006971,FN 220 IDA MARIE,DNK,3b71e97ba-a4ac-6fd8-ac1f-b3ced497dab4,2.2656410573384718,16.67695396825574,5.6863909999999995,10,,DK00FX113
1423bf26a99f38af2f31eb5076ab2673,2025-08-28T05:33:05.000Z,2025-08-28T06:07:55.000Z,57.4986,10.5276,10.539996666666667,57.497301666666665,10.521643333333344,57.50206,True,219013885,DORIS VENDELBO,DNK,050513a98-880a-98f7-ccc3-650614d8533f,1.2633333275715508,1.2981769122400817,2.109462,3,555557024;555522471;555543258,DK00FX113
9339547c8381dca0ede8e0fde8cb7dad,2025-08-28T08:11:24.000Z,2025-08-28T13:30:16.000Z,57.5487,10.7322,10.74392499999999,57.5323,10.716595000000012,57.56894666666667,False,219021235,HAVFISKEN,DNK,f770e03eb-b317-8f20-fb64-b93d0f9e4c82,1.3891385768013502,13.406664847428848,3.750854,9,,DK00FX113
d73dae8121037477f30685aebd2e30a3,2025-08-28T13:48:12.000Z,2025-08-28T15:59:08.000Z,57.5384,10.6954,10.710409999999996,57.52305166666667,10.648875000000004,57.56425333333333,False,219021235,HAVFISKEN,DNK,f770e03eb-b317-8f20-fb64-b93d0f9e4c82,2.0285714226869898,7.725235634951569,1.7913679999999998,7,,DK00FX113
c93d26913aedaebaca4e779004565bc8,2025-08-28T17:49:03.000Z,2025-08-28T18:23:25.000Z,57.6588,10.7669,10.757523333333333,57.650056666666664,10.776336666666667,57.669115,False,219024715,FRU LUNDSGAARD SG 17,DNK,90127c090-07a8-9d1b-f1f7-67079141c112,2.1695652215377144,1.7192902836761879,3.256818,12,,DK00FX113
8ce0e95a9ed51acbd7910a2d0b60750e,2025-08-29T06:03:24.000Z,2025-08-29T07:06:16.000Z,57.4954,10.5111,10.50337,57.49256166666667,10.530721666666667,57.499273333333335,False,219013885,DORIS VENDELBO,DNK,050513a98-880a-98f7-ccc3-650614d8533f,0.6583333347613614,0.639246602768138,0,1,555522471;555543258;555557024,DK00FX113
b62ba22a2102706ca0fbc2d556a972cb,2025-08-29T06:56:09.000Z,2025-08-29T15:43:54.000Z,57.5488,10.7066,10.663588333333333,57.53089666666666,10.740696666666667,57.574416666666664,False,219021235,HAVFISKEN,DNK,f770e03eb-b317-8f20-fb64-b93d0f9e4c82,2.0816265036722266,34.0171164497243,1.631644,5,,DK00FX113
e08c90ab80259e65701a91a2f29f23a5,2025-08-30T05:27:39.000Z,2025-08-30T06:00:10.000Z,57.5127,10.5506,10.542103333333333,57.511408333333335,10.568293333333333,57.514718333333334,True,219007036,MUSSE,DNK,2f46b5073-3485-ba8a-5011-22aed77145de,1.6888888610733879,1.7929975697802853,2.856264,3,555557024;555543258;555522471,DK00FX113
78bb3a36451bc7efa553840a630706e1,2025-08-30T07:05:08.000Z,2025-08-30T13:04:55.000Z,57.5468,10.6807,10.659463333333333,57.531236666666665,10.702596666666667,57.56742333333333,False,219021235,HAVFISKEN,DNK,f770e03eb-b317-8f20-fb64-b93d0f9e4c82,1.7606837568629508,18.7652979417693,1.631644,5,,DK00FX113
4855f7b7c16a0800a888c6fd392dc13e,2025-08-30T13:18:11.000Z,2025-08-30T14:35:09.000Z,57.5194,10.6388,10.619971666666666,57.489375,10.657118333333333,57.548586666666665,False,219021235,HAVFISKEN,DNK,f770e03eb-b317-8f20-fb64-b93d0f9e4c82,2.9517857113054817,7.030285515805657,1.111949,2,,DK00FX113
87e2e39aa4250d1a312cf0b2178b84cc,2025-08-31T17:47:28.000Z,2025-08-31T20:53:40.000Z,57.5314,10.7342,10.775745,57.505195,10.689873333333338,57.555191666666666,False,219024715,FRU LUNDSGAARD SG 17,DNK,90127c090-07a8-9d1b-f1f7-67079141c112,2.4663934453589023,13.171578376106847,2.302753,10,,DK00FX113
f98a135c6f7e33a9f8642800675f5abb,2025-09-01T10:25:20.000Z,2025-09-01T15:10:01.000Z,57.4647,10.7129,10.740758333333332,57.33915833333333,10.686430000000001,57.565785,False,219021235,HAVFISKEN,DNK,f770e03eb-b317-8f20-fb64-b93d0f9e4c82,3.084186039761057,27.02187801887558,7.988721,10,,DK00FX113
1218194e503c610a5e6e094d5ef4915d,2025-09-02T12:00:01.000Z,2025-09-02T13:47:10.000Z,57.5022,10.605,10.612684999999999,57.490062,10.570897000000002,57.50429,True,219007115,,DNK,3493c881a-adf9-2f07-9abf-79eb85e612d8,1.71,3.560156922922116,1.2624069999999998,2,555557024;555538085;349827;67881;555543258;555522471,DK00FX113
89b7b08ced94de555798a7f3d85698bd,2025-09-02T18:15:12.000Z,2025-09-02T21:15:14.000Z,57.6215,10.7364,10.720725,57.55995333333333,10.77296,57.67463,False,219006971,FN 220 IDA MARIE,DNK,3b71e97ba-a4ac-6fd8-ac1f-b3ced497dab4,2.4460937771946187,13.535202521762447,5.047923,10,,DK00FX113
e1754c0b918fc66511851d61d2004d08,2025-09-03T18:15:11.000Z,2025-09-03T23:58:17.000Z,57.6051,10.7291,10.780804999999987,57.553558333333335,10.684190000000001,57.64847,False,219006971,FN 220 IDA MARIE,DNK,3b71e97ba-a4ac-6fd8-ac1f-b3ced497dab4,2.3523012675251427,24.777822435279287,6.698364,12,,DK00FX113
21e9087b0134d61831743e34686524cf,2025-09-04T00:11:08.000Z,2025-09-04T04:26:39.000Z,57.4856,10.7238,10.695976666666667,57.406866666666666,10.760003333333334,57.562628333333336,False,219006971,FN 220 IDA MARIE,DNK,3b71e97ba-a4ac-6fd8-ac1f-b3ced497dab4,2.2805714338166383,17.946752223384674,3.761168,10,,DK00FX113
e9b5cc577db7e2f1dda4dba30c3c76b5,2025-09-04T18:09:18.000Z,2025-09-04T22:28:31.000Z,57.6175,10.7432,10.685538333333334,57.551051666666666,10.782405,57.64891166666666,False,219006971,FN 220 IDA MARIE,DNK,3b71e97ba-a4ac-6fd8-ac1f-b3ced497dab4,2.4417112664105427,19.55470946172833,3.388826,8,,DK00FX113
96eba268a85ac76401261af6b04a4b97,2025-09-05T00:00:04.000Z,2025-09-05T04:40:03.000Z,57.6138,10.7363,10.779833333333329,57.56753833333333,10.682971666666674,57.648853333333335,False,219006971,FN 220 IDA MARIE,DNK,3b71e97ba-a4ac-6fd8-ac1f-b3ced497dab4,2.403864772927358,20.64360119850586,8.155821,13,,DK00FX113
8a8e7cec042cf47c07215271a7193ac6,2025-09-06T06:44:04.000Z,2025-09-06T09:35:55.000Z,57.4841,10.6431,10.67083199999999,57.447178,10.619987000000009,57.496977,True,219020489,WATERCASTLE,DNK,cccf19d09-9dea-7337-a8b1-361d5b2ddec4,3.0000000000000004,11.063665164076031,2.302923,6,555522471;349827;555557024;555543258;67881;555538085,DK00FX113
26496589d9f37e11bb192625975b7349,2025-09-06T09:44:53.000Z,2025-09-07T18:49:12.000Z,57.438,10.5534,10.553566666666654,57.437873333333336,10.553193333333326,57.438113333333334,False,331208000,POLAR NANOQ,GRL,fb455317e-e6a0-ce2d-990d-2b6ff6961382,0,0.5771130765315186,0,1,,DK00FX113
a878243d7f59037abaa0aeab34fb0f81,2025-09-06T10:12:57.000Z,2025-09-06T13:04:16.000Z,57.4455,10.57,10.58525499999999,57.427558,10.563815000000005,57.472673,False,219020489,WATERCASTLE,DNK,cccf19d09-9dea-7337-a8b1-361d5b2ddec4,2.003333333333334,7.3478148838381365,1.795786,3,555557024;555543258;555522471;349827;555538085;67881,DK00FX113
1fecbc1673f48a8fb224a21a27a6a55d,2025-09-06T10:56:33.000Z,2025-09-06T13:04:20.000Z,57.4955,10.5149,10.52976666666666,57.4922,10.505883333333344,57.50151666666667,False,219005954,BELLA-EMIL,DNK,452637753-32e2-e9d8-8651-7e3396324805,0.8743589784090335,2.552395203262368,1.195227,2,555543258;555522471;555557024,DK00FX113
51299f73bad1e2a3d2cf3e1f2b4ed703,2025-09-06T11:06:30.000Z,2025-09-06T11:53:50.000Z,57.4966,10.5167,10.506763,57.492268,10.52877,57.501587,False,219012459,HM 67 LOTTI,DNK,cdca9c2b2-2f96-afb2-e67e-976ee9505b4e,1.7875,1.9656736189680237,0,2,555522471;555543258;555557024,DK00FX113
34f72aa1eed030adfebf22a8e0164591,2025-09-06T17:59:09.000Z,2025-09-06T18:41:04.000Z,57.3843,10.7382,10.733693333333333,57.370325,10.745603333333333,57.397083333333335,False,219004119,FN 408 KENJA,DNK,a66a343a0-067b-549a-e066-e3fbe976aadd,2.4000000953674316,3.0708577742768024,5.052573000000001,12,,DK00FX113
f6bfa4ec896e8496af0d1f4016158701,2025-09-07T06:19:57.000Z,2025-09-07T07:20:07.000Z,57.6532,10.7415,10.767124999999993,57.650607,10.710284999999999,57.658117,False,219020489,WATERCASTLE,DNK,cccf19d09-9dea-7337-a8b1-361d5b2ddec4,4.037037037037035,5.22656627117624,3.7136579999999997,12,,DK00FX113
452622f6357a322228f434b275904259,2025-09-07T08:17:26.000Z,2025-09-07T11:36:52.000Z,57.4851,10.6041,10.541553,57.465708,10.63546,57.50468,True,219007115,,DNK,3493c881a-adf9-2f07-9abf-79eb85e612d8,3.7055555555555553,12.43454345920736,0,1,555543258;555522471;555557024;349827;67881;555538085,DK00FX113
5d975b81558d947e423793cb07fd1b7a,2025-09-08T05:32:52.000Z,2025-09-08T06:05:17.000Z,57.5055,10.5392,10.531753333333333,57.504171666666664,10.553051666666667,57.50787,True,219007036,MUSSE,DNK,2f46b5073-3485-ba8a-5011-22aed77145de,1.4736842042521427,1.4381479430685202,1.632363,3,555557024;555543258;555522471,DK00FX113
0303c099d18db763f9cb95e8225c31b4,2025-09-08T12:37:08.000Z,2025-09-08T14:53:24.000Z,57.5815,10.7604,10.694968333333334,57.554295,10.821506666666666,57.608576666666664,False,219021235,HAVFISKEN,DNK,f770e03eb-b317-8f20-fb64-b93d0f9e4c82,2.5387387372351977,10.731422188470614,3.388826,8,,DK00FX113
09c3c5d3ed20563b8cfe83b20a0a737b,2025-09-09T00:20:20.000Z,2025-09-09T02:38:10.000Z,57.6392,10.7359,10.742573333333326,57.60953,10.72949166666666,57.681688333333334,False,219024715,FRU LUNDSGAARD SG 17,DNK,90127c090-07a8-9d1b-f1f7-67079141c112,2.194047628414063,8.961537705120179,4.471072,13,,DK00FX113
df9d1be02e89963802248a3f9dcee9c8,2025-09-09T17:32:34.000Z,2025-09-09T19:46:13.000Z,57.3755,10.745,10.713216666666666,57.331085,10.763316666666666,57.412816666666664,False,219004119,FN 408 KENJA,DNK,a66a343a0-067b-549a-e066-e3fbe976aadd,2.3663157864620814,9.744412429250682,9.595481,10,,DK00FX113
ff990348b0356a1b31a71d3815663157,2025-09-10T02:48:42.000Z,2025-09-10T03:54:38.000Z,57.4049,10.7148,10.723164999999995,57.395183333333335,10.702198333333342,57.418261666666666,False,219004119,FN 408 KENJA,DNK,a66a343a0-067b-549a-e066-e3fbe976aadd,2.2833333280351433,4.234450989907861,3.194773,11,,DK00FX113
2bdd6dafa2602ec5dd57c80a60c9d82e,2025-09-10T06:06:38.000Z,2025-09-10T06:58:39.000Z,57.5021,10.5661,10.580275,57.495353333333334,10.556438333333347,57.50662333333333,True,220256000,CHARLOTTE P  FN 131,DNK,f9350d74d-d66f-c031-94cd-b0f227dd5a0f,1.200000006418962,0.6864595455425648,3.264965,1,555538085;555557024;555543258;67881;349827;555522471,DK00FX113
f763a44f93cacb8eb354dc87abba8525,2025-09-10T17:41:02.000Z,2025-09-11T02:23:17.000Z,57.4205,10.7463,10.756333333333345,57.318415,10.74155166666668,57.489785,False,219002005,CHRISTINA KJAER FN81,DNK,58a5008c7-7a90-a74a-7643-3f1b7ad95a77,2.1933649286839656,36.3132515347034,9.862896000000001,8,,DK00FX113
9dce4add8ec57ad03f6b069122e685ca,2025-09-11T17:51:12.000Z,2025-09-11T21:19:30.000Z,57.5834,10.7363,10.664578333333333,57.525995,10.766106666666667,57.60813666666667,False,219006301,FN 308 HELLE LOTTE,DNK,64130f509-9c27-c779-f4bc-cbfaa9ae6e0b,2.4396552299631042,15.59501933214768,1.631644,5,,DK00FX113
65eda03d4a2d3d6c6ddd2b6351c9d96c,2025-09-11T17:58:14.000Z,2025-09-11T23:03:25.000Z,57.6073,10.7567,10.709656666666667,57.554566666666666,10.805713333333333,57.647133333333336,False,219013885,DORIS VENDELBO,DNK,050513a98-880a-98f7-ccc3-650614d8533f,2.3487804755931947,21.99402169216086,3.786058,9,,DK00FX113
5f97b821e18c1e1df70e72f47088b101,2025-09-12T01:36:01.000Z,2025-09-12T04:50:01.000Z,57.5908,10.762,10.787521666666663,57.55325833333333,10.724265000000003,57.61859,False,219013885,DORIS VENDELBO,DNK,050513a98-880a-98f7-ccc3-650614d8533f,2.3745098033177285,14.086107092155185,6.7777389999999995,13,,DK00FX113
ddf82864a4d1b376734b5081f7594525,2025-09-14T07:09:27.000Z,2025-09-14T20:21:02.000Z,57.4374,10.55,10.54697,57.43275333333333,10.557636666666667,57.43894,False,331208000,POLAR NANOQ,GRL,fb455317e-e6a0-ce2d-990d-2b6ff6961382,0.05902777731211649,1.9877108320958792,0,1,,DK00FX113
82a35d0ec2a2781be75ab1d7d55d9eee,2025-09-14T10:59:44.000Z,2025-09-14T11:47:03.000Z,57.6012,10.5695,10.575446999999997,57.590778,10.564245,57.611205,False,219028387,HELGE,DNK,2248e848d-d044-7a90-9a14-424d3a65a62b,1.7588235294117645,2.368752015214563,4.793336,9,,DK00FX113
ff562dfaefef503001ab6f34715f4868,2025-09-14T11:44:43.000Z,2025-09-14T13:42:19.000Z,57.4755,10.6237,10.621705,57.47364666666667,10.626211666666666,57.47721166666667,True,219004279,OBERON,DNK,add236b2f-f6f8-2c3d-8e0f-e02751c4eb26,1.5213114828115601,3.7527641531788274,1.111949,3,349827;555557024;555543258;555522471;555538085;67881,DK00FX113
66179662dc33ae936544808255a88edc,2025-09-14T17:32:21.000Z,2025-09-14T20:56:19.000Z,57.5885,10.7585,10.724646666666667,57.528013333333334,10.773928333333334,57.626486666666665,False,219006301,FN 308 HELLE LOTTE,DNK,64130f509-9c27-c779-f4bc-cbfaa9ae6e0b,2.4614907347637667,15.52593931853185,2.634341,8,,DK00FX113
da23dbae34c874c07617937feba4d07f,2025-09-14T17:43:45.000Z,2025-09-14T23:12:03.000Z,57.5959,10.7465,10.793884999999989,57.53485,10.703384999999997,57.64426,False,219013885,DORIS VENDELBO,DNK,050513a98-880a-98f7-ccc3-650614d8533f,2.4916995902777654,25.02474570866167,4.605421000000001,12,,DK00FX113
227c3f722ac4090da2879453c8ea6b98,2025-09-14T21:20:22.000Z,2025-09-14T21:42:05.000Z,57.6246,10.7135,10.720138333333324,57.61852,10.708753333333334,57.630725,False,219007027,EMILIA S492,DNK,3776909d3-32c0-7c99-f9b6-5f47eaa70f35,2.3049999594688417,1.5252012139895885,2.852259,13,,DK00FX113
1a4cbbbd12f71f4a25e0a0e1b574243d,2025-09-14T21:24:52.000Z,2025-09-14T21:45:02.000Z,57.5729,10.7204,10.720754999999997,57.56629,10.72009833333334,57.57991,False,219006301,FN 308 HELLE LOTTE,DNK,64130f509-9c27-c779-f4bc-cbfaa9ae6e0b,2.4000000953674316,1.5153164573298894,6.050441,11,,DK00FX113
96301771ebb2a2157668c066ae76f722,2025-09-14T22:09:20.000Z,2025-09-14T22:46:17.000Z,57.5926,10.7267,10.730436666666662,57.57985333333333,10.723703333333333,57.605603333333335,False,219001522,SOREN STRANDBY,DNK,56e82f0b6-6312-ba1d-a4e2-6c8834dbd3d8,2.5593749657273293,2.9137930044287357,6.949863000000001,12,,DK00FX113
3d2c1b89d4053a4ec4927b6ba8533e6b,2025-09-14T22:32:37.000Z,2025-09-15T02:30:03.000Z,57.5913,10.7169,10.64917,57.546141666666664,10.768536666666666,57.61626166666667,False,219006301,FN 308 HELLE LOTTE,DNK,64130f509-9c27-c779-f4bc-cbfaa9ae6e0b,2.4518987340263187,16.078528036432015,3.786058,6,,DK00FX113
00ab6ef2dcfbdf4d4c181920f1b92d98,2025-09-14T22:37:02.000Z,2025-09-14T23:32:02.000Z,57.6036,10.7182,10.725111666666663,57.59167166666667,10.714303333333334,57.612406666666665,False,220256000,CHARLOTTE P  FN 131,DNK,f9350d74d-d66f-c031-94cd-b0f227dd5a0f,2.4916666994492216,2.2689443090523262,6.048634,12,,DK00FX113
7d773d0331e86e268578094f45cb2b52,2025-09-14T23:35:15.000Z,2025-09-15T04:40:29.000Z,57.588,10.7523,10.779993333333323,57.53311333333333,10.698813333333334,57.63684666666666,False,219013885,DORIS VENDELBO,DNK,050513a98-880a-98f7-ccc3-650614d8533f,2.46047431171647,23.265498825024874,4.487722,11,,DK00FX113
bda2e59b9d6f9c4fcca765552d8dfeb7,2025-09-15T00:53:21.000Z,2025-09-15T04:43:14.000Z,57.4617,10.7599,10.774966666666671,57.39397666666667,10.728156666666678,57.53651833333333,False,220256000,CHARLOTTE P  FN 131,DNK,f9350d74d-d66f-c031-94cd-b0f227dd5a0f,2.4037500087171786,16.851728962078568,2.223899,13,,DK00FX113
fe069d43d1bc2f1254c686817bb5428d,2025-09-15T05:59:12.000Z,2025-09-15T06:47:11.000Z,57.4989,10.5337,10.542126666666661,57.490496666666665,10.525295,57.50763166666667,True,220256000,CHARLOTTE P  FN 131,DNK,f9350d74d-d66f-c031-94cd-b0f227dd5a0f,1.543181813576005,2.146354711573021,1.7928410000000001,2,555543258;555522471;555557024;555538085;67881,DK00FX113
b6c611bc1d9fc300830695923cda1045,2025-09-15T06:13:23.000Z,2025-09-15T06:40:18.000Z,57.5021,10.5221,10.515875,57.498255,10.528301666666666,57.50611833333333,True,219001522,SOREN STRANDBY,DNK,56e82f0b6-6312-ba1d-a4e2-6c8834dbd3d8,1.3416666636864345,1.1442493088461259,1.262329,2,555522471;555557024;555543258,DK00FX113
56d0fb2442ca3914de88a83c7344acd7,2025-09-15T16:59:19.000Z,2025-09-15T21:28:02.000Z,57.5525,10.7226,10.676449999999999,57.46769833333333,10.750356666666667,57.608981666666665,False,220256000,CHARLOTTE P  FN 131,DNK,f9350d74d-d66f-c031-94cd-b0f227dd5a0f,2.6113924024477297,21.33210251395529,0,5,,DK00FX113
4f6a411ba1ea8be0721ffe9aac5c52c6,2025-09-15T17:36:36.000Z,2025-09-15T20:02:37.000Z,57.5816,10.7167,10.710558333333333,57.528675,10.728141666666666,57.62961333333333,False,219013885,DORIS VENDELBO,DNK,050513a98-880a-98f7-ccc3-650614d8533f,2.5713235069723686,11.500981960258732,2.10821,7,,DK00FX113
22121f50f68b1f0d36ecc3d8b4b45025,2025-09-15T23:52:03.000Z,2025-09-16T04:35:10.000Z,57.5685,10.6754,10.709363333333329,57.52781,10.63234,57.604661666666665,False,220256000,CHARLOTTE P  FN 131,DNK,f9350d74d-d66f-c031-94cd-b0f227dd5a0f,2.6446351909714183,22.222862677435625,2.10821,7,,DK00FX113
30974b56fc3d6050ae0d94df4a643b27,2025-09-16T00:12:26.000Z,2025-09-16T04:08:16.000Z,57.4489,10.7531,10.773998333333338,57.380768333333336,10.719206666666679,57.527715,False,219001522,SOREN STRANDBY,DNK,56e82f0b6-6312-ba1d-a4e2-6c8834dbd3d8,2.4297752742017242,17.482121150437195,3.335848,12,,DK00FX113
7dc76c0c2d2fb819f7b707b0a74ee6bb,2025-09-16T00:58:38.000Z,2025-09-16T02:30:31.000Z,57.5819,10.6836,10.681536666666666,57.549553333333336,10.68895,57.60860666666667,False,219013885,DORIS VENDELBO,DNK,050513a98-880a-98f7-ccc3-650614d8533f,2.498780447535398,6.870208270776139,3.335848,8,,DK00FX113
7cb850eaf9533ed2bd7adca855246cbc,2025-09-16T05:44:28.000Z,2025-09-16T06:34:17.000Z,57.5009,10.5257,10.526988333333321,57.497256666666665,10.524721666666665,57.50453666666667,True,220256000,CHARLOTTE P  FN 131,DNK,f9350d74d-d66f-c031-94cd-b0f227dd5a0f,0.5761904830024358,0.7607908573169075,1.632363,3,555557024;555522471;555543258,DK00FX113
3df686ea0fb278b09c108529ac9db942,2025-09-16T17:04:07.000Z,2025-09-17T05:21:46.000Z,57.5389,10.7404,10.718075,57.403885,10.785616666666666,57.65784166666667,False,220278000,A 321 HENRIETTE DUE,DNK,26d5d36d3-35c9-78be-806c-8b22890708eb,2.5429084139409577,57.39830382241563,3.194773,11,,DK00FX113
1caa3bdb102028b26980660eb260ae38,2025-09-16T17:24:00.000Z,2025-09-16T19:46:37.000Z,57.5542,10.6466,10.690719999999999,57.51502833333333,10.624353333333346,57.60207666666667,False,220256000,CHARLOTTE P  FN 131,DNK,f9350d74d-d66f-c031-94cd-b0f227dd5a0f,2.5705357119441037,11.233012338189239,0.5971219999999999,6,,DK00FX113
c38aa336a49040126cdb350d58c6b511,2025-09-16T19:59:02.000Z,2025-09-16T21:56:07.000Z,57.5978,10.645,10.627938333333333,57.56480833333333,10.672425,57.62188166666667,False,220256000,CHARLOTTE P  FN 131,DNK,f9350d74d-d66f-c031-94cd-b0f227dd5a0f,2.632222221957313,9.545194114001893,5.356025,7,,DK00FX113
a641f8cf719f5b2a049dc2e8b2e5998f,2025-09-16T22:54:36.000Z,2025-09-16T23:35:08.000Z,57.6182,10.7522,10.757006666666655,57.60420666666667,10.744938333333323,57.63180333333333,False,219001522,SOREN STRANDBY,DNK,56e82f0b6-6312-ba1d-a4e2-6c8834dbd3d8,2.5324324015024544,3.182197568387813,6.0957669999999995,14,,DK00FX113
9756d89672638ac71060bb1305c94322,2025-09-16T23:30:26.000Z,2025-09-17T04:36:29.000Z,57.57,10.653,10.705954999999989,57.51157166666667,10.620980000000003,57.623641666666664,False,220256000,CHARLOTTE P  FN 131,DNK,f9350d74d-d66f-c031-94cd-b0f227dd5a0f,2.510646385328397,23.438431765156405,1.7918589999999999,6,,DK00FX113
5c1ae52ff7c94605a9a23fd4c382dfc5,2025-09-17T00:00:13.000Z,2025-09-17T05:28:12.000Z,57.4801,10.7525,10.793671666666654,57.41233166666667,10.728174999999993,57.587235,False,219001522,SOREN STRANDBY,DNK,56e82f0b6-6312-ba1d-a4e2-6c8834dbd3d8,2.425547427287066,24.555106826139767,1.1978440000000001,13,,DK00FX113
2abd85055a48d4d983e1693011e2f21a,2025-09-17T17:15:32.000Z,2025-09-17T19:30:39.000Z,57.4245,10.746,10.723226666666667,57.391085,10.782438333333333,57.469008333333335,False,219009229,FN236 JULIE-EMILIE,DNK,3e4862ed6-6e6f-72f9-7db0-5a728160a8b3,2.5631578596014712,10.090550449490323,3.7307259999999998,12,,DK00FX113
c243e0751f8b11d6e326f1bb8661b2ff,2025-09-17T17:21:04.000Z,2025-09-17T20:57:43.000Z,57.5884,10.6515,10.701666666666654,57.51917,10.62346500000001,57.645331666666664,False,220256000,CHARLOTTE P  FN 131,DNK,f9350d74d-d66f-c031-94cd-b0f227dd5a0f,2.5760563376923686,17.039651802794573,1.194245,6,,DK00FX113
9f22751a2838bb6eeefca891936dbfd4,2025-09-17T17:29:28.000Z,2025-09-18T04:56:06.000Z,57.5758,10.7474,10.717266666666667,57.45986666666667,10.831233333333333,57.65963833333333,False,219001522,SOREN STRANDBY,DNK,56e82f0b6-6312-ba1d-a4e2-6c8834dbd3d8,2.590509669223445,54.69894648407428,2.637902,8,,DK00FX113
8585051f60e9005c582a9329f0fb6e76,2025-09-17T17:44:53.000Z,2025-09-17T18:50:35.000Z,57.4936,10.7128,10.714224999999999,57.470865,10.71164166666668,57.51733333333333,False,219003138,H84 GULDBORG,DNK,757ca9b0e-e2cf-fff6-f4d2-3b00c792efbf,2.6133333404858905,5.180640835559579,1.6328420000000001,7,,DK00FX113
790fe50ddc04ac4aa241f42ba6096ab5,2025-09-17T19:38:01.000Z,2025-09-17T21:10:28.000Z,57.5725,10.6524,10.673081666666661,57.54329166666667,10.644698333333338,57.603683333333336,False,219003138,H84 GULDBORG,DNK,757ca9b0e-e2cf-fff6-f4d2-3b00c792efbf,2.5294117647058836,7.327724457850209,2.302626,6,,DK00FX113
7860a353b5df0883bcd2c3f942121e49,2025-09-17T21:18:43.000Z,2025-09-17T22:04:00.000Z,57.6681,10.7362,10.744938333333323,57.652955,10.724763333333328,57.68347333333333,False,220256000,CHARLOTTE P  FN 131,DNK,f9350d74d-d66f-c031-94cd-b0f227dd5a0f,2.5972222222222223,3.6031853744862596,2.5221039999999997,11,,DK00FX113
9ac1a792180f2bcb49f87cdd9a5c12f7,2025-09-17T21:50:00.000Z,2025-09-17T22:42:37.000Z,57.6413,10.6998,10.669886666666667,57.6304,10.721908333333333,57.644821666666665,False,219003138,H84 GULDBORG,DNK,757ca9b0e-e2cf-fff6-f4d2-3b00c792efbf,2.4428571859995523,2.186157126603211,0.5953200000000001,11,,DK00FX113
43a2c46ab1102d518a2de951ecf74e90,2025-09-17T22:31:23.000Z,2025-09-18T04:43:02.000Z,57.5949,10.6949,10.765978333333322,57.50479333333333,10.640330000000006,57.70071166666666,False,220256000,CHARLOTTE P  FN 131,DNK,f9350d74d-d66f-c031-94cd-b0f227dd5a0f,2.464642864838241,26.35059887716164,1.111949,10,,DK00FX113
8815c554e61e7315c71cdc01a22bce36,2025-09-17T23:22:26.000Z,2025-09-18T05:08:57.000Z,57.5613,10.7201,10.76653833333333,57.464641666666665,10.692945000000009,57.639111666666665,False,219009229,FN236 JULIE-EMILIE,DNK,3e4862ed6-6e6f-72f9-7db0-5a728160a8b3,2.409338537705085,25.35002157416327,2.223899,10,,DK00FX113
53e79ccdcf479af42047c864c1130b26,2025-09-18T01:59:53.000Z,2025-09-18T04:15:20.000Z,57.5422,10.6706,10.635391666666667,57.518543333333334,10.717056666666666,57.573685,False,219003138,H84 GULDBORG,DNK,757ca9b0e-e2cf-fff6-f4d2-3b00c792efbf,2.3000000065023247,9.578892772602554,2.38849,4,,DK00FX113
bed9aef89c53e4d67ed055bda03e203e,2025-09-18T05:40:00.000Z,2025-09-18T06:28:12.000Z,57.5014,10.5218,10.520921666666666,57.49603833333333,10.523055,57.50618,True,220256000,CHARLOTTE P  FN 131,DNK,f9350d74d-d66f-c031-94cd-b0f227dd5a0f,0.7900000050663948,1.1418215120777904,1.262329,2,555543258;555522471;555557024,DK00FX113
9462a1ec3e7489193dbf7d1878da9642,2025-09-18T17:13:45.000Z,2025-09-18T18:15:24.000Z,57.4589,10.7331,10.726406666666668,57.43663333333333,10.743573333333334,57.475348333333336,False,219009229,FN236 JULIE-EMILIE,DNK,3e4862ed6-6e6f-72f9-7db0-5a728160a8b3,2.4499999798006478,3.724631859093347,2.858421,10,,DK00FX113
fbf513d3418a11dd24ba591a89b5a04a,2025-09-18T17:19:31.000Z,2025-09-18T22:47:13.000Z,57.3719,10.7353,10.756391666666673,57.313163333333335,10.69686333333334,57.446661666666664,False,220256000,CHARLOTTE P  FN 131,DNK,f9350d74d-d66f-c031-94cd-b0f227dd5a0f,2.4720720622587833,24.8178453820913,9.674324,7,,DK00FX113
8dae3895f721b928eadacd595459f86f,2025-09-18T17:34:10.000Z,2025-09-18T22:40:43.000Z,57.5259,10.7467,10.772961666666674,57.428823333333334,10.724778333333347,57.60930666666667,False,220368000,O 159 RANDI,DNK,23b776e71-126f-9ab4-62f5-3dd2f3acef61,2.6204347589741577,24.804927204783578,1.111949,12,,DK00FX113
329f1b5b27a6adce81ed38e17153980e,2025-09-18T20:54:34.000Z,2025-09-18T21:29:25.000Z,57.5955,10.7176,10.711015,57.58417166666667,10.726715,57.60602333333333,False,219009229,FN236 JULIE-EMILIE,DNK,3e4862ed6-6e6f-72f9-7db0-5a728160a8b3,2.4939393997192383,2.6290208089063176,6.3073879999999996,11,,DK00FX113
96e984114a90b95f70feea6606029706,2025-09-18T22:59:04.000Z,2025-09-19T01:29:11.000Z,57.3401,10.7473,10.7313,57.31260666666667,10.761513333333333,57.37882,False,220256000,CHARLOTTE P  FN 131,DNK,f9350d74d-d66f-c031-94cd-b0f227dd5a0f,2.578787879510359,11.97245943032484,11.375328999999999,9,,DK00FX113
6337048436f1879b4211689df67e56a6,2025-09-18T23:09:16.000Z,2025-09-18T23:53:02.000Z,57.5724,10.7136,10.716118333333327,57.56029,10.708705000000009,57.5856,False,220368000,O 159 RANDI,DNK,23b776e71-126f-9ab4-62f5-3dd2f3acef61,2.427999939918518,2.22765720363516,5.047923,10,,DK00FX113
4173c6f28116dd35929b2f398b288c6f,2025-09-19T00:00:43.000Z,2025-09-19T04:57:12.000Z,57.4505,10.7255,10.717366666666667,57.35648333333334,10.748895,57.55481833333333,False,220368000,O 159 RANDI,DNK,23b776e71-126f-9ab4-62f5-3dd2f3acef61,2.472619040026551,22.859275778715574,6.31591,11,,DK00FX113
fa11a57671fe1a2ac4ace133ab2b8a01,2025-09-19T00:18:49.000Z,2025-09-19T05:17:06.000Z,57.5566,10.732,10.781928333333326,57.467196666666666,10.714220000000012,57.64127166666667,False,219009229,FN236 JULIE-EMILIE,DNK,3e4862ed6-6e6f-72f9-7db0-5a728160a8b3,2.351260549255779,21.285961089297867,1.262484,11,,DK00FX113
6c736f3501d19213a195426cd827ce63,2025-09-19T17:42:54.000Z,2025-09-19T18:21:16.000Z,57.4348,10.7533,10.765708333333322,57.422465,10.738061666666681,57.44571666666667,False,219003138,H84 GULDBORG,DNK,757ca9b0e-e2cf-fff6-f4d2-3b00c792efbf,2.5478260828101122,3.0737358992923034,0,12,,DK00FX113
61e995bdab9a4eaa247a2959a2b4d4a5,2025-09-19T23:39:29.000Z,2025-09-20T05:12:52.000Z,57.5874,10.7419,10.608161666666666,57.55338666666667,10.92576,57.60929333333333,False,219003138,H84 GULDBORG,DNK,757ca9b0e-e2cf-fff6-f4d2-3b00c792efbf,2.4036231781693482,24.358926380641165,5.346467,5,,DK00FX113
37a6e90bcdf5b80185168c48f7ed980e,2025-09-20T04:55:05.000Z,2025-09-20T05:50:27.000Z,57.5072,10.5394,10.538943333333334,57.50322,10.539601666666666,57.51145666666667,True,220368000,O 159 RANDI,DNK,23b776e71-126f-9ab4-62f5-3dd2f3acef61,0.5500000112436036,0.8788917030876716,2.109462,3,555557024;555522471;555543258,DK00FX113
c8745896b1f77f589ab2c5d7c360c546,2025-09-21T02:30:17.000Z,2025-09-21T03:39:22.000Z,57.5171,10.695,10.70772333333332,57.495108333333334,10.680198333333323,57.538815,False,220368000,O 159 RANDI,DNK,23b776e71-126f-9ab4-62f5-3dd2f3acef61,2.4175438922748236,5.142273102731603,1.632363,6,,DK00FX113
ae9d8ded2a6dec1071269b03a31074ab,2025-09-22T08:26:16.000Z,2025-09-22T12:30:12.000Z,57.5145,10.7333,10.665306666666666,57.499813333333336,10.781148333333332,57.526331666666664,False,219021235,HAVFISKEN,DNK,f770e03eb-b317-8f20-fb64-b93d0f9e4c82,1.6573529382985013,12.294319273497056,1.262252,4,,DK00FX113
5cd8e2c05d74e279d43cb91923caac99,2025-09-23T08:19:27.000Z,2025-09-23T12:55:20.000Z,57.5191,10.7481,10.653491666666667,57.509373333333336,10.82065,57.53293166666667,False,219021235,HAVFISKEN,DNK,f770e03eb-b317-8f20-fb64-b93d0f9e4c82,2.2699530436679223,19.45563922365026,1.7918589999999999,3,,DK00FX113
cfa3208dc1c6ddf5fa26fea15bd54b9f,2025-09-24T07:28:52.000Z,2025-09-24T08:45:02.000Z,57.5266,10.7377,10.681333333333333,57.52396666666667,10.78634,57.53259833333333,False,219021235,HAVFISKEN,DNK,f770e03eb-b317-8f20-fb64-b93d0f9e4c82,2.7946428704474653,6.510039438070141,0,5,,DK00FX113
7d2ac0d10ae61230d57793c304a55a71,2025-09-24T09:04:11.000Z,2025-09-24T12:04:26.000Z,57.6769,10.7449,10.825727999999998,57.656057,10.64146500000001,57.698328,False,219006719,S71 HEIDI TERESA,DNK,2a39bfdc6-62c5-a904-f6e0-d9a3d0649baa,2.5276923076923086,12.650573670557089,6.636037,14,,DK00FX113
aa0149dfa20a2f5b3a7b93d4ce7993cd,2025-09-25T17:45:34.000Z,2025-09-25T18:58:43.000Z,57.4524,10.6813,10.687048333333337,57.44247166666667,10.674090000000007,57.46470333333333,False,219024715,FRU LUNDSGAARD SG 17,DNK,90127c090-07a8-9d1b-f1f7-67079141c112,2.4017241453302325,5.9425583610883415,3.3890569999999998,8,,DK00FX113
978418c0208e8af572f6ab88c51cc922,2025-09-30T17:27:43.000Z,2025-09-30T18:07:36.000Z,57.4964,10.697,10.70028666666667,57.482375,10.695490000000007,57.51069,False,219015617,FN68 FRYDENSTRAND,DNK,d4564638c-c6f0-0ff6-c16f-a07290ebe530,2.8729729813498426,4.9217900717963685,0.597777,6,,DK00FX113
2df2d112f6ba9fa8fb43285237d85373,2025-09-30T18:19:17.000Z,2025-09-30T19:09:06.000Z,57.5364,10.7078,10.71328166666666,57.51904833333333,10.702538333333337,57.55436,False,219015617,FN68 FRYDENSTRAND,DNK,d4564638c-c6f0-0ff6-c16f-a07290ebe530,3.0500000352444854,3.9728729875228654,1.7913679999999998,7,,DK00FX113
0bff7fc6996d854c2183529a969a2fbc,2025-09-30T19:21:32.000Z,2025-09-30T19:54:04.000Z,57.5733,10.7242,10.71747,57.56246,10.731864999999999,57.58336166666667,False,219015617,FN68 FRYDENSTRAND,DNK,d4564638c-c6f0-0ff6-c16f-a07290ebe530,3.0000000246639913,2.488442054731087,5.047923,10,,DK00FX113
a85d0d7f3f2ebfee2be661dab4f7e340,2025-09-30T20:10:08.000Z,2025-09-30T21:02:07.000Z,57.6077,10.7594,10.780441666666661,57.59347833333333,10.74116166666667,57.619978333333336,False,219015617,FN68 FRYDENSTRAND,DNK,d4564638c-c6f0-0ff6-c16f-a07290ebe530,2.837209332820981,3.920782831829273,7.722785,14,,DK00FX113
0e3c967a58e3866239576edb2de76ddb,2025-10-01T11:19:24.000Z,2025-10-01T15:10:00.000Z,57.6658,10.7609,10.782454999999999,57.60908166666667,10.706275000000005,57.72475,False,219021235,HAVFISKEN,DNK,f770e03eb-b317-8f20-fb64-b93d0f9e4c82,2.0537735859178143,14.512755266575676,6.312108,15,,DK00FX113
3834dd8b0d530b08454141b718a9875e,2025-10-01T16:44:58.000Z,2025-10-01T19:45:00.000Z,57.559,10.7291,10.68039,57.50470833333333,10.777958333333334,57.613895,False,219015617,FN68 FRYDENSTRAND,DNK,d4564638c-c6f0-0ff6-c16f-a07290ebe530,2.447500025480984,13.896755162561632,1.111949,5,,DK00FX113
83593390b244945e167a82f0f500fcb8,2025-10-02T07:23:25.000Z,2025-10-02T10:39:58.000Z,57.4969,10.5969,10.544787,57.467607,10.623568,57.50475,True,219007115,,DNK,3493c881a-adf9-2f07-9abf-79eb85e612d8,2.4099999999999997,8.857695749587677,0,1,555557024;67881;555543258;555522471;349827;555538085,DK00FX113
0b5aaf154a6648c959493f2c3962aff1,2025-10-06T17:04:31.000Z,2025-10-06T22:47:25.000Z,57.4453,10.7078,10.689665,57.396323,10.730143333333332,57.510106666666665,False,219003138,H84 GULDBORG,DNK,757ca9b0e-e2cf-fff6-f4d2-3b00c792efbf,2.3545454609358716,25.661986529245972,4.7457780000000005,10,,DK00FX113
eb3149ff036b396520b77f141ae58100,2025-10-10T05:48:50.000Z,2025-10-10T06:43:02.000Z,57.6111,10.7268,10.70713,57.59602,10.739121666666666,57.616926666666664,False,219021235,HAVFISKEN,DNK,f770e03eb-b317-8f20-fb64-b93d0f9e4c82,2.0444444555927204,3.3784475528372613,4.471617,12,,DK00FX113
47c3692e19d2e3565ee14ea1e7c3d65a,2025-10-11T06:09:10.000Z,2025-10-11T07:34:17.000Z,57.5093,10.5308,10.517925,57.499665,10.53944,57.516668333333335,True,219024715,FRU LUNDSGAARD SG 17,DNK,90127c090-07a8-9d1b-f1f7-67079141c112,1.8760000109672543,5.089959181931528,1.262329,2,555522471;555557024;555543258,DK00FX113
c396b87b9e3de4672503a838c9e62938,2025-10-13T17:49:21.000Z,2025-10-13T18:43:16.000Z,57.5286,10.7023,10.715253333333322,57.509125,10.68911,57.53979666666667,False,219015617,FN68 FRYDENSTRAND,DNK,d4564638c-c6f0-0ff6-c16f-a07290ebe530,2.260000024523053,3.2535172772245122,2.389145,7,,DK00FX113
bde611b5f4b128888921b0308dfb8d83,2025-10-13T23:11:30.000Z,2025-10-14T05:27:05.000Z,57.5075,10.7095,10.665546666666666,57.50060333333333,10.823203333333334,57.51975,False,219015362,WELL-BANK,DNK,4fa8f1206-6abc-0cf6-1282-58389e8179fe,1.4206349230001845,15.946908254222912,1.262252,4,,DK00FX113
520f1ff055fa6b0a1f6411297b84af87,2025-10-14T00:00:12.000Z,2025-10-14T06:25:10.000Z,57.5309,10.7416,10.93049666666667,57.497888333333336,10.665601666666674,57.557251666666666,False,219023911,EMILIE,DNK,e200e62d0-0514-1c1f-8218-b10fb6f96159,2.383815041339468,31.12729264845389,9.624951,19,,DK00FX113
e519e1c124eab893c699ed190c618b8c,2025-10-14T01:27:34.000Z,2025-10-14T05:28:04.000Z,57.5684,10.7407,10.726275,57.51884833333333,10.784498333333334,57.58487,False,219421000,VICTORY,DNK,bf7c1a86e-e0e2-9587-60b0-7321360a26d1,1.4789473750944915,11.42795224216989,2.985612,8,,DK00FX113
9b2ab2d34aab1f5abc39c9778b33039e,2025-10-16T05:10:00.000Z,2025-10-16T05:45:00.000Z,57.5365,10.7513,10.774756666666661,57.52347666666667,10.719729999999998,57.540465,False,219023911,EMILIE,DNK,e200e62d0-0514-1c1f-8218-b10fb6f96159,4.900000035762786,5.76232927303165,3.335848,10,,DK00FX113
4ce42eb6e94c01eca8bf8b60f819108a,2025-10-19T03:12:15.000Z,2025-10-19T05:22:03.000Z,57.5369,10.63,10.645071666666666,57.524166666666666,10.62048333333334,57.549236666666665,False,220257000,BORNOE,DNK,63d0a72c0-0477-ab34-012e-03e474bd9d35,0.785087725572419,3.7528510964046626,1.7913679999999998,4,,DK00FX113
a952ed774386af526a3767277a27abee,2025-10-22T08:22:07.000Z,2025-10-22T17:04:10.000Z,57.4965,10.7642,10.706245,57.420175,10.87347,57.545613333333336,False,219019287,HG 162 NORTH OCEAN,DNK,78531063e-e025-416e-a895-1a3d6469c933,3.1243386363226278,53.47224753097402,2.993794,10,,DK00FX113
ed42125f135170c09659746da23b263b,2025-10-27T06:05:26.000Z,2025-10-27T09:25:00.000Z,57.618,10.7586,10.795111666666656,57.56849,10.700216666666677,57.650975,False,219015617,FN68 FRYDENSTRAND,DNK,d4564638c-c6f0-0ff6-c16f-a07290ebe530,2.3989528937567597,14.681281022411797,9.065558000000001,14,,DK00FX113
82c808f2726679e21bdd50ee7102b2c3,2025-10-27T07:28:33.000Z,2025-10-27T11:23:40.000Z,57.5069,10.7447,10.719628333333333,57.461571666666664,10.794665,57.532621666666664,False,219021428,HG 165 SOUTH OCEAN,DNK,1dc356499-9579-2b44-9bc2-fd8ae0f4bc8c,2.9357466131313883,21.769335209848695,2.637902,8,,DK00FX113
20ae74543deb4a00d6227c0d3bb854e7,2025-10-27T11:38:50.000Z,2025-10-27T12:43:06.000Z,57.486,10.7558,10.721305,57.46783666666666,10.792401666666667,57.508365,False,219015362,WELL-BANK,DNK,4fa8f1206-6abc-0cf6-1282-58389e8179fe,3.128333350022634,6.339966870235903,2.110296,7,,DK00FX113
355273f335bd83a11fe134edcded7877,2025-10-27T11:48:55.000Z,2025-10-27T15:15:11.000Z,57.4988,10.7422,10.718136666666666,57.469143333333335,10.772193333333334,57.535136666666666,False,219021428,HG 165 SOUTH OCEAN,DNK,1dc356499-9579-2b44-9bc2-fd8ae0f4bc8c,3.2245989486495437,20.702487735816547,2.110296,7,,DK00FX113
f636e1776e87883661ef2468544dd502,2025-10-27T12:52:55.000Z,2025-10-27T15:08:00.000Z,57.4725,10.7459,10.760044999999991,57.44519666666667,10.727471666666673,57.50620166666667,False,219015362,WELL-BANK,DNK,4fa8f1206-6abc-0cf6-1282-58389e8179fe,2.9366666813691458,13.11113345782819,3.335848,11,,DK00FX113
582153f3951f4c4328f49c67098d84a3,2025-10-27T13:05:18.000Z,2025-10-27T15:19:10.000Z,57.4995,10.7568,10.762566666666658,57.466245,10.752243333333325,57.52838,False,219023911,EMILIE,DNK,e200e62d0-0514-1c1f-8218-b10fb6f96159,3.0643478569777107,13.252973285745576,1.262484,10,,DK00FX113
30bb3d7f4f9a710930ec6938eccb3448,2025-10-27T15:20:16.000Z,2025-10-27T16:50:14.000Z,57.461,10.7332,10.724218333333333,57.452803333333335,10.738446666666666,57.47647333333333,False,219015362,WELL-BANK,DNK,4fa8f1206-6abc-0cf6-1282-58389e8179fe,1.8675000123679637,5.236691328586896,3.266403,8,,DK00FX113
11d7f1d6ecd074e702d03f91c5058b54,2025-10-29T06:46:04.000Z,2025-10-29T08:46:19.000Z,57.3967,10.7529,10.771224999999987,57.376325,10.73440500000001,57.41845,False,219023664,MUSSE IV,DNK,d142d4b0b-b7b1-269f-5657-d74d5b8be871,2.9204545426097783,12.316866068677488,3.335848,12,,DK00FX113
c1033cc48b30cdc5b4742c6096daa689,2025-10-29T06:50:47.000Z,2025-10-29T08:26:28.000Z,57.3922,10.7542,10.773644999999988,57.3752,10.737304999999992,57.41433833333333,False,219015338,STRANDER-   ND17,DNK,9b4995ca8-85f2-6901-29c4-4c410813010d,3.3999999887064885,9.0896593145789,3.335848,12,,DK00FX113
13f8206869ca6a1b28c61cf49b9b90c9,2025-10-29T11:57:14.000Z,2025-10-29T12:23:55.000Z,57.5352,10.5827,10.586557999999997,57.514848,10.577663000000001,57.556352,True,219014416,GEKKO,DNK,d801070a0-0a5a-5ac0-4f10-bffc629b86e7,5.735294117647059,4.734786957908618,3.786988,1,555522471;555543258;555557024,DK00FX113
02aba191921e73cf410ebb2cf592172f,2025-11-01T15:45:10.000Z,2025-11-01T18:45:26.000Z,57.4915,10.5061,10.505767,57.491182,10.50639,57.491918,False,231108596,HARALDUR,FRO,b8b5a2ea3-3c5f-ac0d-2dd0-01c790b9eb3c,0.4521739130434782,0.5214517591721084,0,2,,DK00FX113
f27d3d77a8771d81538b1494ed81be4b,2025-11-01T20:30:36.000Z,2025-11-02T06:06:27.000Z,57.4915,10.5061,10.504735,57.491067,10.507245,57.491923,False,231108596,HARALDUR,FRO,b8b5a2ea3-3c5f-ac0d-2dd0-01c790b9eb3c,0.7133333333333333,1.9846410356421182,0,1,,DK00FX113
c4cdb175da90afd67799e6cefdc6b7bc,2025-11-05T05:20:11.000Z,2025-11-05T07:55:35.000Z,57.522,10.641,10.658978333333323,57.47201,10.620638333333346,57.56332,False,219015617,FN68 FRYDENSTRAND,DNK,d4564638c-c6f0-0ff6-c16f-a07290ebe530,2.5027027237858332,11.267018975184508,1.1958820000000001,4,,DK00FX113
a6fa63554e6b69dc624ec83e385fb9f6,2025-11-06T11:36:02.000Z,2025-11-06T12:35:06.000Z,57.5657,10.7473,10.788153333333327,57.556776666666664,10.70234666666667,57.57597833333333,False,219023911,EMILIE,DNK,e200e62d0-0514-1c1f-8218-b10fb6f96159,2.9850000023841865,6.421953737106989,7.8747039999999995,13,,DK00FX113
ea7638f673686a1a026e304a50cde871,2025-11-06T12:51:04.000Z,2025-11-06T13:41:11.000Z,57.5718,10.742,10.71652,57.56306333333333,10.753518333333334,57.580571666666664,False,219023911,EMILIE,DNK,e200e62d0-0514-1c1f-8218-b10fb6f96159,1.980392169718649,3.1456013471516373,5.047923,10,,DK00FX113
2f3e46bebcecab4ee39315a2a5c57a68,2025-11-07T08:56:42.000Z,2025-11-07T16:25:25.000Z,57.5572,10.6296,10.617935,57.510515,10.65514,57.61083333333333,False,219019287,HG 162 NORTH OCEAN,DNK,78531063e-e025-416e-a895-1a3d6469c933,2.8229357980260072,39.33029465719387,3.335848,2,,DK00FX113
135978e91d835cc999a05beaad17a2c2,2025-11-08T04:36:02.000Z,2025-11-08T06:06:07.000Z,57.57,10.6703,10.630193333333333,57.55643333333333,10.68652,57.58723666666667,False,219023911,EMILIE,DNK,e200e62d0-0514-1c1f-8218-b10fb6f96159,2.420512832892247,7.9731029392981005,5.356025,7,,DK00FX113
eaf064dd7fcca0922e4d71203ad714fa,2025-11-08T09:28:03.000Z,2025-11-08T10:37:03.000Z,57.466,10.7382,10.731098333333334,57.437803333333335,10.745381666666667,57.49276833333333,False,219023911,EMILIE,DNK,e200e62d0-0514-1c1f-8218-b10fb6f96159,2.9484374709427352,7.491029483741184,2.858421,10,,DK00FX113
f6e53ff99c731a000fc39260c9603666,2025-11-09T10:32:03.000Z,2025-11-09T14:12:30.000Z,57.6012,10.7009,10.650086666666667,57.54067333333333,10.775968333333333,57.648805,False,219009135,SG64 LAMA II,DNK,ae4a1cd2e-e7ea-7096-8780-63f0f06a8cef,2.1287234094231695,15.392925798694145,2.855339,6,,DK00FX113
c75b578dd989cb53813f710a26e53220,2025-11-11T06:56:19.000Z,2025-11-11T10:25:04.000Z,57.6278,10.765,10.84733,57.59477,10.677681666666672,57.648916666666665,False,219015617,FN68 FRYDENSTRAND,DNK,d4564638c-c6f0-0ff6-c16f-a07290ebe530,2.7852272892540144,16.006290344723954,11.032395000000001,18,555557022;555543209;555522504,DK00FX113
b29cb32b89424cd8777b67b122d3fb56,2025-11-11T14:36:43.000Z,2025-11-11T14:59:41.000Z,57.4988,10.5256,10.524125,57.49706166666667,10.52679,57.500675,True,219024715,FRU LUNDSGAARD SG 17,DNK,90127c090-07a8-9d1b-f1f7-67079141c112,0.8117647065835839,0.5387651549886282,1.262329,2,555543258;555522471;555557024,DK00FX113
e8f90e23cc3a457a3bfc95cdb4aa25e8,2025-11-13T10:00:47.000Z,2025-11-13T12:05:13.000Z,57.5601,10.6684,10.699479999999994,57.522236666666664,10.641223333333329,57.59016333333334,False,219024715,FRU LUNDSGAARD SG 17,DNK,90127c090-07a8-9d1b-f1f7-67079141c112,2.486868711433025,8.91453989114003,1.194245,6,,DK00FX113
9c132abe13ada77de166364fdf290fb3,2025-11-13T19:12:18.000Z,2025-11-13T20:15:02.000Z,57.5355,10.7335,10.746904999999998,57.51906666666667,10.716621666666668,57.55022666666667,False,219021235,HAVFISKEN,DNK,f770e03eb-b317-8f20-fb64-b93d0f9e4c82,2.2452830346125476,4.097519379248472,3.543342,9,,DK00FX113
a7ea5834a34a743b9dd00e16592aac66,2025-11-13T21:57:24.000Z,2025-11-13T22:47:18.000Z,57.3436,10.7433,10.745306666666664,57.326348333333335,10.734730000000013,57.36038166666667,False,219021235,HAVFISKEN,DNK,f770e03eb-b317-8f20-fb64-b93d0f9e4c82,2.730303034637914,4.022471854214329,8.976055,9,,DK00FX113
d7015573b3982d6462890cb5378c5f52,2025-11-15T08:34:04.000Z,2025-11-15T10:07:14.000Z,57.4699,10.6024,10.638452999999998,57.464878,10.538162,57.472955,True,219007115,,DNK,3493c881a-adf9-2f07-9abf-79eb85e612d8,3.7230769230769223,7.7211706440016385,2.5250459999999997,4,555522471;67881;555557024;555538085;555543258;349827,DK00FX113
dad741fca47cddf8b54ef98b97269673,2025-11-17T07:39:32.000Z,2025-11-17T14:04:18.000Z,57.5342,10.7182,10.76174499999999,57.49216166666667,10.67842833333333,57.56993166666667,False,219021428,HG 165 SOUTH OCEAN,DNK,1dc356499-9579-2b44-9bc2-fd8ae0f4bc8c,2.909498677404701,38.671944551604135,0.597614,9,,DK00FX113
33e900f3ff7cdc6eb5b0ea2ecbe102e9,2025-11-18T09:51:31.000Z,2025-11-18T15:44:08.000Z,57.5821,10.7532,10.715018333333333,57.530658333333335,10.78158,57.617671666666666,False,219021428,HG 165 SOUTH OCEAN,DNK,1dc356499-9579-2b44-9bc2-fd8ae0f4bc8c,3.035802490089409,33.315177399406664,2.634341,8,,DK00FX113
49ad98b86364c0a009cd0388319f9f91,2025-11-18T13:55:02.000Z,2025-11-18T15:00:09.000Z,57.4681,10.5801,10.537173,57.464922,10.62087,57.469998,True,219007115,,DNK,3493c881a-adf9-2f07-9abf-79eb85e612d8,5.142857142857143,7.8701704180155465,0,1,555538085;555557024;349827;67881;555543258;555522471,DK00FX113
b1b4416689ec573c144f9833895a61f2,2025-11-19T11:13:32.000Z,2025-11-19T11:47:53.000Z,57.4509,10.7404,10.725175,57.437131666666666,10.752561666666667,57.46447833333333,False,219021428,HG 165 SOUTH OCEAN,DNK,1dc356499-9579-2b44-9bc2-fd8ae0f4bc8c,3.3258064485365346,3.6073171613993513,2.858421,10,,DK00FX113
b07661a7de5f3a502043bee02cbbceba,2025-11-19T12:03:52.000Z,2025-11-19T13:30:00.000Z,57.4589,10.7523,10.767206666666652,57.422275,10.716683333333322,57.48195833333333,False,219021428,HG 165 SOUTH OCEAN,DNK,1dc356499-9579-2b44-9bc2-fd8ae0f4bc8c,3.26363636611344,8.817398667476704,0,12,,DK00FX113
58254a0f9d3ac7e24fbb960a6f012314,2025-11-19T13:46:12.000Z,2025-11-19T14:25:03.000Z,57.4406,10.7545,10.733126666666667,57.425936666666665,10.774853333333333,57.45263166666667,False,219021428,HG 165 SOUTH OCEAN,DNK,1dc356499-9579-2b44-9bc2-fd8ae0f4bc8c,3.2459459626996834,4.549089326205512,2.112382,10,,DK00FX113
7301333f7d49cd4f3874fb40ebc95485,2025-11-21T07:52:17.000Z,2025-11-21T14:38:31.000Z,57.5669,10.6377,10.608028333333333,57.523498333333336,10.704236666666667,57.607411666666664,False,219019287,HG 162 NORTH OCEAN,DNK,78531063e-e025-416e-a895-1a3d6469c933,3.0195187319886885,40.00884620950136,4.179857,3,,DK00FX113
0de004b960fff4a7b4d887c024046f5b,2025-11-21T08:30:03.000Z,2025-11-21T14:25:17.000Z,57.5562,10.7091,10.775059999999996,57.533118333333334,10.648231666666675,57.586533333333335,False,219021428,HG 165 SOUTH OCEAN,DNK,1dc356499-9579-2b44-9bc2-fd8ae0f4bc8c,3.334857158660888,39.54223256104359,4.487722,11,,DK00FX113
0bc11946ffca201c4c3a36d587f30273,2025-11-21T14:37:55.000Z,2025-11-21T16:08:04.000Z,57.5469,10.7174,10.68598,57.54061,10.726896666666667,57.549308333333336,False,219021428,HG 165 SOUTH OCEAN,DNK,1dc356499-9579-2b44-9bc2-fd8ae0f4bc8c,0.990804596536461,2.712780493928924,2.302626,7,,DK00FX113
5c1f8a17d63ed44e32cc7603068f2260,2025-11-21T14:52:36.000Z,2025-11-21T16:22:04.000Z,57.5468,10.6615,10.651085,57.540913333333336,10.671031666666666,57.568845,False,219019287,HG 162 NORTH OCEAN,DNK,78531063e-e025-416e-a895-1a3d6469c933,1.4115384753124836,4.016014050595779,2.855339,6,,DK00FX113
fde5192b8298e36220eef2ebbf12d560,2025-11-22T09:11:01.000Z,2025-11-22T15:32:05.000Z,57.5069,10.7668,10.809678333333324,57.46118333333333,10.731875000000002,57.558211666666665,False,219021428,HG 165 SOUTH OCEAN,DNK,1dc356499-9579-2b44-9bc2-fd8ae0f4bc8c,2.760321737174695,33.85210677973471,3.265924,13,,DK00FX113
68528a42295a19a117aca81239401565,2025-11-24T06:47:37.000Z,2025-11-24T07:53:17.000Z,57.4624,10.6939,10.700253333333336,57.44424,10.688105000000007,57.477835,False,219021235,HAVFISKEN,DNK,f770e03eb-b317-8f20-fb64-b93d0f9e4c82,2.428571441876037,5.682520617907966,3.543894,8,,DK00FX113
1daf843e39da1edecbdd7899f6780456,2025-11-24T08:09:51.000Z,2025-11-24T09:33:47.000Z,57.3948,10.7447,10.787486666666666,57.374478333333336,10.693645000000004,57.41885333333333,False,219021235,HAVFISKEN,DNK,f770e03eb-b317-8f20-fb64-b93d0f9e4c82,3.0758064581501867,8.081574584542475,4.606441,11,,DK00FX113
418d74543fac1c61942d3eb5d31384fe,2025-11-25T07:28:17.000Z,2025-11-25T10:14:08.000Z,57.5893,10.61,10.640923333333319,57.56973,10.58708333333334,57.611938333333335,False,219019287,HG 162 NORTH OCEAN,DNK,78531063e-e025-416e-a895-1a3d6469c933,3.1517730641660964,15.012655288208501,6.050441,8,,DK00FX113
0bb3a449c43ea321835845c9d946dbc9,2025-11-25T08:50:07.000Z,2025-11-25T14:55:21.000Z,57.5318,10.741,10.70836,57.47839,10.778003333333332,57.57142833333333,False,219021428,HG 165 SOUTH OCEAN,DNK,1dc356499-9579-2b44-9bc2-fd8ae0f4bc8c,2.9437317985487397,33.925859886591134,1.195554,7,,DK00FX113
a0cd6ced3b896e90d32db9629351ce96,2025-11-25T10:11:19.000Z,2025-11-25T11:29:00.000Z,57.5613,10.7455,10.788538333333321,57.53702166666667,10.71126000000001,57.58197833333333,False,219023911,EMILIE,DNK,e200e62d0-0514-1c1f-8218-b10fb6f96159,2.834177260157429,6.922978739542433,5.686597,12,,DK00FX113
3be70638cf2c5e90da101959d30518fb,2025-11-25T11:46:11.000Z,2025-11-25T12:41:19.000Z,57.5668,10.7487,10.718895,57.549515,10.774096666666667,57.58508166666667,False,219023911,EMILIE,DNK,e200e62d0-0514-1c1f-8218-b10fb6f96159,3.1461538672447213,5.399025748353152,4.102203,9,,DK00FX113
927fa3a96f3d5e65fe0c8f77cb9a146b,2025-11-26T05:18:48.000Z,2025-11-26T06:30:11.000Z,57.5926,10.7614,10.756476666666666,57.591166666666666,10.76562,57.59346333333333,False,266065000,ROSSO,SWE,c2c3dfadd-dbd2-d2cd-8a1b-ad8d3763673f,0.2714285781340939,0.5526439930898448,6.949175,14,,DK00FX113
1eb30ddb0e3b46f53d98a82a6884be3f,2025-11-26T16:02:55.000Z,2025-11-26T16:44:23.000Z,57.5614,10.626,10.628884999999997,57.547693,10.620756999999998,57.569768,False,219020732,ELIDA,DNK,6bda7c0c4-4ded-3681-688c-056bb1f0f2c8,1.9478260869565216,3.174055590446735,4.475983,6,,DK00FX113
74161d84653b9a9dd710a71f66c3e076,2025-12-05T10:18:56.000Z,2025-12-05T11:00:46.000Z,57.5672,10.7267,10.71937,57.55988333333333,10.735388333333333,57.57633333333333,False,251323000,ASGRIMUR HALLDORSSON,ISL,118d3fa48-8ebb-3f5d-c883-fc1f75ef8d76,1.5384615613864017,2.142250580404436,5.047923,10,,DK00FX113
74c6f40a854e08bc491ca430af0ea2c9,2025-12-15T16:47:04.000Z,2025-12-15T19:26:17.000Z,57.5989,10.7143,10.65376,57.54987833333333,10.740415,57.653436666666664,False,219015617,FN68 FRYDENSTRAND,DNK,d4564638c-c6f0-0ff6-c16f-a07290ebe530,3.1119497152244513,13.849851740714753,3.786058,6,,DK00FX113
34d9725e387662ce0cfcfb6bdae6d548,2025-12-16T15:20:09.000Z,2025-12-16T15:44:12.000Z,57.4137,10.7433,10.745298333333324,57.41083,10.740911666666676,57.416615,False,266065000,ROSSO,SWE,c2c3dfadd-dbd2-d2cd-8a1b-ad8d3763673f,0.8849999964237212,0.7943407882871042,1.1978440000000001,12,,DK00FX113
7712c0261a2eaefb9b72c0c029200d4c,2025-12-16T16:37:10.000Z,2025-12-16T18:39:20.000Z,57.3728,10.7362,10.740669999999994,57.34196166666667,10.725324999999998,57.397353333333335,False,266065000,ROSSO,SWE,c2c3dfadd-dbd2-d2cd-8a1b-ad8d3763673f,1.7120879254825825,7.082985556830017,7.988721,10,,DK00FX113
384db532cc72f1ba6d09ef1832f1d380,2026-01-18T07:04:43.000Z,2026-01-18T08:12:13.000Z,57.6801,10.33,10.304781666666667,57.67575,10.354800000000001,57.68785,False,219004596,RS 64 ELSE,DNK,488cffdeb-be71-3d73-2acf-35f6d31bb4c4,1.8209302184540168,3.526008444911084,12.650258000000001,3,555557161;555522470,DK00FX113
1d2520d158db77271ecaba8cae9420c1,2026-01-18T19:55:06.000Z,2026-01-18T21:32:03.000Z,57.5079,10.5084,10.497717,57.498123,10.520455,57.518508,True,219012459,HM 67 LOTTI,DNK,cdca9c2b2-2f96-afb2-e67e-976ee9505b4e,1.7266666666666666,5.369491969526551,1.111949,1,555557024;555522471;555543258,DK00FX113
bc837223d1a92e72f6245507668816fb,2026-02-06T06:45:36.000Z,2026-02-06T07:15:02.000Z,57.4959,10.5196,10.504923333333334,57.49223666666666,10.545583333333333,57.50110166666666,True,219021235,HAVFISKEN,DNK,f770e03eb-b317-8f20-fb64-b93d0f9e4c82,3.0655172564860056,3.252194637278575,0,1,555522471;555557024;555543258,DK00FX113
b160a777e91965d995e0567fb8c9d7c8,2026-02-19T19:03:42.000Z,2026-02-19T19:36:24.000Z,57.4947,10.5179,10.524771666666652,57.491248,10.506403333333338,57.500053333333334,False,219003138,H84 GULDBORG,DNK,757ca9b0e-e2cf-fff6-f4d2-3b00c792efbf,2.6166666726768018,2.327866649265206,0.597614,2,555522471;555557024;555538085;67881;555543258,DK00FX113
a05c00ed40969d3401b86a50815888d7,2026-03-05T08:47:00.000Z,2026-03-05T09:42:01.000Z,57.5355,10.6535,10.637115,57.525373333333334,10.65788,57.54143,False,219021235,HAVFISKEN,DNK,f770e03eb-b317-8f20-fb64-b93d0f9e4c82,1.4392857266856094,2.6756290834803065,2.634341,4,,DK00FX113
e85d25df12d6cd9fcf84fb86c19cff03,2026-03-05T10:02:03.000Z,2026-03-05T10:22:04.000Z,57.5356,10.7116,10.712653333333321,57.53418333333333,10.710836666666665,57.539065,False,219021235,HAVFISKEN,DNK,f770e03eb-b317-8f20-fb64-b93d0f9e4c82,0.9899999976158144,0.5587159206175774,2.10821,7,,DK00FX113
b420dec14dc08902c836309521b8bb83,2026-03-09T17:04:12.000Z,2026-03-09T21:51:15.000Z,57.5038,10.7493,10.76799166666666,57.410466666666665,10.727323333333345,57.567015,False,220334000,STINE FN396,DNK,622cca91a-a42d-44fd-7a65-2c944e0e98f8,2.501449282618537,26.20991847057209,0,13,,DK00FX113
947b14ff61e2452d91697afe2104dd21,2026-03-10T08:45:04.000Z,2026-03-10T09:14:04.000Z,57.486,10.527,10.538446666666658,57.47745166666667,10.522140000000007,57.490291666666664,True,220278000,A 321 HENRIETTE DUE,DNK,26d5d36d3-35c9-78be-806c-8b22890708eb,2.044444419719555,1.7250936398453098,1.111949,2,555522471;555557024;555543258;67881;555538085,DK00FX113
b487b863624dd1eecfc8a08aee436196,2026-03-10T15:28:06.000Z,2026-03-10T16:35:23.000Z,57.3522,10.7545,10.748426666666667,57.34702,10.773606666666666,57.35581333333333,False,219013178,O91 ALBATROS,DNK,da6c7153f-f2c5-0eea-1680-1b7495ccd9f5,1.2346153775086777,2.408168533125345,6.778547,11,,DK00FX113
469402781e90d2caae6f17e24a1f2e9d,2026-03-10T16:42:52.000Z,2026-03-11T06:09:16.000Z,57.4655,10.7595,10.788871666666665,57.33401666666666,10.717923333333346,57.555573333333335,False,220076000,O10 HYACINT,DNK,8f7921c1a-a19c-7dc3-c1bd-2cf5725e4cad,2.6560821599116644,71.54925265023557,8.489062,8,,DK00FX113
a17fa17a5ac08a838d6dc85a05479e49,2026-03-10T16:45:06.000Z,2026-03-11T05:45:01.000Z,57.5152,10.7612,10.796654999999987,57.36982833333333,10.716201666666677,57.60644666666666,False,219013178,O91 ALBATROS,DNK,da6c7153f-f2c5-0eea-1680-1b7495ccd9f5,2.592061282874898,70.43887760384499,4.797374,10,,DK00FX113
03234351d6196bc68dec034657390120,2026-03-10T16:50:02.000Z,2026-03-11T04:35:25.000Z,57.4884,10.7668,10.799688333333336,57.39982666666667,10.734530000000007,57.559261666666664,False,219011325,ROSA-GRY,DNK,a6a222d31-1fdf-7ed9-a1bb-275bac442bcc,2.5167300438387987,59.83970263934482,2.113216,12,,DK00FX113
db91d6514323b7d3539b8c7f305f9da4,2026-03-10T16:51:16.000Z,2026-03-11T01:16:10.000Z,57.4951,10.7499,10.772181666666654,57.389453333333336,10.725501666666673,57.56666166666667,False,219015617,FN68 FRYDENSTRAND,DNK,d4564638c-c6f0-0ff6-c16f-a07290ebe530,2.296610172522272,38.27265545141084,2.223899,13,,DK00FX113
3b8393b526abe1f50f97ed3a50a8bbb5,2026-03-10T16:57:09.000Z,2026-03-10T23:29:46.000Z,57.5302,10.7582,10.720306666666668,57.434623333333334,10.789575,57.586725,False,220359000,SARAH KAJGAARD,DNK,cd281e305-5a5e-9406-1f34-d572865ff7f1,2.496164372277587,32.679885475352066,2.6402759999999996,10,,DK00FX113
7e465d754bff80aeaec1fd2b7bd71964,2026-03-10T16:58:07.000Z,2026-03-11T04:00:13.000Z,57.4772,10.7626,10.78567799999999,57.391222,10.735038000000003,57.559605,False,219012459,HM 67 LOTTI,DNK,cdca9c2b2-2f96-afb2-e67e-976ee9505b4e,2.4899425287356323,57.695625664250194,2.526131,12,,DK00FX113
0f24633572f307a86058b49bcfa3c4f9,2026-03-10T16:58:48.000Z,2026-03-10T23:06:31.000Z,57.5009,10.7591,10.739243333333333,57.40204333333333,10.774175,57.56498166666667,False,220278000,A 321 HENRIETTE DUE,DNK,26d5d36d3-35c9-78be-806c-8b22890708eb,2.647183103880412,34.45111034477874,2.113216,12,,DK00FX113
4cc11ce0d15f6393132d40f927eabf49,2026-03-10T17:00:43.000Z,2026-03-10T23:25:10.000Z,57.478,10.7641,10.749497999999999,57.390165,10.780995,57.530127,False,265536090,MARIE,SWE,b70bff839-9932-1e13-c72e-48db607b2756,2.425862068965517,31.615495601024655,2.526131,13,,DK00FX113
af6fd052cf720f6fc66250d9446add62,2026-03-10T17:04:45.000Z,2026-03-11T05:02:32.000Z,57.4765,10.7511,10.771629999999988,57.37156,10.728538333333347,57.580288333333336,False,220256000,CHARLOTTE P  FN 131,DNK,f9350d74d-d66f-c031-94cd-b0f227dd5a0f,2.567224070105863,62.18272607652753,4.447797,12,,DK00FX113
8fa1a6d49cc6c9bf27c0955e49af27d6,2026-03-10T17:07:08.000Z,2026-03-10T23:05:58.000Z,57.5077,10.7658,10.808886666666666,57.39734,10.731615000000005,57.61524166666667,False,219006971,FN 220 IDA MARIE,DNK,3b71e97ba-a4ac-6fd8-ac1f-b3ced497dab4,2.3318182464156845,26.59569636240909,2.6414630000000003,12,,DK00FX113
1a8ae8a4277af6295191afa940c2fd33,2026-03-10T17:09:08.000Z,2026-03-10T23:21:00.000Z,57.5045,10.7553,10.76441166666666,57.397945,10.738198333333344,57.56590666666666,False,220349000,FN 422 LINA T,DNK,78716bdbe-eae3-1939-1d88-b28723752b4d,2.630350193300138,31.242566880241633,1.2630270000000001,12,,DK00FX113
cb855f7a06a1b32aae5f2d6e6f5aac83,2026-03-10T18:30:07.000Z,2026-03-11T05:41:05.000Z,57.5094,10.7524,10.732093333333333,57.400996666666664,10.78317,57.61217333333333,False,219904000,KATRINE O 111,DNK,1740995e6-623a-c1a5-cb82-31c353e8c37a,2.3298412948255485,55.1944017096501,2.6414630000000003,12,,DK00FX113
91f8f93d9970cb84d9c47aacd6191ca8,2026-03-10T19:40:09.000Z,2026-03-11T00:16:05.000Z,57.5424,10.7473,10.729556666666667,57.470166666666664,10.7588,57.588875,False,220127000,FN 261 STJERNE,DNK,013ba7567-7f7c-5d39-c59b-1b6822c67083,2.417269107088985,21.862133275590587,2.637309,8,,DK00FX113
de2d39a8a6434915fcf85f11d812bdfb,2026-03-10T21:18:39.000Z,2026-03-10T21:43:28.000Z,57.5273,10.7614,10.757871666666666,57.51781,10.762166666666667,57.53595333333333,False,219012671,CHRISTINA MICHELLE,DNK,4170744e3-3b96-ac45-627e-4c17f442c690,2.6916666924953456,2.069261532589155,3.388913,10,,DK00FX113
f4d2575d3daf1d67fadcca5c6e8893f6,2026-03-10T22:43:48.000Z,2026-03-10T23:06:19.000Z,57.4653,10.7528,10.751355,57.461843333333334,10.756088333333333,57.47230833333333,False,219012671,CHRISTINA MICHELLE,DNK,4170744e3-3b96-ac45-627e-4c17f442c690,2.46190477552868,1.6675198517053844,2.5250459999999997,9,,DK00FX113
f1e8a724df7b27c52649bd8a1cd0612f,2026-03-10T23:15:59.000Z,2026-03-11T06:28:48.000Z,57.4768,10.7285,10.688531666666666,57.364648333333335,10.7709,57.557035,False,220278000,A 321 HENRIETTE DUE,DNK,26d5d36d3-35c9-78be-806c-8b22890708eb,2.60151058633522,40.387580972020494,7.341622,10,,DK00FX113
f3b71b6b0fb3d32fda5db92bcd48eb2f,2026-03-10T23:23:03.000Z,2026-03-11T06:05:32.000Z,57.4811,10.7611,10.749063333333334,57.354256666666664,10.774761666666667,57.57430166666666,False,220307000,ANDREA KLITBO,DNK,a337e4d1b-b86b-de9f-bea0-7cd8003b9f77,2.603988578711816,38.86943947872688,6.778547,11,,DK00FX113
187b01c9d9b4289dc955755f93603dbb,2026-03-10T23:26:00.000Z,2026-03-11T05:49:02.000Z,57.498,10.7214,10.764849999999996,57.409816666666664,10.696416666666664,57.56518333333333,False,266145000,GLITTFORS,SWE,877ed5bd3-3116-0bda-a189-f5a34135f000,2.5597633215097284,34.172545990490384,0.5989220000000001,12,,DK00FX113
3da04aa7cae00a2fd5e938bf977ba04e,2026-03-10T23:26:00.000Z,2026-03-11T06:10:37.000Z,57.4817,10.7445,10.773380000000003,57.36810833333333,10.733965000000012,57.57792166666667,False,220279000,FN247 LISTA,DNK,91ecb560d-d2f3-536a-21d5-4c067b410587,2.4091160620115084,34.13938124630436,4.447797,12,,DK00FX113
83b26e5fffb9464f5f08b542da92557c,2026-03-10T23:38:40.000Z,2026-03-11T05:41:34.000Z,57.4923,10.7264,10.70098,57.418487,10.758192,57.544707,False,265536090,MARIE,SWE,b70bff839-9932-1e13-c72e-48db607b2756,2.357711442786068,29.372481760593356,3.592552,10,,DK00FX113
6389dda50697b2511c7736e767ee9d9a,2026-03-10T23:39:11.000Z,2026-03-11T06:26:05.000Z,57.4862,10.7399,10.711335,57.366283333333335,10.776298333333333,57.562918,False,220349000,FN 422 LINA T,DNK,78716bdbe-eae3-1939-1d88-b28723752b4d,2.5234657007003936,35.38490147012461,5.719308,11,,DK00FX113
eddaa092b6c41c846e594a041c51b05c,2026-03-11T00:00:57.000Z,2026-03-11T06:13:12.000Z,57.4824,10.736,10.77430666666666,57.38158166666667,10.708481666666671,57.567115,False,219012671,CHRISTINA MICHELLE,DNK,4170744e3-3b96-ac45-627e-4c17f442c690,2.6158682718248425,33.259642573569174,3.335848,12,,DK00FX113
05a161568176315789c4f15e978604cd,2026-03-11T00:32:58.000Z,2026-03-11T06:06:36.000Z,57.4882,10.732,10.77523500000001,57.42677166666667,10.693348333333347,57.54286833333333,False,219013885,DORIS VENDELBO,DNK,050513a98-880a-98f7-ccc3-650614d8533f,2.5185965044456626,27.136474074673107,1.262872,13,,DK00FX113
eacff902fb5824b6c6bd7f96ae9fc3f9,2026-03-11T00:52:09.000Z,2026-03-11T01:20:26.000Z,57.5408,10.7501,10.750991666666664,57.53020166666666,10.74937833333334,57.55114,False,219001522,SOREN STRANDBY,DNK,56e82f0b6-6312-ba1d-a4e2-6c8834dbd3d8,2.638888902134365,1.6377916397239403,4.324679,10,,DK00FX113
2c69ffaa0cdd5d03e60764bca21f8e23,2026-03-11T01:13:12.000Z,2026-03-11T06:10:01.000Z,57.4825,10.7584,10.835691666666662,57.40711833333334,10.72806,57.541675,False,266414000,EROS AV HONO,SWE,038d78174-4efe-00b6-1ec3-2c1e714f1f7c,2.345126397127709,22.730997928637848,4.192456,13,,DK00FX113
63f16d939957edff24b3bbd53b45d3f9,2026-03-11T01:26:00.000Z,2026-03-11T03:26:16.000Z,57.4967,10.7225,10.693111666666667,57.457811666666665,10.744761666666667,57.530255,False,219015617,FN68 FRYDENSTRAND,DNK,d4564638c-c6f0-0ff6-c16f-a07290ebe530,2.437962965832816,9.45650041928158,1.262562,6,,DK00FX113
9a95c76df15d05339849f539cfdd11b5,2026-03-11T03:36:20.000Z,2026-03-11T04:11:35.000Z,57.5451,10.6871,10.67441,57.537063333333336,10.691306666666666,57.54822333333333,False,219015617,FN68 FRYDENSTRAND,DNK,d4564638c-c6f0-0ff6-c16f-a07290ebe530,2.3636363719900446,2.672351809527099,2.302626,6,,DK00FX113
989323545b88c1e59cade705682028c3,2026-03-11T05:48:13.000Z,2026-03-11T06:16:37.000Z,57.52,10.5712,10.560845,57.51464166666667,10.582016666666666,57.522758333333336,True,219011325,ROSA-GRY,DNK,a6a222d31-1fdf-7ed9-a1bb-275bac442bcc,1.8714285691579184,1.796312254336979,3.7241619999999998,2,555543258;555522471;555557024,DK00FX113
d01e610691d74e3e8b7ca6236c96e9ad,2026-03-11T06:00:35.000Z,2026-03-11T06:55:56.000Z,57.5004,10.5349,10.534243333333333,57.495868333333334,10.538798333333334,57.50599,True,220256000,CHARLOTTE P  FN 131,DNK,f9350d74d-d66f-c031-94cd-b0f227dd5a0f,0.8520833378036818,1.3056913126086378,1.632363,3,555543258;67881;555557024;555538085;555522471,DK00FX113
4e79155b39ff004751c8d9ddb49297ec,2026-03-11T08:24:29.000Z,2026-03-11T08:56:40.000Z,57.4819,10.5307,10.527481666666667,57.47396666666667,10.542021666666667,57.48487166666666,True,220278000,A 321 HENRIETTE DUE,DNK,26d5d36d3-35c9-78be-806c-8b22890708eb,1.5750000210744994,2.0391740170283272,0.5979410000000001,1,67881;555522471;555543258;555557024;555538085,DK00FX113
27a7a2c6311dff647367f32323638433,2026-03-11T16:26:18.000Z,2026-03-12T06:19:01.000Z,57.496,10.7457,10.864540000000005,57.40673666666667,10.688260000000014,57.582300000000004,False,220138000,FN75 NICOLINE,DNK,4bfb9a737-7cff-afca-ac3d-2c633b8544ee,2.7771907328560785,75.77563710008431,5.3903,12,,DK00FX113
09b0b0bcb72d6386afe5f5acb58f9531,2026-03-11T16:30:48.000Z,2026-03-12T01:23:11.000Z,57.4208,10.7648,10.793229999999994,57.33672333333333,10.744361666666663,57.50451833333333,False,219904000,KATRINE O 111,DNK,1740995e6-623a-c1a5-cb82-31c353e8c37a,2.396257818364801,41.17630441660667,7.875449,9,,DK00FX113
419dab1d2d627599be3f112597b531af,2026-03-11T16:36:14.000Z,2026-03-12T05:06:15.000Z,57.4499,10.7485,10.76642000000001,57.34616,10.727278333333345,57.54978166666667,False,219001522,SOREN STRANDBY,DNK,56e82f0b6-6312-ba1d-a4e2-6c8834dbd3d8,2.5792424250732746,68.74440309324088,6.671696,10,,DK00FX113
c45963d52b37e69216828810c5a36ffb,2026-03-11T16:36:16.000Z,2026-03-12T05:58:18.000Z,57.4646,10.7569,10.796371666666658,57.35950833333333,10.713086666666669,57.573721666666664,False,220368000,O 159 RANDI,DNK,23b776e71-126f-9ab4-62f5-3dd2f3acef61,2.5450342483818553,65.60141554808995,5.843249,10,,DK00FX113
e73b875aed8f6c549c034cf9e12bc8a5,2026-03-11T16:39:11.000Z,2026-03-12T06:23:20.000Z,57.4484,10.7437,10.806961666666666,57.34012333333333,10.703751666666676,57.554181666666665,False,220278000,A 321 HENRIETTE DUE,DNK,26d5d36d3-35c9-78be-806c-8b22890708eb,2.6151757050341295,71.06423336403618,7.962411,8,,DK00FX113
ac2b611be1d2342323df01efa3e25840,2026-03-11T16:41:11.000Z,2026-03-12T05:53:13.000Z,57.4794,10.7323,10.696023333333333,57.37564833333333,10.770575000000001,57.561955,False,220127000,FN 261 STJERNE,DNK,013ba7567-7f7c-5d39-c59b-1b6822c67083,2.4218206284355754,61.22135910733236,5.359006999999999,11,,DK00FX113
3525df90e178c60f473141de5544ccee,2026-03-11T16:45:40.000Z,2026-03-12T06:15:23.000Z,57.4736,10.7369,10.76391666666666,57.348308333333335,10.710123333333343,57.55148,False,220349000,FN 422 LINA T,DNK,78716bdbe-eae3-1939-1d88-b28723752b4d,2.572134039999105,65.79984616180438,6.698568,10,,DK00FX113
b7ef39b4142811e9f684347d0c322671,2026-03-11T16:48:21.000Z,2026-03-11T23:10:41.000Z,57.4928,10.7528,10.722411666666666,57.396008333333334,10.783545,57.56370666666667,False,220307000,ANDREA KLITBO,DNK,a337e4d1b-b86b-de9f-bea0-7cd8003b9f77,2.64273502819049,33.523969575548584,3.194773,11,,DK00FX113
ccedd4eef9aec8e0c3ead9531d55bb46,2026-03-11T16:49:15.000Z,2026-03-11T19:20:16.000Z,57.4307,10.7579,10.774473333333333,57.37554333333333,10.747271666666677,57.478903333333335,False,219004473,FN283 LIVA,DNK,190232f32-27d8-ebbe-9c29-97b3e922f688,2.5231481304875136,11.913114066493891,3.335848,12,,DK00FX113
da7a7dd57502786e71330d111d7bdd76,2026-03-11T16:49:21.000Z,2026-03-11T23:06:05.000Z,57.5184,10.7666,10.741389999999999,57.43358333333333,10.784851666666667,57.58103666666667,False,220359000,SARAH KAJGAARD,DNK,cd281e305-5a5e-9406-1f34-d572865ff7f1,2.5325714199883596,31.863383881603085,1.6340400000000002,11,,DK00FX113
ab364198bed6083959686159ec180863,2026-03-11T16:54:18.000Z,2026-03-11T23:16:42.000Z,57.4958,10.7356,10.762634999999989,57.411105,10.713985000000008,57.565255,False,219012671,CHRISTINA MICHELLE,DNK,4170744e3-3b96-ac45-627e-4c17f442c690,2.7154929552279694,34.08329471084903,0.5989220000000001,12,,DK00FX113
1bf0314243082d79666717ef2dba02bc,2026-03-11T16:57:36.000Z,2026-03-12T04:58:00.000Z,57.3939,10.7448,10.762093333333326,57.34435833333333,10.72059333333334,57.45135166666667,False,220256000,CHARLOTTE P  FN 131,DNK,f9350d74d-d66f-c031-94cd-b0f227dd5a0f,2.5338259457758863,60.27322176624425,7.806697,10,,DK00FX113
df93451f7a9e5a7e9bf32442811cb669,2026-03-11T16:57:36.000Z,2026-03-12T06:27:11.000Z,57.4483,10.7522,10.778728333333333,57.35174833333333,10.72746166666667,57.558661666666666,False,219013178,O91 ALBATROS,DNK,da6c7153f-f2c5-0eea-1680-1b7495ccd9f5,2.6446091610024602,71.10572353240956,6.698568,10,,DK00FX113
c5615499c57ec28bd4f4ecd7882a0d5e,2026-03-11T16:58:14.000Z,2026-03-11T23:32:01.000Z,57.5022,10.7427,10.715686666666667,57.397211666666664,10.774378333333333,57.56637666666666,False,266128000,VALKYRIA,SWE,d468b5c99-92d6-ecb7-8c9d-6910f8ebae87,2.6144578302481074,34.8698830888668,3.194773,11,,DK00FX113
92ff63d43ea0ee37309cc3a85b58ca23,2026-03-11T17:01:58.000Z,2026-03-11T23:17:18.000Z,57.473,10.7424,10.720601666666667,57.393233333333335,10.767506666666666,57.53761166666666,False,220279000,FN247 LISTA,DNK,91ecb560d-d2f3-536a-21d5-4c067b410587,2.5343661911051036,32.43757122563843,3.7307259999999998,12,,DK00FX113
ff18cdadad7d71070b22aa94c1ce896a,2026-03-11T17:02:02.000Z,2026-03-11T21:22:27.000Z,57.4939,10.727,10.683316666666666,57.411586666666665,10.757856666666667,57.54829,False,219015617,FN68 FRYDENSTRAND,DNK,d4564638c-c6f0-0ff6-c16f-a07290ebe530,2.659375007264314,22.054743241362736,4.918076,9,,DK00FX113
3b3b372a72de318a160df4fcdcb2cd7b,2026-03-11T17:04:30.000Z,2026-03-11T23:36:02.000Z,57.4744,10.74,10.859536666666656,57.39647166666666,10.683801666666682,57.558746666666664,False,220334000,STINE FN396,DNK,622cca91a-a42d-44fd-7a65-2c944e0e98f8,2.3970414445950423,31.645662001980277,5.504516,11,,DK00FX113
c44c8b82477a8c03b16505e7af6192ac,2026-03-11T17:15:02.000Z,2026-03-12T04:45:17.000Z,57.4687,10.7645,10.737285,57.35765166666667,10.79186,57.57279833333333,False,219006971,FN 220 IDA MARIE,DNK,3b71e97ba-a4ac-6fd8-ac1f-b3ced497dab4,2.4288710009667183,57.722300809454474,5.843249,12,,DK00FX113
c32845f47e879328a1a4983320157c6d,2026-03-11T17:21:12.000Z,2026-03-12T05:02:12.000Z,57.4011,10.7464,10.720463333333333,57.349866666666664,10.772613333333334,57.45872166666667,False,219002005,CHRISTINA KJAER FN81,DNK,58a5008c7-7a90-a74a-7643-3f1b7ad95a77,2.360606089367163,57.66737949331812,7.313953000000001,11,,DK00FX113
03b85cc5b8bcf3e3718fb58c321a1afa,2026-03-11T17:49:26.000Z,2026-03-11T23:03:00.000Z,57.4793,10.7329,10.812016666666665,57.39461166666667,10.695758333333345,57.555835,False,219000855,FN 304 JEGENS,DNK,d0ed2c689-90f7-5229-b411-6a7708083d1c,2.328828851193997,23.439300557114265,3.269279,12,,DK00FX113
6d6797df837c13a8018fa9e4e4a1ea77,2026-03-11T19:36:01.000Z,2026-03-11T23:25:12.000Z,57.4273,10.7348,10.756204999999994,57.33458,10.725695000000002,57.481656666666666,False,219004473,FN283 LIVA,DNK,190232f32-27d8-ebbe-9c29-97b3e922f688,2.0086956740073534,16.791325069261884,8.915777,9,,DK00FX113
28ab2cf336d9a261974b9826184a55ac,2026-03-11T23:16:00.000Z,2026-03-12T05:58:18.000Z,57.4379,10.7342,10.701605,57.35554666666667,10.809143,57.544552,False,219000855,FN 304 JEGENS,DNK,d0ed2c689-90f7-5229-b411-6a7708083d1c,2.3773255935112063,30.57540408601586,6.965017,11,,DK00FX113
13d7a2c27470f2942cedc4094498726c,2026-03-11T23:26:03.000Z,2026-03-12T05:51:18.000Z,57.4425,10.7424,10.756691666666654,57.32973666666667,10.72460000000001,57.52312666666667,False,219012671,CHRISTINA MICHELLE,DNK,4170744e3-3b96-ac45-627e-4c17f442c690,2.5980391878039915,32.848686487428694,8.915777,9,,DK00FX113
f067e461c4043455fdd13a08c81e20ed,2026-03-11T23:26:06.000Z,2026-03-12T06:02:09.000Z,57.465,10.7343,10.700931666666667,57.38627833333334,10.785953333333334,57.53255166666667,False,220279000,FN247 LISTA,DNK,91ecb560d-d2f3-536a-21d5-4c067b410587,2.4169354981953086,32.028383771525455,4.746789,11,,DK00FX113
f970b6223cc5dba93f8b827cb54ee87c,2026-03-12T00:04:25.000Z,2026-03-12T06:28:01.000Z,57.5494,10.6886,10.678566666666667,57.529968333333336,10.70056,57.560245,False,220334000,STINE FN396,DNK,622cca91a-a42d-44fd-7a65-2c944e0e98f8,2.8890965761053975,29.395832970217295,1.111949,6,,DK00FX113
f60dc2face0b477bcc15abc241f685a2,2026-03-14T17:20:45.000Z,2026-03-15T05:55:29.000Z,57.446,10.7384,10.761586999999992,57.34479,10.698048333333332,57.58788166666667,False,219003138,H84 GULDBORG,DNK,757ca9b0e-e2cf-fff6-f4d2-3b00c792efbf,2.343723858892917,58.48710594938639,7.806697,10,,DK00FX113
e28738f3e7b2fb3656ebd1ccc8a8195b,2026-03-15T16:51:36.000Z,2026-03-15T21:09:37.000Z,57.3937,10.7587,10.738116666666667,57.343915,10.774235000000001,57.453005,False,219003138,H84 GULDBORG,DNK,757ca9b0e-e2cf-fff6-f4d2-3b00c792efbf,2.327167631229223,22.31611740272078,7.988721,10,,DK00FX113
fedcceb505d5b2844bedfea815021a61,2026-03-15T21:25:31.000Z,2026-03-16T00:14:24.000Z,57.4721,10.7215,10.707841666666667,57.41147,10.741848,57.524631666666664,False,219003138,H84 GULDBORG,DNK,757ca9b0e-e2cf-fff6-f4d2-3b00c792efbf,2.473026312652388,14.654774321648036,3.194007,10,,DK00FX113
dd29d56e345076694d3e32d16b7de2f1,2026-03-16T17:43:10.000Z,2026-03-16T22:14:05.000Z,57.4006,10.7492,10.769274999999993,57.35621166666667,10.721271666666667,57.45435833333333,False,219015617,FN68 FRYDENSTRAND,DNK,d4564638c-c6f0-0ff6-c16f-a07290ebe530,2.3826254934475206,21.54152539268672,5.5597460000000005,11,,DK00FX113
690fa18c371264866179793d4473e81a,2026-03-16T18:06:34.000Z,2026-03-16T20:43:24.000Z,57.3715,10.7626,10.737801666666666,57.341835,10.788681666666667,57.410896666666666,False,219003138,H84 GULDBORG,DNK,757ca9b0e-e2cf-fff6-f4d2-3b00c792efbf,2.3824817516507895,13.061953567452342,7.988721,10,,DK00FX113
406c645f39e59341dc0669d6422a7579,2026-03-16T18:57:28.000Z,2026-03-16T21:37:19.000Z,57.3716,10.7519,10.738021666666667,57.34605333333333,10.774921666666666,57.40137166666667,False,266095000,RAN,SWE,21d81c26e-eefc-fe99-0788-0f588f088183,2.4566433796515827,12.757160556983159,6.909789,11,,DK00FX113
652c0de7148470b0b1a0a79572e7c4a2,2026-03-18T09:13:10.000Z,2026-03-18T10:26:09.000Z,57.3738,10.7458,10.731864999999999,57.342758333333336,10.761455,57.407408333333336,False,219021235,HAVFISKEN,DNK,f770e03eb-b317-8f20-fb64-b93d0f9e4c82,3.429166677511399,7.689908004075113,8.144656,11,,DK00FX113
accbba4e3a820e9adf6b504d250889ac,2026-03-19T09:19:00.000Z,2026-03-19T09:45:51.000Z,57.3458,10.7533,10.747298333333333,57.344638333333336,10.75986,57.35083,False,219021235,HAVFISKEN,DNK,f770e03eb-b317-8f20-fb64-b93d0f9e4c82,1.4875000106791654,1.2752410131374898,7.875449,10,,DK00FX113
e71a4598eb81a266b232feec1ee67ca8,2026-03-19T09:58:10.000Z,2026-03-19T11:50:09.000Z,57.495,10.7329,10.746728333333323,57.457535,10.71971666666667,57.525886666666665,False,219003066,FN224 LAERKE VINTHER,DNK,e4e1b2fbf-fa41-ab51-bc90-da92977735d6,2.4126126288293723,8.868146284756333,2.5250459999999997,9,,DK00FX113
9d942eefd766e1eaad724579550f7721,2026-03-23T13:46:15.000Z,2026-03-23T16:14:07.000Z,57.2854,10.6744,10.68797166666667,57.278605,10.655143333333342,57.29085333333333,False,219003138,H84 GULDBORG,DNK,757ca9b0e-e2cf-fff6-f4d2-3b00c792efbf,0.665217391498711,2.5088089907143827,10.586931,9,555641546,DK00FX113
e411ffd60702ef7913b4b9bab730e099,2026-03-23T16:42:52.000Z,2026-03-23T21:58:01.000Z,57.4367,10.7416,10.722301666666667,57.315133333333335,10.767713333333333,57.51208666666667,False,219003138,H84 GULDBORG,DNK,757ca9b0e-e2cf-fff6-f4d2-3b00c792efbf,2.2561181440635076,24.37063379121436,10.447040999999999,9,,DK00FX113
5e6b02fb4f353f7fd50c74370dba6a0a,2026-03-23T22:30:34.000Z,2026-03-23T23:06:14.000Z,57.5148,10.6257,10.599328333333334,57.51021,10.65334,57.51745,False,219003138,H84 GULDBORG,DNK,757ca9b0e-e2cf-fff6-f4d2-3b00c792efbf,2.9971428639548177,3.356329937723652,3.543453,2,555543258;555557024;555522471,DK00FX113
4e781362ec8896fc58f8d31f8bf6d778,2026-03-24T07:07:12.000Z,2026-03-24T07:57:01.000Z,57.4364,10.5512,10.545605,57.433193333333335,10.556475,57.43921666666667,False,316014240,SIVULLIQ,CAN,5727eff33-398a-9e7a-d779-4f42f0c7149b,1.0901960838659137,1.7856640546032445,0,1,,DK00FX113
c46cc07aef92603c516c5b50e0f55d81,2026-04-02T13:52:29.000Z,2026-04-02T15:48:24.000Z,57.3609,10.6752,10.733028333333323,57.280588333333334,10.62999666666667,57.419158333333336,False,219015338,STRANDER-   ND17,DNK,9b4995ca8-85f2-6901-29c4-4c410813010d,4.687500025544849,16.601036273240485,11.631358,8,555790713;555641546,DK00FX113
c775132f74149ad21b5badfc7b3adab2,2026-04-04T04:18:21.000Z,2026-04-04T05:12:57.000Z,57.6464,10.5796,10.58359999999999,57.639583,10.574806999999993,57.660352,False,219220156,S 543 TAHA,DNK,0a0df7dd4-43c4-b65d-97d8-26c779cb2248,2.7088888888888887,4.875777082086164,1.628768,6,,DK00FX113
6346768f534a392222a3e0eb8233e078,2026-04-06T15:37:11.000Z,2026-04-06T21:16:26.000Z,57.6345,10.6854,10.685816666666653,57.63337166666667,10.682649999999995,57.635395,False,259127000,TP PERSEVERANCE,NOR,5513f7a4b-b3ac-e9e0-1b61-2fbef83b2226,0.14804469552619498,1.656514637064574,1.111949,11,,DK00FX113
ff5fd318e5e6dca4695202d2efaf0860,2026-04-07T15:26:15.000Z,2026-04-07T17:40:16.000Z,57.4041,10.7372,10.730266666666667,57.37817,10.742226666666667,57.444176666666664,False,219003066,FN224 LAERKE VINTHER,DNK,e4e1b2fbf-fa41-ab51-bc90-da92977735d6,1.9694029870095544,7.946381725429602,4.1075420000000005,12,,DK00FX113
dd91930b79e5f8d2b7abd42dd4998b89,2026-04-07T17:44:14.000Z,2026-04-07T22:47:14.000Z,57.521,10.7507,10.730293333333334,57.446925,10.833061666666667,57.58329166666667,False,219001149,FN322 SYRODDE,DNK,cae32f866-6c3f-fef4-9820-f0fe9809346b,2.6016501766620315,26.242988880887314,3.726788,9,,DK00FX113
c0af53b435475e77b28f73e4e49cdaed,2026-04-07T18:08:17.000Z,2026-04-07T23:19:07.000Z,57.5302,10.7568,10.783133333333325,57.46072,10.709933333333339,57.584043333333334,False,219015617,FN68 FRYDENSTRAND,DNK,d4564638c-c6f0-0ff6-c16f-a07290ebe530,2.3794117707734803,28.35378335376291,2.30288,11,,DK00FX113
cd6d66b7f655af30014417a1576106c3,2026-04-12T04:52:32.000Z,2026-04-12T05:32:34.000Z,57.4419,10.7087,10.709928333333323,57.434853333333336,10.70768000000001,57.45841333333333,False,257139000,JOHAN HJORT,NOR,566a160b4-465c-7cca-926d-0cc81731e1a9,2.8921052484135874,3.3215970265525696,3.19324,9,,DK00FX113
6a99edb0ec48175e6083dc319a0d3e16,2026-04-12T05:49:25.000Z,2026-04-12T08:26:00.000Z,57.6842,10.343,10.353350000000006,57.675956666666664,10.306348333333347,57.687435,False,219004596,RS 64 ELSE,DNK,488cffdeb-be71-3d73-2acf-35f6d31bb4c4,0.7269999962300064,3.7690588450237548,11.082718999999999,2,555557161;555522470,DK00FX113
264a1ec6d716715ca51407bbeb30c0ef,2026-04-16T06:55:42.000Z,2026-04-16T08:11:48.000Z,57.4911,10.5849,10.561997,57.478178,10.607538,57.503742,True,219007115,,DNK,3493c881a-adf9-2f07-9abf-79eb85e612d8,4.6722222222222225,8.436017591774604,1.6328420000000001,2,555538085;349827;555557024;555522471;67881;555543258,DK00FX113
18ceea73e5ebf2a51de102c267195879,2026-04-16T23:26:22.000Z,2026-04-17T02:59:01.000Z,57.4282,10.7288,10.704563333333333,57.35577833333333,10.76229,57.48466166666667,False,219015617,FN68 FRYDENSTRAND,DNK,d4564638c-c6f0-0ff6-c16f-a07290ebe530,2.22681565158194,15.746275007725792,6.965017,11,,DK00FX113
ce154b0a442156bbdb481d46fe06a9bc,2026-04-19T07:30:29.000Z,2026-04-19T08:59:02.000Z,57.4825,10.5804,10.598186999999996,57.464925,10.537697000000009,57.492435,True,219007115,,DNK,3493c881a-adf9-2f07-9abf-79eb85e612d8,3.2833333333333337,7.199425225440003,2.5250459999999997,3,349827;555557024;555522471;555543258;555538085;67881,DK00FX113
604f4b020b813b121295d5e3675b404e,2026-04-19T08:39:30.000Z,2026-04-19T09:55:11.000Z,57.6164,10.5429,10.538143333333334,57.60344166666667,10.549198333333333,57.62831666666667,False,219021235,HAVFISKEN,DNK,f770e03eb-b317-8f20-fb64-b93d0f9e4c82,2.6285714360026557,6.785440465469934,5.339302,6,,DK00FX113
5c9278f6fa1176d634c5eed2c5333879,2026-04-19T10:15:10.000Z,2026-04-19T11:39:30.000Z,57.5889,10.5634,10.560196666666666,57.57418666666667,10.56654,57.601255,False,219021235,HAVFISKEN,DNK,f770e03eb-b317-8f20-fb64-b93d0f9e4c82,2.2835294132723525,5.887610487299921,7.3065940000000005,7,,DK00FX113
79d3ccd0e5e090ffff146557210c910d,2026-04-19T11:55:03.000Z,2026-04-19T12:53:09.000Z,57.5781,10.616,10.615706666666666,57.56580833333334,10.616576666666667,57.592501666666664,False,219021235,HAVFISKEN,DNK,f770e03eb-b317-8f20-fb64-b93d0f9e4c82,1.6983050845437129,3.051126540670227,6.6128029999999995,8,,DK00FX113
e5800e13c5c6dc9cdb882881bee74357,2026-04-19T13:35:12.000Z,2026-04-19T14:30:08.000Z,57.4901,10.6726,10.68005333333332,57.482933333333335,10.663756666666671,57.50165,False,219021235,HAVFISKEN,DNK,f770e03eb-b317-8f20-fb64-b93d0f9e4c82,1.8722222287345813,3.3183839099765087,0,5,,DK00FX113
9a6210e3a761bb6cd078a7e139bd5112,2026-04-19T15:13:08.000Z,2026-04-19T16:08:17.000Z,57.5817,10.5623,10.559398333333334,57.562983333333335,10.57224,57.595545,False,219021235,HAVFISKEN,DNK,f770e03eb-b317-8f20-fb64-b93d0f9e4c82,3.3018518167513378,5.633353057546101,8.334408999999999,6,,DK00FX113
db072653e6b1272128d1036078890491,2026-04-20T08:43:16.000Z,2026-04-20T12:33:02.000Z,57.6038,10.537,10.512476666666666,57.577215,10.563485,57.63336666666667,False,219021235,HAVFISKEN,DNK,f770e03eb-b317-8f20-fb64-b93d0f9e4c82,2.385152841238995,16.847748172727318,4.896394,5,,DK00FX113
b052984ee72294aa23c39b947bb180da,2026-04-22T06:01:09.000Z,2026-04-22T13:56:10.000Z,57.5975,10.537,10.526683333333333,57.57752833333333,10.549735,57.62049666666667,False,219021235,HAVFISKEN,DNK,f770e03eb-b317-8f20-fb64-b93d0f9e4c82,3.1313978378170275,44.852044549025344,6.06341,6,,DK00FX113
877b1d76160b2a6a63918f9307a3ac13,2026-04-22T14:12:09.000Z,2026-04-22T15:47:11.000Z,57.5965,10.5429,10.556268333333321,57.58414166666667,10.531643333333335,57.61638666666666,False,219021235,HAVFISKEN,DNK,f770e03eb-b317-8f20-fb64-b93d0f9e4c82,2.731250000807146,7.994081847538178,6.3073879999999996,8,,DK00FX113
60f9904bcc9b4847f5081a42e4e241c7,2026-04-22T15:58:09.000Z,2026-04-22T16:23:10.000Z,57.5947,10.5325,10.529721666666667,57.585071666666664,10.536698333333334,57.60682166666667,False,219021235,HAVFISKEN,DNK,f770e03eb-b317-8f20-fb64-b93d0f9e4c82,3.1846153552715593,2.454297392452873,5.95976,6,,DK00FX113
5f1026af3c70865a5c7895e1eb691e5a,2026-04-22T16:39:10.000Z,2026-04-22T17:03:10.000Z,57.6085,10.5403,10.535023333333333,57.596981666666665,10.544285,57.617693333333335,False,219021235,HAVFISKEN,DNK,f770e03eb-b317-8f20-fb64-b93d0f9e4c82,3.1799999904632568,2.369407400531204,5.339302,6,,DK00FX113
c42b3c6e96c1e43695c50489c0a7dbfa,2026-04-23T04:50:10.000Z,2026-04-23T14:55:09.000Z,57.5962,10.5285,10.546279999999996,57.573949999999996,10.516488333333342,57.618655,False,219021235,HAVFISKEN,DNK,f770e03eb-b317-8f20-fb64-b93d0f9e4c82,2.870627050217329,53.08170216012054,7.491384,7,,DK00FX113
c3be5a4ab6a33823bdb61a9fc3730598,2026-04-24T03:10:03.000Z,2026-04-24T03:31:02.000Z,57.5692,10.742,10.739236666666667,57.568475,10.74589,57.570326666666666,False,219015617,FN68 FRYDENSTRAND,DNK,d4564638c-c6f0-0ff6-c16f-a07290ebe530,1.5227272788232025,0.5415198144561576,6.6128029999999995,12,,DK00FX113
99ce64f40a23d6d2cdee531adceb2442,2026-04-24T05:48:09.000Z,2026-04-24T14:02:10.000Z,57.5962,10.5349,10.550948333333338,57.58011,10.524436666666674,57.620405,False,219021235,HAVFISKEN,DNK,f770e03eb-b317-8f20-fb64-b93d0f9e4c82,2.7347474690639615,41.13887140305875,6.609612,7,,DK00FX113
4069d10c5f09fc45b15d8305722c1042,2026-04-29T08:15:01.000Z,2026-04-29T08:48:07.000Z,57.497,10.5316,10.54254499999999,57.49520166666667,10.528070000000014,57.49899166666667,True,219010207,S10 CHRISTINA,DNK,d1956c75e-ece8-c306-b7e3-fd4f98489c58,1.0294117638293434,1.0822785908347703,2.109462,3,555522471;555557024;67881;555543258;555538085,DK00FX113
a9813542dd8408c68427b3b504601f4f,2026-04-29T15:08:15.000Z,2026-04-29T16:42:13.000Z,57.464,10.667,10.675446999999991,57.446582,10.651922000000013,57.494333,False,219016142,SCANDOLA,DNK,556e31242-2034-945a-58ba-4ffd0d256e02,2.0379310344827584,3.021518714641407,2.223899,7,,DK00FX113
ae4e1a98f16b2d481dd60a14635ad5a2,2026-04-29T17:00:33.000Z,2026-04-29T17:39:31.000Z,57.4691,10.5906,10.59857199999999,57.46729,10.573370000000011,57.471933,True,219016142,SCANDOLA,DNK,556e31242-2034-945a-58ba-4ffd0d256e02,0.7428571428571428,0.5236184020334631,1.6328420000000001,3,349827;555557024;67881;555522471;555538085;555543258,DK00FX113
3efb72ccff8472a084c3976b031b7667,2026-05-01T19:27:05.000Z,2026-05-03T18:22:04.000Z,57.6817,10.6515,10.653098333333332,57.680681666666665,10.649990000000003,57.682445,False,259272000,HAVSTRAUM,NOR,874a7f482-23d9-2893-141d-b8707216e2a9,0.06827309308760615,1.7174257047881303,0,6,,DK00FX113
0da049eef005069ba6b7ef4d736df9fe,2026-05-02T09:29:54.000Z,2026-05-02T11:58:30.000Z,57.6857,10.6006,10.574763,57.65779,10.652703,57.720295,False,219220156,S 543 TAHA,DNK,0a0df7dd4-43c4-b65d-97d8-26c779cb2248,3.4662500000000005,14.43799364437193,1.189657,4,,DK00FX113
206473feaf6f017df3d3be3ae2b48a51,2026-05-03T03:33:28.000Z,2026-05-03T07:15:11.000Z,57.6225,10.5135,10.591892999999999,57.58696166666667,10.428095000000013,57.689258,False,219220156,S 543 TAHA,DNK,0a0df7dd4-43c4-b65d-97d8-26c779cb2248,3.253061222908449,17.343330279411145,4.604572,9,,DK00FX113
4ff30a29e5405364d11c280e3d0a747d,2026-05-03T12:15:46.000Z,2026-05-03T14:11:36.000Z,57.4955,10.5544,10.606542999999988,57.475947,10.510784999999998,57.50352,True,219007115,HANNE F,DNK,7841f827e-e271-06fc-f4e8-f4f875ec7202,3.9476190476190465,8.955690194895277,0.597777,2,349827;555543258;555538085;67881;555522471;555557024,DK00FX113
d5deea6beea637f2fe2ef4294b5fd2fe,2026-05-03T23:41:41.000Z,2026-05-04T01:53:02.000Z,57.5679,10.7363,10.68805,57.534913333333336,10.767568333333333,57.603406666666665,False,219015617,FN68 FRYDENSTRAND,DNK,d4564638c-c6f0-0ff6-c16f-a07290ebe530,2.351127822596326,9.629172506048846,1.262097,6,,DK00FX113
a5619ab8e462a63e04778ae604ae0fcf,2026-05-08T07:07:10.000Z,2026-05-08T07:30:00.000Z,57.5199,10.5691,10.563626666666666,57.516823333333335,10.575251666666666,57.52310833333333,True,219024715,FRU LUNDSGAARD SG 17,DNK,90127c090-07a8-9d1b-f1f7-67079141c112,2.1666666530072685,1.5373226049126463,4.477622,3,555522471;555543258;555557024,DK00FX113
65aa8a4f54de695937d9dd56ae7254c6,2026-05-08T17:59:00.000Z,2026-05-08T19:01:16.000Z,57.4746,10.5412,10.530402,57.469247,10.55053,57.478022,True,219016142,SCANDOLA,DNK,556e31242-2034-945a-58ba-4ffd0d256e02,0.8259259259259262,1.8479662758978634,0.5979410000000001,1,67881;555538085;555522471;555557024;555543258,DK00FX113
45d0209b227a33ceaf85c41ad9f8a86b,2026-05-09T18:03:57.000Z,2026-05-09T18:49:57.000Z,57.4708,10.55,10.551526999999993,57.465452,10.547435000000007,57.475437,True,219016142,SCANDOLA,DNK,556e31242-2034-945a-58ba-4ffd0d256e02,0.635,1.1443065773279861,0.5979410000000001,2,67881;555543258;555538085;555557024;555522471,DK00FX113
e7c23c256b8e965304a1b80096b907ee,2026-05-10T18:44:24.000Z,2026-05-11T03:33:12.000Z,57.4675,10.7312,10.782199999999989,57.38937333333333,10.696699999999993,57.533865,False,219004119,FN 408 KENJA,DNK,a66a343a0-067b-549a-e066-e3fbe976aadd,2.217226900598577,35.061087922583674,2.303178,13,,DK00FX113
aa0d78f46f7685dbc5602c239796f2a2,2026-05-10T19:10:21.000Z,2026-05-11T03:27:02.000Z,57.4429,10.7381,10.760504999999995,57.341681666666666,10.724846666666679,57.52535,False,219005866,FN 72 NEBRASKA,DNK,4d50ffa58-835c-b38b-5f5d-84807d6929d5,2.5841409743226023,39.57652615584345,7.806697,10,,DK00FX113
ed853dd8514b6d4315d357e495675be3,2026-05-11T18:51:36.000Z,2026-05-11T23:25:54.000Z,57.4441,10.729,10.756653333333333,57.3471,10.71755166666668,57.52213833333333,False,219003138,H84 GULDBORG,DNK,757ca9b0e-e2cf-fff6-f4d2-3b00c792efbf,2.464864862931741,20.357893956353482,6.698568,10,,DK00FX113
83b181d665d066f825086858004796b0,2026-05-11T19:08:02.000Z,2026-05-11T23:15:11.000Z,57.4449,10.7334,10.719888333333333,57.36175166666666,10.761728333333334,57.517705,False,219005866,FN 72 NEBRASKA,DNK,4d50ffa58-835c-b38b-5f5d-84807d6929d5,2.4083681900880336,18.62157250390944,6.31591,11,,DK00FX113
4e862f98e077faff7d789ed2b490aea1,2026-05-11T23:26:01.000Z,2026-05-12T03:20:22.000Z,57.428,10.7422,10.765818333333328,57.343498333333336,10.722753333333344,57.506728333333335,False,219005866,FN 72 NEBRASKA,DNK,4d50ffa58-835c-b38b-5f5d-84807d6929d5,2.545930225402115,18.804788964923212,7.783645000000001,9,,DK00FX113
4121ad61cf0f2b0916888e0716f4ed4c,2026-05-12T00:24:32.000Z,2026-05-12T03:19:26.000Z,57.46,10.7409,10.763186666666655,57.38728833333333,10.736076666666662,57.49395333333333,False,219003138,H84 GULDBORG,DNK,757ca9b0e-e2cf-fff6-f4d2-3b00c792efbf,2.3307692454411435,12.234534649740697,2.303178,13,,DK00FX113
3337c0f38fb91c3debbabaae1e2c6f52,2026-05-12T00:43:23.000Z,2026-05-12T03:10:13.000Z,57.3978,10.7411,10.729533333333332,57.34614833333333,10.755578333333334,57.43930666666667,False,219004473,FN283 LIVA,DNK,190232f32-27d8-ebbe-9c29-97b3e922f688,2.2666666880249977,10.57101746770264,7.089446,11,,DK00FX113
a8f85addf294d711dc49e74eda6b3329,2026-05-12T17:54:00.000Z,2026-05-13T03:16:16.000Z,57.527,10.762,10.720015,57.374896666666665,10.854841666666667,57.61625166666666,False,219015617,FN68 FRYDENSTRAND,DNK,d4564638c-c6f0-0ff6-c16f-a07290ebe530,2.360086766683745,40.67043999754522,5.362871,12,,DK00FX113
06d72a6a7a74e1b8aae38ff92c6e46ac,2026-05-12T18:57:52.000Z,2026-05-13T02:53:59.000Z,57.5395,10.7649,10.744211666666667,57.41305666666667,10.80923,57.63245333333333,False,219024715,FRU LUNDSGAARD SG 17,DNK,90127c090-07a8-9d1b-f1f7-67079141c112,2.423867098514407,33.84404556776138,1.63428,12,,DK00FX113
646b765194ef0e436d266bcf8cd6e9b3,2026-05-12T19:09:55.000Z,2026-05-13T03:25:44.000Z,57.4608,10.74,10.82265666666666,57.36801333333333,10.721779999999995,57.52943333333333,False,219003138,H84 GULDBORG,DNK,757ca9b0e-e2cf-fff6-f4d2-3b00c792efbf,2.3575289689550982,36.51729869952168,5.362871,10,,DK00FX113
12d66043921f40b20bf5ea3335ea1598,2026-05-14T01:17:00.000Z,2026-05-14T01:50:01.000Z,57.5147,10.5346,10.537128333333328,57.512785,10.532476666666668,57.516635,True,219015617,FN68 FRYDENSTRAND,DNK,d4564638c-c6f0-0ff6-c16f-a07290ebe530,1.0823529336382363,0.8910289660472452,2.856264,3,555543258;555522471;555557024,DK00FX113
949b9b51ccb34976f75b42990a0beb3d,2026-05-14T04:38:00.000Z,2026-05-16T12:30:01.000Z,57.4927,10.5053,10.505611666666653,57.492415,10.505044999999996,57.492848333333335,False,219904000,KATRINE O 111,DNK,1740995e6-623a-c1a5-cb82-31c353e8c37a,0.0005007824800756994,0.7371630042431869,0,2,,DK00FX113
2c06e74ff64c783dca5a730cb80dca21,2026-05-14T04:40:06.000Z,2026-05-14T05:54:05.000Z,57.5044,10.5372,10.525816666666667,57.501785,10.569691666666667,57.50776333333334,True,219003066,FN224 LAERKE VINTHER,DNK,e4e1b2fbf-fa41-ab51-bc90-da92977735d6,1.5266666566332179,3.548223238787029,1.632363,3,555522471;555557024;555543258,DK00FX113
fee3399d34fb9e4fe97e0f33dd69b976,2026-05-14T05:16:02.000Z,2026-05-14T06:26:03.000Z,57.4959,10.5253,10.514108333333333,57.488185,10.555023333333333,57.511691666666664,True,219003138,H84 GULDBORG,DNK,757ca9b0e-e2cf-fff6-f4d2-3b00c792efbf,1.7774647902434977,3.794602859745506,0,2,67881;555543258;555538085;555557024;555522471,DK00FX113
8531ff9ae2d7893f1a04cbfa1c25d851,2026-05-16T14:39:12.000Z,2026-05-16T15:26:59.000Z,57.4587,10.5539,10.549298,57.453442,10.55774,57.467647,True,219016142,SCANDOLA,DNK,556e31242-2034-945a-58ba-4ffd0d256e02,0.7857142857142857,0.9106423889640234,1.111949,1,555557024;67881;555522471;555538085;555543258,DK00FX113
eb0fb12474a2f3264ada52e042e3e71c,2026-05-16T18:51:00.000Z,2026-05-17T03:01:03.000Z,57.4966,10.757,10.72455,57.37258833333333,10.783875,57.58097,False,219904000,KATRINE O 111,DNK,1740995e6-623a-c1a5-cb82-31c353e8c37a,2.501018310879977,37.67396702890493,5.362871,12,,DK00FX113
4e5d0458b581c256a30b073b436f4bd4,2026-05-20T19:01:51.000Z,2026-05-21T03:13:22.000Z,57.6119,10.7447,10.642915,57.51223,10.862878333333333,57.71093333333334,False,219005954,BELLA-EMIL,DNK,452637753-32e2-e9d8-8651-7e3396324805,2.527616283401501,37.56578911742191,2.389145,3,555543209;555557022;555522504,DK00FX113
1cef8cd485bfc0eb3f5c33e75311b6f5,2026-05-21T19:19:02.000Z,2026-05-22T03:22:05.000Z,57.3937,10.7363,10.714221666666667,57.327585,10.77214,57.46178666666667,False,219004119,FN 408 KENJA,DNK,a66a343a0-067b-549a-e066-e3fbe976aadd,2.182851238191622,32.098919152578304,9.595481,10,,DK00FX113
6b586bec854dddf50c78da508053be6a,2026-05-21T19:30:02.000Z,2026-05-21T23:13:02.000Z,57.4272,10.7321,10.721148333333334,57.34650666666667,10.756008333333334,57.494508333333336,False,219005866,FN 72 NEBRASKA,DNK,4d50ffa58-835c-b38b-5f5d-84807d6929d5,2.4767857137801395,17.477555895735204,7.313953000000001,11,,DK00FX113
8267f8daaa2426c080d2593e6a0553d8,2026-05-21T19:32:00.000Z,2026-05-21T22:06:01.000Z,57.4998,10.7381,10.724291666666666,57.44808333333334,10.764048333333333,57.55130666666667,False,219015617,FN68 FRYDENSTRAND,DNK,d4564638c-c6f0-0ff6-c16f-a07290ebe530,2.8193548364023995,11.876133422441681,3.266403,8,,DK00FX113
7d0560b7316e3c274fb58a510f55b49a,2026-05-21T22:18:02.000Z,2026-05-21T23:02:02.000Z,57.5746,10.7659,10.76633666666666,57.55935,10.765693333333331,57.589115,False,219015617,FN68 FRYDENSTRAND,DNK,d4564638c-c6f0-0ff6-c16f-a07290ebe530,2.961764689754037,2.482488635425565,6.973679,12,,DK00FX113
a4a78ef58c62498793142fec5c139383,2026-05-21T23:22:01.000Z,2026-05-22T03:03:12.000Z,57.411,10.7361,10.718045,57.3488,10.763448333333333,57.484651666666664,False,219005866,FN 72 NEBRASKA,DNK,4d50ffa58-835c-b38b-5f5d-84807d6929d5,2.3472973023180477,17.442291111220282,7.313953000000001,11,,DK00FX113
7c18c6987fe61a8605e399f0a492bbe5,2026-05-22T09:08:17.000Z,2026-05-22T09:59:16.000Z,57.2342,10.7219,10.719215,57.229817,10.723658,57.236758,False,219220156,S 543 TAHA,DNK,0a0df7dd4-43c4-b65d-97d8-26c779cb2248,2.56,3.3752585077176747,14.324991,9,555790713,DK00FX113
ca66a6a12c961001df13ee09f995fe87,2026-05-22T19:09:43.000Z,2026-05-23T03:02:39.000Z,57.5779,10.6723,10.629683333333332,57.51318333333333,10.755365,57.6205,False,219005954,BELLA-EMIL,DNK,452637753-32e2-e9d8-8651-7e3396324805,2.5261363404040984,36.195510858088134,2.986431,2,,DK00FX113
4e40d0fc1f38296f9a52ef2b3949349f,2026-05-22T19:21:11.000Z,2026-05-23T03:22:03.000Z,57.4061,10.7326,10.714365,57.33432,10.763391666666667,57.47343166666667,False,219004119,FN 408 KENJA,DNK,a66a343a0-067b-549a-e066-e3fbe976aadd,2.209999987669288,32.306681865462856,9.595481,10,,DK00FX113
beb31d02a6ecf5e21613726fbc33fec3,2026-05-22T19:25:01.000Z,2026-05-22T23:06:01.000Z,57.4231,10.7318,10.71873,57.34412,10.756951666666666,57.49142833333333,False,219005866,FN 72 NEBRASKA,DNK,4d50ffa58-835c-b38b-5f5d-84807d6929d5,2.509909862487971,17.086172880330885,8.340860000000001,10,,DK00FX113
fb820cdda5edf6e107636e12e17ca3ef,2026-05-22T23:18:02.000Z,2026-05-23T02:52:00.000Z,57.4111,10.7388,10.759573333333321,57.35485833333333,10.724331666666671,57.482911666666666,False,219005866,FN 72 NEBRASKA,DNK,4d50ffa58-835c-b38b-5f5d-84807d6929d5,2.354883711559828,15.560157229460138,6.698568,10,,DK00FX113
055f9f1ed90cf272b35d9a62b01cdbf3,2026-05-23T19:21:06.000Z,2026-05-24T03:33:06.000Z,57.537,10.7175,10.671328333333333,57.416826666666665,10.78247,57.60259333333333,False,219006971,FN 220 IDA MARIE,DNK,3b71e97ba-a4ac-6fd8-ac1f-b3ced497dab4,2.3916836004349102,36.20133694469743,5.388828,8,,DK00FX113
b7c6626a43dcd143d4e6f52bf3921558,2026-05-24T05:03:07.000Z,2026-05-24T06:13:07.000Z,57.5014,10.5406,10.559836666666655,57.498995,10.534048333333345,57.51165666666667,True,219005956,STEPHANIE DALSOE,DNK,55d89b91d-d45c-b1c5-7535-608cc4d7d592,1.238028180746126,2.6012969368646837,3.187873,2,555557024;555543258;555522471,DK00FX113
8718117273f697bd2e2c6ff1463780cd,2026-05-24T19:34:08.000Z,2026-05-25T03:26:07.000Z,57.5758,10.7152,10.6931,57.49825166666667,10.759846666666666,57.64698833333333,False,219005956,STEPHANIE DALSOE,DNK,55d89b91d-d45c-b1c5-7535-608cc4d7d592,2.4262156543847624,35.54600901807082,1.111949,5,,DK00FX113
3c3babd35592e58ac0386fc13c0cc8c7,2026-05-24T19:36:02.000Z,2026-05-25T03:11:22.000Z,57.3799,10.7351,10.712361666666666,57.30909,10.763728333333333,57.44482,False,219004119,FN 408 KENJA,DNK,a66a343a0-067b-549a-e066-e3fbe976aadd,2.1914096876388074,31.606580288206136,10.446149,9,,DK00FX113
a92969d22396692fa807e2fd97ad8fe2,2026-05-24T19:40:00.000Z,2026-05-24T23:04:01.000Z,57.4719,10.7461,10.767743333333328,57.40094,10.729575000000011,57.52847833333333,False,220256000,CHARLOTTE P  FN 131,DNK,f9350d74d-d66f-c031-94cd-b0f227dd5a0f,2.4345000018179426,15.075339374924724,1.111949,13,,DK00FX113
fff5cda6b33ecd7286d514c8e2d66bfa,2026-05-24T19:44:06.000Z,2026-05-24T23:02:00.000Z,57.4413,10.7321,10.759863333333328,57.37927833333333,10.712770000000006,57.49758,False,220127000,FN 261 STJERNE,DNK,013ba7567-7f7c-5d39-c59b-1b6822c67083,2.3444444702731237,14.878839331548962,3.38923,12,,DK00FX113
a5b09ea8f60f6be8d83c99fe74fc8895,2026-05-24T20:13:18.000Z,2026-05-24T23:05:00.000Z,57.5786,10.6479,10.6256,57.54318333333333,10.67275,57.604616666666665,False,219005954,BELLA-EMIL,DNK,452637753-32e2-e9d8-8651-7e3396324805,2.5291139079800136,13.38983972921215,3.7221930000000003,5,,DK00FX113
8fdb16fa7d618e8f64439be94cdef68f,2026-05-24T20:18:54.000Z,2026-05-25T01:18:22.000Z,57.4491,10.744,10.735457,57.345343,10.757632,57.535925,False,219012459,HM 67 LOTTI,DNK,cdca9c2b2-2f96-afb2-e67e-976ee9505b4e,2.3891625615763545,22.593189440670074,6.909789,11,,DK00FX113
43a1ba6002bb25dede13d8902b5f93fb,2026-05-24T20:29:01.000Z,2026-05-24T22:06:01.000Z,57.3958,10.7117,10.73394833333333,57.36143833333333,10.693623333333335,57.42935833333333,False,219005866,FN 72 NEBRASKA,DNK,4d50ffa58-835c-b38b-5f5d-84807d6929d5,2.6443298973988014,7.9478335661359925,6.05458,12,,DK00FX113
7d775f9f86f1177e62e18ff0050ad3f7,2026-05-24T22:16:01.000Z,2026-05-25T02:57:02.000Z,57.3965,10.7232,10.761821666666663,57.318736666666666,10.694388333333336,57.45954666666667,False,219005866,FN 72 NEBRASKA,DNK,4d50ffa58-835c-b38b-5f5d-84807d6929d5,2.4202127642031273,22.130728443501923,9.862896000000001,8,,DK00FX113
8a3f74ef8dba742f5892a70a40073462,2026-05-24T23:16:01.000Z,2026-05-25T03:09:01.000Z,57.4411,10.7299,10.713958333333334,57.37651666666667,10.76376,57.51668,False,220256000,CHARLOTTE P  FN 131,DNK,f9350d74d-d66f-c031-94cd-b0f227dd5a0f,2.391025647138939,17.017539980727932,4.904278000000001,11,,DK00FX113
caf723fcb9454feba31c9fd5726a09b8,2026-05-24T23:18:06.000Z,2026-05-25T02:59:02.000Z,57.4174,10.735,10.763939999999991,57.35530833333333,10.708371666666665,57.48441666666667,False,220127000,FN 261 STJERNE,DNK,013ba7567-7f7c-5d39-c59b-1b6822c67083,2.3495495953001413,16.897935917413626,5.591957000000001,11,,DK00FX113
f2beb1fbd5fc2322bc4c3d512683a2e0,2026-05-24T23:19:35.000Z,2026-05-25T01:28:46.000Z,57.5836,10.6505,10.6337,57.55853333333334,10.686066666666667,57.60308333333333,False,219005954,BELLA-EMIL,DNK,452637753-32e2-e9d8-8651-7e3396324805,2.577464755152313,10.46565038512286,5.356025,7,,DK00FX113
657ebaccc634af87a617e7dcb4443938,2026-05-25T02:26:14.000Z,2026-05-25T03:00:25.000Z,57.5149,10.6989,10.703399999999988,57.50885,10.688033333333323,57.525416666666665,False,219005954,BELLA-EMIL,DNK,452637753-32e2-e9d8-8651-7e3396324805,2.0199999883770943,2.1353618236829925,1.194573,6,,DK00FX113
cfb5b7de1773f9a808a18073c0e1af10,2026-05-25T04:34:02.000Z,2026-05-25T05:43:07.000Z,57.5051,10.5364,10.526185,57.500263333333336,10.568708333333333,57.514136666666666,True,219005956,STEPHANIE DALSOE,DNK,55d89b91d-d45c-b1c5-7535-608cc4d7d592,1.672857156502349,3.6854277060854943,1.632363,3,555543258;555522471;555557024,DK00FX113
9f5019cb032c27f083baa640f13063f9,2026-05-25T19:02:00.000Z,2026-05-26T03:24:03.000Z,57.4329,10.7441,10.771224999999987,57.34843333333333,10.721976666666677,57.51193333333333,False,220024000,RI158 LYNGVIG,DNK,7620ffb1d-dd21-b340-ddb8-e38baa4eec93,2.388114795516263,41.455189827942746,6.671696,10,,DK00FX113
8e04c23fb3654daa2d1eb9d7523c244e,2026-05-25T19:11:59.000Z,2026-05-25T23:15:00.000Z,57.4204,10.7194,10.76095833333332,57.343435,10.693801666666673,57.489925,False,219000855,FN 304 JEGENS,DNK,d0ed2c689-90f7-5229-b411-6a7708083d1c,2.4644144339604406,19.99256965261261,7.806697,10,,DK00FX113
dac2e26dda18219e5e72a1fa66b9525a,2026-05-25T19:12:06.000Z,2026-05-25T22:49:03.000Z,57.4077,10.7319,10.710635,57.339635,10.763788333333334,57.469431666666665,False,220127000,FN 261 STJERNE,DNK,013ba7567-7f7c-5d39-c59b-1b6822c67083,2.4029126517402326,15.186024496786441,8.574571,10,,DK00FX113
525f12a2d4716a8103ef7cd84f0dfd83,2026-05-25T19:12:06.000Z,2026-05-26T03:22:05.000Z,57.5781,10.7382,10.692716666666668,57.53001,10.785801666666666,57.6146,False,219006971,FN 220 IDA MARIE,DNK,3b71e97ba-a4ac-6fd8-ac1f-b3ced497dab4,2.3828920775421287,36.74043257003131,1.262097,6,,DK00FX113
cb28faa504bb22535ac4323c8940f3ee,2026-05-25T19:31:47.000Z,2026-05-25T22:55:05.000Z,57.3983,10.7309,10.754518333333323,57.32700333333333,10.712483333333324,57.46322166666667,False,220323000,SLESVIG,DNK,ee2e3f02f-f229-724f-1205-9fbab465e80c,2.5524509411816503,19.67795176254372,8.976055,9,,DK00FX113
dd9d00b84b71c6f90184eb1564d0f588,2026-05-25T19:31:59.000Z,2026-05-26T02:56:18.000Z,57.5116,10.7455,10.772461666666658,57.41675,10.70989666666668,57.58477166666667,False,219001522,SOREN STRANDBY,DNK,56e82f0b6-6312-ba1d-a4e2-6c8834dbd3d8,2.4623873953346727,35.06152381092208,0,12,,DK00FX113
f6edc6daa0c5d84975291a57e7394d14,2026-05-25T19:34:01.000Z,2026-05-26T03:03:03.000Z,57.3879,10.7318,10.708563333333334,57.31776,10.767009999999999,57.451755,False,219004119,FN 408 KENJA,DNK,a66a343a0-067b-549a-e066-e3fbe976aadd,2.187415728207386,30.48804558826481,10.265691,10,,DK00FX113
7f0d13caad8e4c1c876a2284a9306791,2026-05-25T19:36:10.000Z,2026-05-26T03:12:00.000Z,57.5116,10.7513,10.782999999999987,57.427605,10.725220000000007,57.58595,False,219904000,KATRINE O 111,DNK,1740995e6-623a-c1a5-cb82-31c353e8c37a,2.45142231950092,34.34202830491221,1.262872,13,,DK00FX113
2606373425f0b08d15d04a1bd6605917,2026-05-25T19:40:00.000Z,2026-05-25T22:06:01.000Z,57.4446,10.7553,10.767733333333325,57.39375,10.738051666666678,57.494238333333335,False,220256000,CHARLOTTE P  FN 131,DNK,f9350d74d-d66f-c031-94cd-b0f227dd5a0f,2.5301369918535834,11.603433013560526,2.223899,13,,DK00FX113
4e57de1a2c150d392b91a7b3c07033b1,2026-05-25T19:46:22.000Z,2026-05-26T03:03:25.000Z,57.4378,10.7318,10.764233333333323,57.356833333333334,10.683963333333338,57.49207,False,220349000,FN 422 LINA T,DNK,78716bdbe-eae3-1939-1d88-b28723752b4d,2.534131726319205,38.278015974080915,5.591957000000001,11,,DK00FX113
dc6f089e81be10faef86bd06b0c6da75,2026-05-25T19:46:42.000Z,2026-05-26T02:58:13.000Z,57.5278,10.7258,10.753427999999985,57.408255,10.695727000000005,57.607172,False,219012459,HM 67 LOTTI,DNK,cdca9c2b2-2f96-afb2-e67e-976ee9505b4e,2.5905714285714274,33.2331152605466,1.1978440000000001,12,,DK00FX113
1ddda81ff35d5d14afd2b75b842646d6,2026-05-25T19:47:17.000Z,2026-05-26T03:37:04.000Z,57.5765,10.706,10.751554999999996,57.49603666666667,10.681258333333346,57.64633333333333,False,219005956,STEPHANIE DALSOE,DNK,55d89b91d-d45c-b1c5-7535-608cc4d7d592,2.419745254320451,35.165779794949174,1.632363,9,,DK00FX113
9841187f5ddb00382125ebaa3ae8e0bb,2026-05-25T20:04:00.000Z,2026-05-26T03:07:09.000Z,57.5765,10.709,10.687908333333333,57.49807833333333,10.752833333333333,57.640876666666664,False,220359000,SARAH KAJGAARD,DNK,cd281e305-5a5e-9406-1f34-d572865ff7f1,2.4879716910984158,33.49411975975808,1.111949,5,,DK00FX113
2a57f6811ba0bc01d1dc585b91474c0d,2026-05-25T20:27:02.000Z,2026-05-25T23:06:02.000Z,57.4264,10.7178,10.709476666666667,57.371615,10.73363,57.4706,False,219005866,FN 72 NEBRASKA,DNK,4d50ffa58-835c-b38b-5f5d-84807d6929d5,2.381249977461994,12.897493169930645,5.719308,11,,DK00FX113
3ce1e6b0e5379cd6138406dfc88b8411,2026-05-25T22:31:00.000Z,2026-05-25T23:10:01.000Z,57.5194,10.732,10.734424999999987,57.511165,10.727564999999998,57.52463,False,220256000,CHARLOTTE P  FN 131,DNK,f9350d74d-d66f-c031-94cd-b0f227dd5a0f,1.6575000006705525,1.914305207092867,2.986431,8,,DK00FX113
6bd4129e10b66c63a9d501cb6d2683e0,2026-05-25T23:01:06.000Z,2026-05-26T02:52:03.000Z,57.398,10.7281,10.70819,57.32684833333333,10.763223333333332,57.477875,False,220127000,FN 261 STJERNE,DNK,013ba7567-7f7c-5d39-c59b-1b6822c67083,2.5181034420584805,18.084495149875927,9.595481,10,,DK00FX113
4e263d9b0c8e6cccd098e9dd95b0524d,2026-05-25T23:11:09.000Z,2026-05-26T02:09:18.000Z,57.3903,10.7369,10.783861666666667,57.33579833333334,10.719501666666673,57.453745,False,220323000,SLESVIG,DNK,ee2e3f02f-f229-724f-1205-9fbab465e80c,2.590960398905696,16.439334735584968,7.806697,9,,DK00FX113
29b4dd010f79869062a0ea532d27e0bb,2026-05-25T23:18:03.000Z,2026-05-26T02:59:01.000Z,57.3787,10.7375,10.717268333333333,57.31075,10.758765,57.45930666666667,False,219005866,FN 72 NEBRASKA,DNK,4d50ffa58-835c-b38b-5f5d-84807d6929d5,2.5504504463425635,17.48899413682944,11.033520000000001,9,,DK00FX113
bdb800bc804792c169c9833d03969f6d,2026-05-25T23:26:01.000Z,2026-05-26T03:07:00.000Z,57.5368,10.7348,10.756849999999986,57.480891666666665,10.710536666666655,57.58003,False,220256000,CHARLOTTE P  FN 131,DNK,f9350d74d-d66f-c031-94cd-b0f227dd5a0f,2.5265765715021264,17.014268840282345,0.597777,9,,DK00FX113
a56b4444019d5a7e9d84308c3d38cded,2026-05-25T23:26:09.000Z,2026-05-26T02:52:02.000Z,57.413,10.7393,10.763333333333321,57.351418333333335,10.72919166666668,57.48276,False,219000855,FN 304 JEGENS,DNK,d0ed2c689-90f7-5229-b411-6a7708083d1c,2.4053658782563576,15.664953632195706,6.698568,10,,DK00FX113
d6551a7ec52c274c8b9d2ad86bfb295d,2026-05-26T04:33:09.000Z,2026-05-27T10:01:09.000Z,57.4923,10.5053,10.524348333333336,57.492065,10.503105000000005,57.494635,False,219904000,KATRINE O 111,DNK,1740995e6-623a-c1a5-cb82-31c353e8c37a,0.01834532385356992,0.8753484401239761,0.597614,2,555538085;555543258;555522471;555557024;67881,DK00FX113
f059deb45f5b7300a6b63c16138a68f0,2026-05-26T04:38:08.000Z,2026-05-26T06:13:01.000Z,57.5028,10.5298,10.571363333333323,57.49890166666667,10.517166666666668,57.51068,True,219005956,STEPHANIE DALSOE,DNK,55d89b91d-d45c-b1c5-7535-608cc4d7d592,1.5177083425223823,4.370289234914584,3.7248180000000004,1,555522471;555557024;555543258,DK00FX113
a3c3a1e1af0f8648f1087bee77f27c11,2026-05-26T19:17:06.000Z,2026-05-26T22:58:00.000Z,57.4215,10.7278,10.758053333333322,57.356183333333334,10.71007666666668,57.48493,False,220127000,FN 261 STJERNE,DNK,013ba7567-7f7c-5d39-c59b-1b6822c67083,2.469369401534398,16.359722036586398,5.591957000000001,11,,DK00FX113
31aa01f5aa323a4effb424e4f57714f9,2026-05-26T19:19:51.000Z,2026-05-27T02:44:13.000Z,57.3924,10.7299,10.767830000000004,57.31724666666667,10.715325000000007,57.461565,False,219004473,FN283 LIVA,DNK,190232f32-27d8-ebbe-9c29-97b3e922f688,2.4706051892437233,34.97257956781634,9.278793,8,,DK00FX113
e7f374ecdcf0811f3999b3e534b6708b,2026-05-26T19:23:09.000Z,2026-05-27T02:59:05.000Z,57.419,10.7305,10.69086,57.340246666666665,10.768843333333333,57.4921,False,219000855,FN 304 JEGENS,DNK,d0ed2c689-90f7-5229-b411-6a7708083d1c,2.455353075065621,36.25837000329376,9.070634,10,,DK00FX113
776eb4ad99535243ccf01e09c245f137,2026-05-26T19:27:00.000Z,2026-05-27T03:07:00.000Z,57.5737,10.7151,10.683495,57.490685,10.73738,57.647531666666666,False,220256000,CHARLOTTE P  FN 131,DNK,f9350d74d-d66f-c031-94cd-b0f227dd5a0f,2.525162685670591,35.05855939551439,0,5,,DK00FX113
4aad31439652a5c3f42481a615ea51f4,2026-05-26T19:27:02.000Z,2026-05-27T03:28:00.000Z,57.5742,10.7133,10.687558333333333,57.49277,10.75252,57.64952666666667,False,220359000,SARAH KAJGAARD,DNK,cd281e305-5a5e-9406-1f34-d572865ff7f1,2.4902335365644923,38.120648999925294,0,5,,DK00FX113
0ae0e3bb08fc39bc61f34f4581759e6f,2026-05-26T19:29:06.000Z,2026-05-27T02:41:05.000Z,57.3989,10.7361,10.754365000000007,57.31577333333333,10.718766666666681,57.472053333333335,False,220323000,SLESVIG,DNK,ee2e3f02f-f229-724f-1205-9fbab465e80c,2.532563484775004,36.31111075688728,10.079151,8,,DK00FX113
dc21993cc07f00e171ba0b5bdee3f285,2026-05-26T19:38:02.000Z,2026-05-27T03:02:06.000Z,57.4924,10.7354,10.696988333333334,57.394605,10.761897,57.571295,False,220349000,FN 422 LINA T,DNK,78716bdbe-eae3-1939-1d88-b28723752b4d,2.521700872808606,39.53152110313605,4.746789,11,,DK00FX113
b6a991f692f57cad92760183276df1da,2026-05-26T19:38:03.000Z,2026-05-26T23:15:01.000Z,57.4131,10.7247,10.751353333333327,57.33763166666667,10.713008333333335,57.47575833333333,False,219005866,FN 72 NEBRASKA,DNK,4d50ffa58-835c-b38b-5f5d-84807d6929d5,2.405963310380593,17.257995460575042,7.875449,10,,DK00FX113
7e0061e43e6bcb58e81507b73ea8ccc0,2026-05-26T19:42:08.000Z,2026-05-27T03:28:00.000Z,57.5745,10.7045,10.746569999999991,57.492733333333334,10.683611666666678,57.64841333333333,False,219005956,STEPHANIE DALSOE,DNK,55d89b91d-d45c-b1c5-7535-608cc4d7d592,2.5209849843759398,36.23708416588182,1.195227,9,,DK00FX113
e51e4d2ce689bca216d59ab972e07d65,2026-05-26T19:42:17.000Z,2026-05-27T02:58:16.000Z,57.5483,10.7249,10.70009,57.47624666666667,10.746758333333334,57.617111666666666,False,219001522,SOREN STRANDBY,DNK,56e82f0b6-6312-ba1d-a4e2-6c8834dbd3d8,2.5293578048911662,34.06977415277684,0.597777,6,,DK00FX113
977bd2873f4d4e9519eb33ec8376f97c,2026-05-26T19:42:18.000Z,2026-05-26T23:04:07.000Z,57.4172,10.7272,10.750499999999988,57.35111833333333,10.715390000000014,57.484335,False,219001149,FN322 SYRODDE,DNK,cae32f866-6c3f-fef4-9820-f0fe9809346b,2.496517407953442,16.687170056767037,6.778547,11,,DK00FX113
1e20eb73c316609e96c5168dd925cf8c,2026-05-26T19:44:00.000Z,2026-05-27T02:22:00.000Z,57.5408,10.6661,10.658376666666667,57.457256666666666,10.675,57.606485,False,219024715,FRU LUNDSGAARD SG 17,DNK,90127c090-07a8-9d1b-f1f7-67079141c112,2.8067839241507073,28.455776888160802,1.6330820000000001,5,,DK00FX113
8f4978f37165e08bd37e03249cb617eb,2026-05-26T23:09:06.000Z,2026-05-27T02:52:06.000Z,57.4888,10.7051,10.716503333333321,57.42878666666667,10.684403333333336,57.530226666666664,False,220127000,FN 261 STJERNE,DNK,013ba7567-7f7c-5d39-c59b-1b6822c67083,2.4562499975519523,16.752770603459332,2.6402759999999996,10,,DK00FX113
3be3d2336de398eb152f9d592b7b5967,2026-05-26T23:31:03.000Z,2026-05-27T02:54:03.000Z,57.3868,10.7358,10.758589999999998,57.32049333333333,10.716395000000006,57.45910833333333,False,219005866,FN 72 NEBRASKA,DNK,4d50ffa58-835c-b38b-5f5d-84807d6929d5,2.5251231256376934,16.156285104626146,9.862896000000001,8,,DK00FX113
9051a153b45d9a429a2d88fa15a808d3,2026-05-27T03:04:05.000Z,2026-05-27T03:26:05.000Z,57.4312,10.6896,10.703958333333333,57.42969,10.674610000000001,57.43248,False,220127000,FN 261 STJERNE,DNK,013ba7567-7f7c-5d39-c59b-1b6822c67083,2.6739130434782608,1.7882066175113502,3.760231,9,,DK00FX113
8976a782e88704292a565fa98356cafe,2026-05-27T03:30:00.000Z,2026-05-27T04:24:01.000Z,57.4936,10.5198,10.521641666666653,57.49048,10.517493333333334,57.49720333333333,True,219024715,FRU LUNDSGAARD SG 17,DNK,90127c090-07a8-9d1b-f1f7-67079141c112,1.3218181946060872,1.4255542042653986,0.597614,2,555522471;67881;555557024;555538085;555543258,DK00FX113
0253233b294b62ad7fbe3d2d7af57758,2026-05-27T05:10:02.000Z,2026-05-27T05:58:09.000Z,57.4958,10.5383,10.53671,57.49176833333333,10.54105,57.499285,True,219005956,STEPHANIE DALSOE,DNK,55d89b91d-d45c-b1c5-7535-608cc4d7d592,0.6020408199757947,0.8749432623756278,1.7928410000000001,2,555522471;555557024;67881;555538085;555543258,DK00FX113
bfc91215ac8db7a9d07931c069fb65b3,2026-05-27T16:37:17.000Z,2026-05-27T18:09:57.000Z,57.4626,10.5595,10.552192,57.458438,10.566262,57.466715,True,219016142,SCANDOLA,DNK,556e31242-2034-945a-58ba-4ffd0d256e02,0.6279999999999999,1.581189904092061,0.5981040000000001,1,555522471;555543258;555538085;555557024;67881,DK00FX113
24639f57dce2eb143780bbb413b17703,2026-05-27T18:21:04.000Z,2026-05-28T03:03:04.000Z,57.5453,10.7646,10.777389999999997,57.45399,10.724356666666665,57.633761666666665,False,220368000,O 159 RANDI,DNK,23b776e71-126f-9ab4-62f5-3dd2f3acef61,2.5184675630160083,44.30884055586974,3.3890279999999997,12,,DK00FX113
fe4958e23a0d36e423fd01cbaff0ad57,2026-05-27T19:06:07.000Z,2026-05-28T02:42:00.000Z,57.5777,10.6884,10.741739999999993,57.50922666666666,10.66339666666667,57.63778,False,219024715,FRU LUNDSGAARD SG 17,DNK,90127c090-07a8-9d1b-f1f7-67079141c112,2.3316483901097236,32.27050273336633,2.856264,8,,DK00FX113
cf4f782ca3e5ca4d64df105acaa13e88,2026-05-27T19:06:08.000Z,2026-05-27T23:12:12.000Z,57.5345,10.7335,10.763421666666659,57.46225166666667,10.695051666666672,57.60021166666667,False,219006301,FN 308 HELLE LOTTE,DNK,64130f509-9c27-c779-f4bc-cbfaa9ae6e0b,2.174493984896162,16.952937267720937,2.30288,10,,DK00FX113
5febc33bdcc1ad7fea2d136dafee76e2,2026-05-27T19:10:03.000Z,2026-05-28T01:53:00.000Z,57.4715,10.7371,10.719376666666667,57.337555,10.759913333333333,57.596246666666666,False,220024000,RI158 LYNGVIG,DNK,7620ffb1d-dd21-b340-ddb8-e38baa4eec93,2.37007487347893,30.329077954116094,8.340860000000001,10,,DK00FX113
bccc5e275d7a688abfe1d153845448da,2026-05-27T19:27:09.000Z,2026-05-27T23:30:02.000Z,57.4713,10.7285,10.765966666666657,57.39780666666667,10.679671666666678,57.527015,False,219004119,FN 408 KENJA,DNK,a66a343a0-067b-549a-e066-e3fbe976aadd,2.2077868680057473,16.29524265075116,1.111949,13,,DK00FX113
ab20a0a5feaaf17b878db029ca5c693d,2026-05-27T19:42:00.000Z,2026-05-27T23:29:08.000Z,57.5856,10.7133,10.692316666666667,57.510216666666665,10.748161666666666,57.639466666666664,False,220359000,SARAH KAJGAARD,DNK,cd281e305-5a5e-9406-1f34-d572865ff7f1,2.4140350447412118,19.189388890366253,0.597286,5,,DK00FX113
07dc00599def70a2ae59624b89925fa9,2026-05-27T23:24:01.000Z,2026-05-28T02:37:02.000Z,57.5289,10.7122,10.701396666666666,57.47606,10.720998333333334,57.59296,False,219006301,FN 308 HELLE LOTTE,DNK,64130f509-9c27-c779-f4bc-cbfaa9ae6e0b,2.2341969299656133,13.297002781590127,0.597777,6,,DK00FX113
7d741ff5a6a6ded3583622649174162e,2026-05-27T23:39:03.000Z,2026-05-28T03:11:02.000Z,57.4605,10.7235,10.780938333333324,57.41946166666666,10.686858333333333,57.51931666666667,False,219004119,FN 408 KENJA,DNK,a66a343a0-067b-549a-e066-e3fbe976aadd,2.0720378900944336,14.838764180373511,0.598759,13,,DK00FX113
c32c82d3f0266248cfc7391d90ba44ca,2026-05-27T23:39:21.000Z,2026-05-28T02:37:20.000Z,57.5619,10.7457,10.697752,57.520213,10.768412,57.614103,False,219009415,R254 KATRINE-KIM,DNK,cea1fec10-06e2-af1d-75bc-60c4a902f23a,2.327702702702702,13.137096217866837,1.194245,6,,DK00FX113
3d8f553f42823db5791873ba88ea991c,2026-05-27T23:41:23.000Z,2026-05-28T03:05:05.000Z,57.5608,10.7368,10.752041666666656,57.50140666666667,10.723218333333335,57.62981166666667,False,220359000,SARAH KAJGAARD,DNK,cd281e305-5a5e-9406-1f34-d572865ff7f1,2.439800979041342,15.408750271036311,1.632363,9,,DK00FX113
c068544e7cb5df661894ff4836d420d6,2026-05-28T04:16:04.000Z,2026-05-28T04:45:04.000Z,57.4816,10.5787,10.57609,57.478878333333334,10.581128333333334,57.48423666666667,True,220368000,O 159 RANDI,DNK,23b776e71-126f-9ab4-62f5-3dd2f3acef61,0.7566666742165884,0.6714480951957097,2.3911089999999997,2,67881;555522471;555557024;555538085;555543258;349827,DK00FX113
5b148cf7b84c69b876d04f813d29d73e,2026-05-28T04:29:32.000Z,2026-05-28T04:55:28.000Z,57.5104,10.5434,10.55112299999999,57.510147,10.536795000000012,57.51076,True,219012459,HM 67 LOTTI,DNK,cdca9c2b2-2f96-afb2-e67e-976ee9505b4e,1.2357142857142855,0.859493500419704,3.2644859999999998,3,555522471;555557024;555543258,DK00FX113
8e234514b0dfeef2f01fd6f51b8c9455,2026-05-28T04:33:11.000Z,2026-05-28T04:58:14.000Z,57.4975,10.5333,10.531276666666667,57.495403333333336,10.534653333333333,57.500188333333334,True,219001522,SOREN STRANDBY,DNK,56e82f0b6-6312-ba1d-a4e2-6c8834dbd3d8,0.7730769285788904,0.5834483011586133,1.632363,3,67881;555522471;555543258;555557024,DK00FX113
e0e8d5247bd88f8d015c80750f0261fe,2026-05-28T13:29:27.000Z,2026-05-28T13:53:27.000Z,57.2684,10.6633,10.648858,57.264227,10.674082,57.275513,False,219220156,S 543 TAHA,DNK,0a0df7dd4-43c4-b65d-97d8-26c779cb2248,3.4999999999999996,2.20784760073659,10.210854,7,555543150;555556912;555790713;555641546,DK00FX113
290fe51058a9e4242b1733c5d2c5ee7c,2026-05-28T14:22:26.000Z,2026-05-28T15:42:22.000Z,57.2347,10.7219,10.719875,57.23232,10.723385,57.237608,False,219220156,S 543 TAHA,DNK,0a0df7dd4-43c4-b65d-97d8-26c779cb2248,1.5709677419354842,2.39448549099011,14.324991,9,555790713,DK00FX113
8f9a1124c78eb4b6544dacb09d7bf26c,2026-05-28T15:52:14.000Z,2026-05-28T17:33:59.000Z,57.4876,10.569,10.576381999999995,57.484068,10.55999700000001,57.492497,True,219016142,SCANDOLA,DNK,556e31242-2034-945a-58ba-4ffd0d256e02,0.3181818181818181,1.3768391718519626,2.3911089999999997,2,555538085;555522471;67881;349827;555557024;555543258,DK00FX113
a3210fe358258a14969cacb17f58af88,2026-05-28T19:08:00.000Z,2026-05-29T01:31:00.000Z,57.4928,10.6845,10.672603333333333,57.43615,10.70034,57.54929166666667,False,219024715,FRU LUNDSGAARD SG 17,DNK,90127c090-07a8-9d1b-f1f7-67079141c112,2.356020978452022,27.679847930358275,3.3890569999999998,7,,DK00FX113
ad570044ddf5428e7dc17523ef79f42c,2026-05-28T19:40:03.000Z,2026-05-29T03:11:02.000Z,57.4769,10.7172,10.67053,57.423516666666664,10.780003333333333,57.53663,False,219004119,FN 408 KENJA,DNK,a66a343a0-067b-549a-e066-e3fbe976aadd,2.1898229809857055,30.891413559893643,5.388828,8,,DK00FX113
e9d98b8e0826fe867dfc5a101c69e199,2026-05-28T20:14:33.000Z,2026-05-28T23:12:12.000Z,57.6099,10.7053,10.638533333333333,57.56328333333333,10.784166666666666,57.636266666666664,False,219005954,BELLA-EMIL,DNK,452637753-32e2-e9d8-8651-7e3396324805,2.5276922833461026,13.802828664486013,5.047923,7,,DK00FX113
8a3dc79194816834f8fe4a0a10a309d0,2026-05-28T23:26:01.000Z,2026-05-29T02:50:32.000Z,57.5894,10.6788,10.641733333333333,57.543216666666666,10.772543333333333,57.62933,False,219005954,BELLA-EMIL,DNK,452637753-32e2-e9d8-8651-7e3396324805,2.4236263665524165,15.566450833663174,3.263048,5,,DK00FX113
60daeb8b88b183c3ecb940c4c6a69d40,2026-05-29T01:58:00.000Z,2026-05-29T02:42:00.000Z,57.5739,10.6556,10.685861666666653,57.556405,10.630763333333334,57.59076833333334,False,219005956,STEPHANIE DALSOE,DNK,55d89b91d-d45c-b1c5-7535-608cc4d7d592,3.764444430669149,5.524577024694237,4.4876570000000005,9,,DK00FX113
38d7f9a8f2b68054a0a33d8afea79ad1,2026-05-29T03:27:00.000Z,2026-05-29T04:03:09.000Z,57.5111,10.5595,10.556785,57.51007833333333,10.56897,57.515683333333335,True,219005956,STEPHANIE DALSOE,DNK,55d89b91d-d45c-b1c5-7535-608cc4d7d592,1.1621621355817122,1.214416427245213,3.7241619999999998,2,555557024;555543258;555522471,DK00FX113
28c24f4feb2bf3d40c143f9ad31ee9b3,2026-05-29T19:04:16.000Z,2026-05-29T23:23:18.000Z,57.5855,10.7172,10.671291666666667,57.528435,10.755601666666667,57.61971666666667,False,219006971,FN 220 IDA MARIE,DNK,3b71e97ba-a4ac-6fd8-ac1f-b3ced497dab4,2.373895626470267,18.992256089603632,1.262097,6,,DK00FX113
961f5fc85d7adc55a1f6a2dc317462b5,2026-05-29T19:08:40.000Z,2026-05-30T05:09:13.000Z,57.5042,10.7425,10.774286666666654,57.394955,10.721049999999991,57.601218333333335,False,220024000,RI158 LYNGVIG,DNK,7620ffb1d-dd21-b340-ddb8-e38baa4eec93,2.4455497739202685,47.20445548122339,2.223899,13,,DK00FX113
e8951131d9f1abc6c62f9bd38bee333d,2026-05-29T20:21:52.000Z,2026-05-30T02:53:53.000Z,57.5758,10.6491,10.62605,57.5235,10.696705,57.6071,False,219005954,BELLA-EMIL,DNK,452637753-32e2-e9d8-8651-7e3396324805,2.5677811425507597,32.62931339145489,2.985612,3,,DK00FX113
91985f403ee4c56528d8911c734ad2ec,2026-05-29T23:35:05.000Z,2026-05-30T03:14:03.000Z,57.5955,10.7254,10.765999999999991,57.554741666666665,10.667198333333346,57.625256666666665,False,219006971,FN 220 IDA MARIE,DNK,3b71e97ba-a4ac-6fd8-ac1f-b3ced497dab4,2.37625571473004,16.531636789034934,6.323377000000001,11,,DK00FX113
c24b22040c94efabb52e5161c72db23c,2026-05-30T03:49:02.000Z,2026-05-30T04:13:02.000Z,57.488,10.5341,10.525195,57.486398333333334,10.544995,57.48992,True,219006301,FN 308 HELLE LOTTE,DNK,64130f509-9c27-c779-f4bc-cbfaa9ae6e0b,1.7319999837875366,1.2607780716880272,1.195227,2,555538085;555522471;67881;555543258;555557024,DK00FX113
5fbf32962bbf3dc846d142870ffa3d9b,2026-05-30T03:55:15.000Z,2026-05-30T04:21:03.000Z,57.5033,10.5471,10.550916999999998,57.501727,10.54477700000001,57.504473,True,219009415,R254 KATRINE-KIM,DNK,cea1fec10-06e2-af1d-75bc-60c4a902f23a,0.7333333333333334,0.5287650665619235,2.636122,2,555543258;555557024;555522471,DK00FX113
7d1c6b507ae3be173534353400356bde,2026-05-30T06:37:06.000Z,2026-05-30T07:00:00.000Z,57.4918,10.5359,10.54561666666666,57.489938333333335,10.532138333333336,57.492551666666664,True,220024000,RI158 LYNGVIG,DNK,7620ffb1d-dd21-b340-ddb8-e38baa4eec93,1.6583333381762109,1.1313251707181118,2.3028380000000004,2,555557024;555543258;555522471;555538085;67881,DK00FX113
3e601b5d6faf7cfe2e8247d7b79e8e0f,2026-05-30T19:29:06.000Z,2026-05-30T23:23:07.000Z,57.5917,10.7187,10.757591666666656,57.544016666666664,10.66819000000001,57.623016666666665,False,219006971,FN 220 IDA MARIE,DNK,3b71e97ba-a4ac-6fd8-ac1f-b3ced497dab4,2.382553218019769,18.721429691972066,5.268087,10,,DK00FX113
d29d13ad0d31241ee29273fe65015a0a,2026-05-30T19:36:02.000Z,2026-05-30T23:10:34.000Z,57.5847,10.7041,10.646033333333333,57.54273666666667,10.752001666666667,57.608266666666665,False,219005954,BELLA-EMIL,DNK,452637753-32e2-e9d8-8651-7e3396324805,2.453672320492524,17.33070206746298,2.855339,6,,DK00FX113
a8faa5086d0725d2cc9f11a8292a40b9,2026-05-30T19:41:53.000Z,2026-05-31T03:24:00.000Z,57.5731,10.747,10.716951666666667,57.48398,10.780673333333333,57.647801666666666,False,220349000,FN 422 LINA T,DNK,78716bdbe-eae3-1939-1d88-b28723752b4d,2.5997274999560074,38.654575158218734,1.7933320000000001,7,,DK00FX113
6e8e854b404109c8ef87dcd3235ce59c,2026-05-30T23:26:54.000Z,2026-05-31T01:58:48.000Z,57.5877,10.6762,10.702766666666662,57.547383333333336,10.647881666666677,57.60638333333333,False,219005954,BELLA-EMIL,DNK,452637753-32e2-e9d8-8651-7e3396324805,2.5807017464386792,14.20157627815747,3.543011,8,,DK00FX113
ada4559c6750a22932377586657518ca,2026-05-30T23:33:08.000Z,2026-05-31T03:22:17.000Z,57.5794,10.728,10.675938333333333,57.51927333333333,10.756006666666666,57.62042833333334,False,219006971,FN 220 IDA MARIE,DNK,3b71e97ba-a4ac-6fd8-ac1f-b3ced497dab4,2.393013109611631,17.406497873571844,0,5,,DK00FX113
90eaa824956840589bf91c06ad2f14a9,2026-05-31T04:36:06.000Z,2026-05-31T09:33:08.000Z,57.4935,10.5079,10.531389999999988,57.492628333333336,10.505220000000008,57.50028833333333,False,219013885,DORIS VENDELBO,DNK,050513a98-880a-98f7-ccc3-650614d8533f,0.1845238134708434,0.8386393319531663,1.195227,2,555522471;555543258;555557024,DK00FX113
d9630db921736f811c3e09d55aa802eb,2026-05-31T09:04:58.000Z,2026-05-31T11:56:11.000Z,57.5002,10.6121,10.643484999999998,57.480497,10.558307000000013,57.510903,True,219007115,,DNK,7043575b6-6e4f-cd73-ab22-83ce08f82cab,3.4950000000000006,13.528789961109513,1.195554,3,349827;67881;555557024;555538085;555543258;555522471,DK00FX113
bfee12ea20f598d93919d9a450daa738,2026-05-31T15:15:42.000Z,2026-05-31T15:55:01.000Z,57.4977,10.6247,10.620645,57.492943,10.628727,57.500358,True,219016142,SCANDOLA,DNK,556e31242-2034-945a-58ba-4ffd0d256e02,1.1235294117647057,1.0131965314734814,1.111949,2,555557024;349827;555538085;555543258;67881;555522471,DK00FX113
3a6e43da8a28fa8e7159acbd5237e892,2026-05-31T19:08:13.000Z,2026-06-01T03:18:05.000Z,57.5861,10.7563,10.68103,57.53820833333333,10.809815,57.614956666666664,False,219006971,FN 220 IDA MARIE,DNK,3b71e97ba-a4ac-6fd8-ac1f-b3ced497dab4,2.362417644540687,39.70959841304832,2.223899,7,,DK00FX113
20e936ba5654d33cff30275f200d8e0f,2026-05-31T19:16:22.000Z,2026-06-01T04:52:03.000Z,57.5792,10.7458,10.867729999999995,57.489725,10.596228333333329,57.660052,False,220349000,FN 422 LINA T,DNK,78716bdbe-eae3-1939-1d88-b28723752b4d,2.6602272657169532,47.645200823489084,5.976135,16,555543209;555522504;555522471;555543258;555557024;555557022,DK00FX113
c8222489408215afaea6c381ad2dcb11,2026-05-31T19:17:00.000Z,2026-06-01T02:37:05.000Z,57.5579,10.7268,10.812433333333331,57.464495,10.679685000000006,57.620495,False,219015617,FN68 FRYDENSTRAND,DNK,d4564638c-c6f0-0ff6-c16f-a07290ebe530,2.3065853759101245,33.24547461654824,3.265924,13,,DK00FX113
9c20830929648ee4177a5151d2601305,2026-05-31T19:19:06.000Z,2026-05-31T23:00:03.000Z,57.3566,10.7604,10.789593333333329,57.311883333333334,10.734160000000003,57.427635,False,220127000,FN 261 STJERNE,DNK,013ba7567-7f7c-5d39-c59b-1b6822c67083,2.571162814664286,18.324245663307774,7.887072,6,,DK00FX113
6ac31ed9cf515ae718de2883270d4027,2026-05-31T19:21:00.000Z,2026-06-01T02:35:07.000Z,57.5944,10.7498,10.698851666666666,57.535513333333334,10.815978333333334,57.65454,False,219024715,FRU LUNDSGAARD SG 17,DNK,90127c090-07a8-9d1b-f1f7-67079141c112,2.3258824111784198,37.58200273530354,2.5241160000000002,8,,DK00FX113
e45268ae4b2bc4f76676433ee5e919ca,2026-05-31T19:27:06.000Z,2026-06-01T02:48:04.000Z,57.5661,10.7628,10.715153333333333,57.513958333333335,10.840213333333333,57.61260333333333,False,219009135,SG64 LAMA II,DNK,ae4a1cd2e-e7ea-7096-8780-63f0f06a8cef,2.0999999916440766,32.17958843799808,2.389145,7,,DK00FX113
115810195c7bf58547ca80a5a66b8455,2026-05-31T19:40:01.000Z,2026-05-31T22:02:01.000Z,57.3532,10.7599,10.771806666666663,57.312153333333335,10.735733333333343,57.40447,False,220256000,CHARLOTTE P  FN 131,DNK,f9350d74d-d66f-c031-94cd-b0f227dd5a0f,2.555639075157338,12.32627239629296,9.077929,7,,DK00FX113
ece7db4ddf1239f4687900ee09478139,2026-05-31T22:29:01.000Z,2026-06-01T00:05:50.000Z,57.3428,10.7323,10.728051666666667,57.32054,10.734861666666667,57.356791666666666,False,220256000,CHARLOTTE P  FN 131,DNK,f9350d74d-d66f-c031-94cd-b0f227dd5a0f,2.2643677677916387,6.0777628829496635,10.290984,9,,DK00FX113
4b09cc588b79a1102c7aa48cec907558,2026-05-31T23:11:06.000Z,2026-06-01T03:28:07.000Z,57.3595,10.7528,10.775456666666656,57.309495,10.709001666666666,57.42815,False,220127000,FN 261 STJERNE,DNK,013ba7567-7f7c-5d39-c59b-1b6822c67083,2.706614814147876,21.167148923362138,8.482133,6,,DK00FX113
ecae3be98ecbc6e91259c9fdef3fa127,2026-06-01T00:32:06.000Z,2026-06-01T02:56:41.000Z,57.366,10.7588,10.768956666666668,57.31581166666667,10.749646666666678,57.41115833333333,False,220256000,CHARLOTTE P  FN 131,DNK,f9350d74d-d66f-c031-94cd-b0f227dd5a0f,2.4762589699930415,10.8712640843831,9.278793,8,,DK00FX113
99405ee72f5529f22b771733acc03c02,2026-06-01T03:49:08.000Z,2026-06-01T06:15:09.000Z,57.4965,10.5153,10.525970000000001,57.49279333333333,10.505548333333337,57.50270833333333,False,219009135,SG64 LAMA II,DNK,ae4a1cd2e-e7ea-7096-8780-63f0f06a8cef,0.2500000029964291,0.8085784623947437,1.195227,2,555522471;555557024;555543258,DK00FX113
01a34d43cc8c3db1b2a78e64362d8d1a,2026-06-01T06:41:33.000Z,2026-06-01T08:31:53.000Z,57.494,10.5858,10.545523,57.468658,10.606355,57.50345,True,219007115,,DNK,7043575b6-6e4f-cd73-ab22-83ce08f82cab,3.684615384615384,9.235977104019423,0.5979410000000001,2,555538085;67881;555522471;349827;555557024;555543258,DK00FX113
8f943a18df2eee08e22e2a1acb8c4840,2026-06-01T19:15:07.000Z,2026-06-02T03:18:00.000Z,57.5939,10.7405,10.705625,57.512953333333336,10.77437,57.66126,False,219006971,FN 220 IDA MARIE,DNK,3b71e97ba-a4ac-6fd8-ac1f-b3ced497dab4,2.4012396973519268,37.387050399970256,1.7918589999999999,6,,DK00FX113
017a0eeeca12d4fe8b0a0232437e5ca7,2026-06-01T19:21:00.000Z,2026-06-01T19:46:01.000Z,57.496,10.691,10.690688333333334,57.48816,10.691506666666667,57.50299833333333,False,219024715,FRU LUNDSGAARD SG 17,DNK,90127c090-07a8-9d1b-f1f7-67079141c112,2.2038461703520555,1.6565060227925101,0,5,,DK00FX113
a34fe866430c6b61b9b3e8d760803762,2026-06-01T19:21:06.000Z,2026-06-01T23:04:00.000Z,57.3577,10.7538,10.772826666666674,57.31495666666667,10.732603333333344,57.418636666666664,False,220127000,FN 261 STJERNE,DNK,013ba7567-7f7c-5d39-c59b-1b6822c67083,2.4651785572724685,17.183718757779264,9.077929,7,,DK00FX113
f02afca31aa3e66dcef8044a28909621,2026-06-01T19:23:17.000Z,2026-06-02T02:48:09.000Z,57.5488,10.7204,10.797429999999991,57.508755,10.67529166666668,57.60928833333333,False,219009135,SG64 LAMA II,DNK,ae4a1cd2e-e7ea-7096-8780-63f0f06a8cef,2.1926009013680834,33.03635085401077,2.856264,12,,DK00FX113
b4ab249185471993b6755b5605e04cdc,2026-06-01T19:27:12.000Z,2026-06-02T03:01:00.000Z,57.3537,10.7484,10.729893333333333,57.31249833333333,10.769023333333333,57.41156,False,220256000,CHARLOTTE P  FN 131,DNK,f9350d74d-d66f-c031-94cd-b0f227dd5a0f,2.5414633945853096,35.522544100850205,11.375328999999999,9,,DK00FX113
b3027778daa50bd8ef49ba0c26ee0b15,2026-06-01T19:38:09.000Z,2026-06-01T23:00:09.000Z,57.3704,10.7641,10.739028333333334,57.313635,10.81053,57.43329166666667,False,220323000,SLESVIG,DNK,ee2e3f02f-f229-724f-1205-9fbab465e80c,2.3556650831487964,16.03831704248932,10.868514999999999,8,,DK00FX113
9a680f00ddf8ccddf0483a0c11d404f7,2026-06-01T19:38:10.000Z,2026-06-02T02:52:09.000Z,57.565,10.7579,10.727325,57.498505,10.80984,57.62666,False,220072000,R177 DUEODDE,DNK,438ea858e-e541-e793-8324-1972af53ee8e,2.4308585222386996,34.57114014878559,2.636122,7,,DK00FX113
c87eec24106cf920709eb3a1dc8a62fd,2026-06-01T19:57:00.000Z,2026-06-01T22:53:40.000Z,57.4605,10.6895,10.68114,57.43245833333334,10.696605,57.48920833333333,False,219024715,FRU LUNDSGAARD SG 17,DNK,90127c090-07a8-9d1b-f1f7-67079141c112,2.3186440986428556,12.350619571621852,4.447797,8,,DK00FX113
f06c0dc7e6eabdef90aab0466b410e0b,2026-06-01T20:06:01.000Z,2026-06-01T23:47:01.000Z,57.6562,10.7585,10.677473333333333,57.594253333333334,10.858285,57.69864666666667,False,219005956,STEPHANIE DALSOE,DNK,55d89b91d-d45c-b1c5-7535-608cc4d7d592,2.481081019852075,16.879187421308636,4.604572,11,,DK00FX113
26fee67177a8536dea9198727f8235f0,2026-06-01T23:09:01.000Z,2026-06-02T02:30:21.000Z,57.5437,10.6766,10.699365,57.49919166666667,10.659185000000008,57.57226166666667,False,219024715,FRU LUNDSGAARD SG 17,DNK,90127c090-07a8-9d1b-f1f7-67079141c112,2.4237373895717385,15.603577741347241,1.262329,6,,DK00FX113
1ed05146226aa974ee99b78c2e43e409,2026-06-01T23:14:07.000Z,2026-06-02T03:11:07.000Z,57.3624,10.7513,10.729345,57.31679166666667,10.771958333333334,57.424521666666664,False,220127000,FN 261 STJERNE,DNK,013ba7567-7f7c-5d39-c59b-1b6822c67083,2.6851694760686278,20.29092147819566,10.290984,9,,DK00FX113
82175790497628d6d6f822eff29d4c28,2026-06-01T23:16:10.000Z,2026-06-02T02:05:11.000Z,57.5314,10.6896,10.678101666666667,57.483511666666665,10.710125,57.56290666666667,False,219015617,FN68 FRYDENSTRAND,DNK,d4564638c-c6f0-0ff6-c16f-a07290ebe530,2.3600000040057822,13.693376594242443,0,5,,DK00FX113
2d2c57962b42bc063afb16b3471e1e8a,2026-06-02T15:41:04.000Z,2026-06-02T17:18:12.000Z,57.4652,10.5505,10.53712,57.460637,10.561938,57.472945,True,219016142,SCANDOLA,DNK,556e31242-2034-945a-58ba-4ffd0d256e02,1.3750000000000004,1.907892465456724,0,1,67881;555557024;555522471;555538085;555543258,DK00FX113
e5cb5b6e45c7e0d0833ef951386f2f01,2026-06-02T19:08:07.000Z,2026-06-03T02:37:00.000Z,57.4519,10.7307,10.766899999999993,57.389786666666666,10.678293333333329,57.51343166666667,False,219009135,SG64 LAMA II,DNK,ae4a1cd2e-e7ea-7096-8780-63f0f06a8cef,2.0582589178978075,31.447364340243944,2.223899,13,,DK00FX113
bb5e14bca631445ba5d1bce90ffff9cb,2026-06-02T19:19:00.000Z,2026-06-03T01:31:03.000Z,57.4362,10.7271,10.670716666666667,57.36845666666667,10.77382,57.52227666666667,False,219024715,FRU LUNDSGAARD SG 17,DNK,90127c090-07a8-9d1b-f1f7-67079141c112,2.4964088425451876,27.767362192963585,7.462764,9,,DK00FX113
15a82cd64c594ec525e5c91f0e522a63,2026-06-02T22:52:12.000Z,2026-06-03T02:05:12.000Z,57.3992,10.756,10.767898333333335,57.33095333333333,10.73594833333334,57.46353166666667,False,219005732,HG20 MALENE MEYER,DNK,4b9b34d23-308c-3e16-a782-dc49e5a8c47a,2.5163157350922885,15.611177146542461,8.895595,8,,DK00FX113
9075fcdc60ec733b9c6a846d4aa7dd9d,2026-06-02T23:16:07.000Z,2026-06-03T02:56:07.000Z,57.4092,10.7592,10.80545166666667,57.334743333333336,10.738301666666672,57.46991666666667,False,220127000,FN 261 STJERNE,DNK,013ba7567-7f7c-5d39-c59b-1b6822c67083,2.581900432368748,20.707954933376307,7.399787,7,,DK00FX113
ae88d3eea2dd90ba5b9d55dcb5a0ade5,2026-06-02T23:29:08.000Z,2026-06-03T03:08:50.000Z,57.6112,10.7595,10.70848,57.547383333333336,10.824598,57.66124166666667,False,220349000,FN 422 LINA T,DNK,78716bdbe-eae3-1939-1d88-b28723752b4d,2.550943386629693,19.234680892234092,3.786058,9,,DK00FX113
81c8ebd215ce4cab782941646207c6dd,2026-06-03T02:34:01.000Z,2026-06-03T04:33:00.000Z,57.4951,10.5124,10.52259833333332,57.492088333333335,10.505165000000005,57.499793333333336,False,219024715,FRU LUNDSGAARD SG 17,DNK,90127c090-07a8-9d1b-f1f7-67079141c112,0.7622222185962728,1.4804784210105135,0.597614,2,555557024;555522471;555543258,DK00FX113
b51bf610d6a73cd79f0383d28621ca24,2026-06-03T03:04:01.000Z,2026-06-03T05:28:02.000Z,57.4927,10.5162,10.506655,57.491681666666665,10.53907,57.49515,False,219006301,FN 308 HELLE LOTTE,DNK,64130f509-9c27-c779-f4bc-cbfaa9ae6e0b,0.512222219755252,1.3684865263329995,0,2,555538085;67881;555557024;555522471;555543258,DK00FX113
1758e104909e43616183e66a43816bdb,2026-06-03T03:46:15.000Z,2026-06-03T04:09:13.000Z,57.5068,10.557,10.569082000000009,57.50452,10.54867200000001,57.51028,True,219009415,R254 KATRINE-KIM,DNK,cea1fec10-06e2-af1d-75bc-60c4a902f23a,2.0899999999999994,1.4766790134364098,3.7248180000000004,1,555543258;555557024;555522471,DK00FX113
a3ea101c1265f4e2d1ffe62a56356374,2026-06-03T04:44:00.000Z,2026-06-03T16:49:01.000Z,57.4921,10.5063,10.502726666666666,57.491905,10.506856666666666,57.494545,False,219904000,KATRINE O 111,DNK,1740995e6-623a-c1a5-cb82-31c353e8c37a,0.02688478015013477,0.5563867074434007,0,1,,DK00FX113
f8a7e1fa689ef518cfa1572ef1ebadb1,2026-06-03T16:41:49.000Z,2026-06-03T18:50:34.000Z,57.6086,10.5829,10.526027,57.600045,10.598867,57.622012,False,219007479,S.500 I. JENNET,DNK,55b31a779-960d-dd64-b946-473a8fe33b22,2.3124999999999996,6.672612742924836,5.816238,6,,DK00FX113
dd13ee0fe1471fba2ca2ed734d22afc2,2026-06-03T18:55:43.000Z,2026-06-04T01:39:39.000Z,57.5631,10.7658,10.674627,57.487518,10.836500000000001,57.61463,False,219009415,R254 KATRINE-KIM,DNK,cea1fec10-06e2-af1d-75bc-60c4a902f23a,2.43065693430657,34.90550809165074,0.597614,4,,DK00FX113
57ec60de108a48e15b4e16b573b9489b,2026-06-03T19:19:00.000Z,2026-06-04T01:23:00.000Z,57.4704,10.7026,10.771493333333325,57.38653333333333,10.660863333333339,57.565015,False,219024715,FRU LUNDSGAARD SG 17,DNK,90127c090-07a8-9d1b-f1f7-67079141c112,2.58502994468826,29.648247067321538,2.223899,13,,DK00FX113
b1121d880928f651c11d118e79a68888,2026-06-03T19:21:52.000Z,2026-06-03T23:14:12.000Z,57.5915,10.6933,10.6487,57.520705,10.766183333333334,57.638983333333336,False,219005954,BELLA-EMIL,DNK,452637753-32e2-e9d8-8651-7e3396324805,2.503401327599475,19.385164283556893,1.7913679999999998,4,,DK00FX113
258dc058bc7a2c8574aa066d505b90a1,2026-06-03T19:47:26.000Z,2026-06-04T04:26:02.000Z,57.5813,10.7631,10.57342,57.50886666666667,10.874365,57.659308,False,220349000,FN 422 LINA T,DNK,78716bdbe-eae3-1939-1d88-b28723752b4d,2.7291777043190826,43.984154799316975,4.2185060000000005,2,555557024;555543258;555522504;555522471;555557022;555543209,DK00FX113
208b59cabc10fd20965776b8078e9f7b,2026-06-03T23:29:55.000Z,2026-06-04T02:46:09.000Z,57.5919,10.6768,10.642933333333334,57.542033333333336,10.754128333333334,57.631413333333334,False,219005954,BELLA-EMIL,DNK,452637753-32e2-e9d8-8651-7e3396324805,2.4586956466453658,14.21987403055411,3.263048,5,,DK00FX113
4e0463fd930277c693ac8f0a9e382574,2026-06-04T01:07:01.000Z,2026-06-04T02:05:01.000Z,57.5768,10.6416,10.647483333333327,57.557465,10.638763333333344,57.59520333333333,False,219005732,HG20 MALENE MEYER,DNK,4b9b34d23-308c-3e16-a782-dc49e5a8c47a,2.3932203305727335,4.256805440849204,4.79462,7,,DK00FX113
c120e2413b10f784a64bfa8284889c5e,2026-06-04T01:49:23.000Z,2026-06-04T03:39:18.000Z,57.5162,10.5743,10.523855,57.503762,10.657343000000001,57.531563,True,219009415,R254 KATRINE-KIM,DNK,cea1fec10-06e2-af1d-75bc-60c4a902f23a,3.125316455696203,12.707932909678167,1.262329,2,555557024;555543258;555522471,DK00FX113
33486a13d10d6b0455c78b72ab872d46,2026-06-04T02:38:00.000Z,2026-06-04T07:21:00.000Z,57.4928,10.5082,10.502728333333334,57.49208,10.523326666666666,57.497708333333335,False,219024715,FRU LUNDSGAARD SG 17,DNK,90127c090-07a8-9d1b-f1f7-67079141c112,0.21666666945176444,1.0778149041012002,0,1,555538085;555557024;555522471;67881;555543258,DK00FX113
066f198309355eb0423dfb311f628840,2026-06-04T03:08:01.000Z,2026-06-04T03:29:01.000Z,57.4919,10.5305,10.542190000000005,57.4902,10.520945000000012,57.49347,True,219006301,FN 308 HELLE LOTTE,DNK,64130f509-9c27-c779-f4bc-cbfaa9ae6e0b,2.127272746779702,1.321868927319967,1.7928410000000001,2,555538085;555522471;67881;555557024;555543258,DK00FX113
44eee08457b2e2ca2fe3fa133346bece,2026-06-04T04:16:01.000Z,2026-06-04T04:45:00.000Z,57.492,10.5492,10.546493333333334,57.48931,10.552288333333333,57.494793333333334,True,220256000,CHARLOTTE P  FN 131,DNK,f9350d74d-d66f-c031-94cd-b0f227dd5a0f,0.8166666666666668,0.7106118229125227,2.3028380000000004,2,555543258;555538085;67881;555522471;555557024,DK00FX113
cc43d07cc25250883914f94eccb53a8e,2026-06-04T04:35:13.000Z,2026-06-04T05:15:02.000Z,57.4979,10.524,10.541508333333326,57.494816666666665,10.517815000000013,57.504365,True,219013885,DORIS VENDELBO,DNK,050513a98-880a-98f7-ccc3-650614d8533f,1.8243902456469652,2.2123286824709827,1.7928410000000001,2,555557024;555543258;555522471,DK00FX113
9a80830a9a31e923c1974a0c3ae12e61,2026-06-04T04:38:03.000Z,2026-06-04T05:13:03.000Z,57.5006,10.5485,10.54404,57.49798333333333,10.557275,57.503616666666666,True,220349000,FN 422 LINA T,DNK,78716bdbe-eae3-1939-1d88-b28723752b4d,1.3444444255696408,1.4106778116418557,2.109462,3,67881;555557024;555538085;555522471;555543258,DK00FX113
89e1fd1944f70662261f85e0569fd8ce,2026-06-04T04:48:00.000Z,2026-06-08T16:44:00.000Z,57.4926,10.5051,10.503228333333333,57.492385,10.505333333333333,57.49458,False,219904000,KATRINE O 111,DNK,1740995e6-623a-c1a5-cb82-31c353e8c37a,0.00043323534031724375,0.7364878934809417,0,1,,DK00FX113
2eb85d8fc710d0b218105cb9452dc0b9,2026-06-04T19:29:21.000Z,2026-06-05T02:33:01.000Z,57.5677,10.6767,10.654863333333333,57.509928333333335,10.715111666666667,57.626515,False,219024715,FRU LUNDSGAARD SG 17,DNK,90127c090-07a8-9d1b-f1f7-67079141c112,2.431400969120614,29.75660015388219,1.7918589999999999,3,,DK00FX113
25d150f4d062040468ef571b27b9c16e,2026-06-04T20:08:01.000Z,2026-06-05T04:53:58.000Z,57.6628,10.7215,10.769748333333325,57.570546666666665,10.624511666666677,57.71643666666667,False,219005956,STEPHANIE DALSOE,DNK,55d89b91d-d45c-b1c5-7535-608cc4d7d592,2.5229445464951814,41.351215145427034,7.729952,13,,DK00FX113
301194dacaf91886dbb45bb0fcaea246,2026-06-05T00:39:17.000Z,2026-06-05T02:10:01.000Z,57.5762,10.6389,10.634241666666666,57.546155,10.646665,57.604488333333336,False,219005732,HG20 MALENE MEYER,DNK,4b9b34d23-308c-3e16-a782-dc49e5a8c47a,2.4211111429664816,7.283834206791009,4.475983,6,,DK00FX113
ba3245d8019725fa54de56b787143ee1,2026-06-05T03:06:02.000Z,2026-06-05T03:35:02.000Z,57.4934,10.5296,10.540991666666656,57.492025,10.52460666666667,57.49487333333333,True,219006301,FN 308 HELLE LOTTE,DNK,64130f509-9c27-c779-f4bc-cbfaa9ae6e0b,1.2800000011920927,1.079122425557993,1.7928410000000001,2,67881;555557024;555538085;555522471;555543258,DK00FX113
5ea125ed9f2acd53987abe02d583eeb5,2026-06-05T04:48:08.000Z,2026-06-06T16:29:06.000Z,57.4927,10.5055,10.529993333333323,57.49261333333333,10.505195000000015,57.497173333333336,False,219013885,DORIS VENDELBO,DNK,050513a98-880a-98f7-ccc3-650614d8533f,0.012168034752862336,0.7517672446653949,1.195227,2,555522471;555543258;555557024,DK00FX113
38d6048130782fd09108d4bcc3842758,2026-06-05T09:58:10.000Z,2026-06-05T11:16:11.000Z,57.6068,10.5942,10.604742999999985,57.565317,10.585149999999999,57.65142,False,265044930,NELLY,SWE,4f11aca83-3023-d307-57a2-b8536ff2905c,4.025316455696202,9.684208233216474,6.698247,8,,DK00FX113
e3aa1ad7a54af7a102041367d2a28f05,2026-06-05T19:35:56.000Z,2026-06-05T22:59:22.000Z,57.631,10.7348,10.817468333333323,57.56778,10.703273333333328,57.679115,False,220368000,O 159 RANDI,DNK,23b776e71-126f-9ab4-62f5-3dd2f3acef61,2.5439999775091797,16.06737515659472,9.382994,15,,DK00FX113
d50e76151920ad5cacb373746dc97c36,2026-06-05T19:55:09.000Z,2026-06-05T23:04:01.000Z,57.6064,10.7124,10.738778333333329,57.56301333333333,10.656779999999998,57.6337,False,220072000,R177 DUEODDE,DNK,438ea858e-e541-e793-8324-1972af53ee8e,2.446368763441815,15.39493188652525,5.710062,11,,DK00FX113
8f709ef0460974be6f699bed37ab3a60,2026-06-05T19:59:22.000Z,2026-06-06T03:00:08.000Z,57.5887,10.7606,10.70739,57.505737,10.80393,57.64418,False,219012459,HM 67 LOTTI,DNK,cdca9c2b2-2f96-afb2-e67e-976ee9505b4e,2.4519637462235653,33.078422702304394,1.7918589999999999,6,,DK00FX113
b6c2fc6615f530d84905d5bffca2d6ef,2026-06-05T23:11:27.000Z,2026-06-06T03:03:56.000Z,57.6308,10.7421,10.714171666666667,57.564665,10.825693333333334,57.68170666666666,False,220368000,O 159 RANDI,DNK,23b776e71-126f-9ab4-62f5-3dd2f3acef61,2.4444444646136927,17.604905106337274,4.79462,10,,DK00FX113
521fd8f24d14448099c87ced49176522,2026-06-05T23:16:09.000Z,2026-06-06T02:48:01.000Z,57.5866,10.7315,10.76371499999999,57.52771,10.665988333333331,57.62128333333333,False,220072000,R177 DUEODDE,DNK,438ea858e-e541-e793-8324-1972af53ee8e,2.4028090436137126,16.091616347975293,4.487722,10,,DK00FX113
5d7e9d895324b44bc3ca2d65e324fd78,2026-06-06T04:20:19.000Z,2026-06-06T05:32:03.000Z,57.5129,10.5588,10.562610000000006,57.50905,10.55650700000001,57.517925,True,219012459,HM 67 LOTTI,DNK,cdca9c2b2-2f96-afb2-e67e-976ee9505b4e,0.9233333333333333,1.436697774022792,3.7241619999999998,2,555557024;555522471;555543258,DK00FX113
8db930a99bc92b7a24f2bddaa2ae9aaf,2026-06-06T04:23:00.000Z,2026-06-06T05:02:04.000Z,57.5147,10.5611,10.545855,57.510306666666665,10.565148333333333,57.51701833333333,True,220368000,O 159 RANDI,DNK,23b776e71-126f-9ab4-62f5-3dd2f3acef61,1.083870966588297,0.9811811699222164,3.2644859999999998,3,555557024;555522471;555543258,DK00FX113
b0ba7293e3154473db1b0d7dba1d3bf4,2026-06-06T19:21:24.000Z,2026-06-07T03:05:05.000Z,57.6165,10.7337,10.685755,57.54232,10.777925,57.68877,False,220368000,O 159 RANDI,DNK,23b776e71-126f-9ab4-62f5-3dd2f3acef61,2.494999992796645,35.603745453192936,2.302626,7,,DK00FX113
47f73bac601f3cb537beb522913e00d9,2026-06-07T00:37:02.000Z,2026-06-07T00:59:04.000Z,57.6585,10.7586,10.771213333333321,57.65561666666667,10.745428333333336,57.66177,False,219007027,EMILIA S492,DNK,3776909d3-32c0-7c99-f9b6-5f47eaa70f35,2.5260869316432784,1.6879014162106034,3.174826,12,,DK00FX113
f5cd023c1fc4d5fde4f2fa2903fcffc8,2026-06-07T03:40:00.000Z,2026-06-07T05:32:34.000Z,57.602,10.5982,10.595295,57.592397,10.600052999999999,57.616795,False,219007479,S.500 I. JENNET,DNK,55b31a779-960d-dd64-b946-473a8fe33b22,2.411428571428571,6.787458075598444,4.4875039999999995,9,,DK00FX113
a9e601b3832f8c05a42ce0057818b5d7,2026-06-07T03:59:03.000Z,2026-06-07T04:35:01.000Z,57.4909,10.5413,10.523375,57.48828833333334,10.557156666666666,57.493716666666664,True,219006301,FN 308 HELLE LOTTE,DNK,64130f509-9c27-c779-f4bc-cbfaa9ae6e0b,1.9783783957764909,2.1086921562031864,0.597614,2,555543258;67881;555522471;555538085;555557024,DK00FX113
ed1fa21f96cf4dfc0ec184575a3c04ec,2026-06-07T04:08:05.000Z,2026-06-07T04:33:04.000Z,57.5137,10.5603,10.562121666666656,57.51137833333333,10.55850666666666,57.516101666666664,True,220368000,O 159 RANDI,DNK,23b776e71-126f-9ab4-62f5-3dd2f3acef61,0.7461538475293382,0.5679383078716489,3.7241619999999998,2,555543258;555522471;555557024,DK00FX113
323e4c61f19d112d1016bbc3b75fe0ec,2026-06-07T04:47:28.000Z,2026-06-07T05:15:24.000Z,57.5044,10.533,10.529357,57.502752,10.536088,57.506433,True,219012459,HM 67 LOTTI,DNK,cdca9c2b2-2f96-afb2-e67e-976ee9505b4e,0.69,0.691016879076605,1.632363,3,555557024;555522471;555543258,DK00FX113
314a9abcd47b035eb17ea3e5d658a002,2026-06-08T19:17:01.000Z,2026-06-09T02:31:00.000Z,57.6314,10.7151,10.792599999999993,57.54004666666667,10.670543333333342,57.69633,False,220256000,CHARLOTTE P  FN 131,DNK,f9350d74d-d66f-c031-94cd-b0f227dd5a0f,2.458390796390073,32.74502645611799,5.686597,12,,DK00FX113
119d49c209c3c7979f286114055530d3,2026-06-08T19:40:07.000Z,2026-06-08T23:02:00.000Z,57.6135,10.7072,10.675148333333333,57.54548666666667,10.760916666666667,57.67134166666666,False,220127000,FN 261 STJERNE,DNK,013ba7567-7f7c-5d39-c59b-1b6822c67083,2.5689654737857768,15.743249408346312,3.335848,8,,DK00FX113
da1c1eb398a953581038d7a84c0a4df2,2026-06-08T19:40:10.000Z,2026-06-08T23:05:55.000Z,57.594,10.6798,10.647483333333334,57.5323,10.742266666666668,57.63955,False,219005954,BELLA-EMIL,DNK,452637753-32e2-e9d8-8651-7e3396324805,2.4162162241635023,16.18519656768699,2.10821,5,,DK00FX113
af53304960fe6d89fbc57139b48e3688,2026-06-08T23:13:07.000Z,2026-06-09T02:31:04.000Z,57.6281,10.7223,10.678991666666667,57.57257666666667,10.76995,57.688853333333334,False,220127000,FN 261 STJERNE,DNK,013ba7567-7f7c-5d39-c59b-1b6822c67083,2.4603015181407266,16.199983626495488,5.5597460000000005,9,,DK00FX113
6c99a508fdeaa432c180382927522032,2026-06-08T23:26:01.000Z,2026-06-09T02:43:44.000Z,57.5929,10.6677,10.638816666666667,57.538466666666665,10.734216666666667,57.63126666666667,False,219005954,BELLA-EMIL,DNK,452637753-32e2-e9d8-8651-7e3396324805,2.511475396449448,17.625286787178787,3.263048,5,,DK00FX113
d4f8f66c6c6049d88b245484e833b69f,2026-06-09T03:04:02.000Z,2026-06-09T03:48:02.000Z,57.4955,10.5458,10.535976666666667,57.48866833333334,10.564578333333333,57.50177166666667,True,219006301,FN 308 HELLE LOTTE,DNK,64130f509-9c27-c779-f4bc-cbfaa9ae6e0b,1.7866666555404664,2.3182696194420447,1.7928410000000001,2,555543258;67881;555538085;555557024;555522471,DK00FX113
a214f14b951cc23525508e85c6348b5d,2026-06-09T03:49:01.000Z,2026-06-09T05:09:00.000Z,57.498,10.5334,10.52539,57.49359666666667,10.541691666666667,57.504106666666665,True,220256000,CHARLOTTE P  FN 131,DNK,f9350d74d-d66f-c031-94cd-b0f227dd5a0f,1.2727272790489774,2.425246818062993,1.195227,2,555538085;555557024;555543258;67881;555522471,DK00FX113
8f060fe452ecd2b19cfa1f1b4c5f4a20,2026-06-09T03:53:05.000Z,2026-06-09T04:28:06.000Z,57.4962,10.5522,10.542158333333333,57.490315,10.563745,57.50651833333333,True,220127000,FN 261 STJERNE,DNK,013ba7567-7f7c-5d39-c59b-1b6822c67083,2.4083333379692498,2.5647625922495187,1.7928410000000001,2,555557024;555538085;67881;555543258;555522471,DK00FX113
95a1420ce276a6bda65b213070a06364,2026-06-09T04:44:02.000Z,2026-06-09T05:13:03.000Z,57.5077,10.5537,10.548118333333333,57.50376,10.559313333333334,57.51186,True,219904000,KATRINE O 111,DNK,1740995e6-623a-c1a5-cb82-31c353e8c37a,1.2400000015894574,1.1253563556159072,2.636122,2,555557024;555543258;555522471,DK00FX113
444562107241bb5360a438ace6d04501,2026-06-09T04:48:07.000Z,2026-06-09T07:12:06.000Z,57.493,10.5104,10.505338333333333,57.492713333333334,10.527278333333333,57.49495833333334,False,219006971,FN 220 IDA MARIE,DNK,3b71e97ba-a4ac-6fd8-ac1f-b3ced497dab4,0.4280000054836273,0.5870675807035701,0,2,67881;555538085;555543258;555557024;555522471,DK00FX113
00bf3fe6d758d1ca6f040428c2567fae,2026-06-09T19:23:18.000Z,2026-06-10T02:50:18.000Z,57.6001,10.7181,10.681665,57.52748,10.775268333333333,57.663955,False,219001522,SOREN STRANDBY,DNK,56e82f0b6-6312-ba1d-a4e2-6c8834dbd3d8,2.420588270166877,33.81236276136781,1.111949,6,,DK00FX113
bea041aa076a5eb2388d8b5f76c44abc,2026-06-09T19:30:01.000Z,2026-06-10T02:52:04.000Z,57.617,10.7111,10.761228333333321,57.53997666666667,10.674048333333332,57.681396666666664,False,219904000,KATRINE O 111,DNK,1740995e6-623a-c1a5-cb82-31c353e8c37a,2.41241536196952,32.65367329755895,5.268087,10,,DK00FX113
0426f105830726ff295f3cf23ce61759,2026-06-09T19:34:15.000Z,2026-06-10T02:18:22.000Z,57.5264,10.7472,10.720958,57.45698,10.764635,57.58729,False,219009415,R254 KATRINE-KIM,DNK,cea1fec10-06e2-af1d-75bc-60c4a902f23a,2.45509433962264,31.91537155674159,2.637902,8,,DK00FX113
3008181250eac38d012af394fbd301fc,2026-06-09T19:42:08.000Z,2026-06-10T02:54:00.000Z,57.608,10.7313,10.687728333333334,57.536786666666664,10.786555,57.671528333333335,False,220359000,SARAH KAJGAARD,DNK,cd281e305-5a5e-9406-1f34-d572865ff7f1,2.492372862068609,33.27641934384011,2.302626,7,,DK00FX113
3f23d10f4ebc9560fe0dfeccc7e6bb85,2026-06-09T19:44:06.000Z,2026-06-09T23:06:00.000Z,57.6331,10.7121,10.672841666666667,57.566985,10.77786,57.689085,False,220127000,FN 261 STJERNE,DNK,013ba7567-7f7c-5d39-c59b-1b6822c67083,2.5610837029118834,15.600642587609673,5.5916760000000005,9,,DK00FX113
9ce00bce3a4b87fef46da951ad3fd10b,2026-06-09T19:49:01.000Z,2026-06-10T01:40:01.000Z,57.4481,10.7598,10.797014999999988,57.388785,10.719078333333329,57.50409,False,219006301,FN 308 HELLE LOTTE,DNK,64130f509-9c27-c779-f4bc-cbfaa9ae6e0b,2.30739553761444,26.043745809745428,2.859346,12,,DK00FX113
60ecbe58afd46dcb78dacd08edf08afe,2026-06-09T19:49:05.000Z,2026-06-10T03:03:00.000Z,57.6099,10.6941,10.665193333333333,57.546175,10.762136666666667,57.66399666666667,False,219013885,DORIS VENDELBO,DNK,050513a98-880a-98f7-ccc3-650614d8533f,2.4629032211850324,33.06639822015635,3.388826,7,,DK00FX113
e5fde5cfeca01108c8849dee30c57532,2026-06-09T19:53:07.000Z,2026-06-10T03:03:00.000Z,57.6086,10.7002,10.729786666666655,57.53698166666667,10.682663333333323,57.67192333333333,False,219006971,FN 220 IDA MARIE,DNK,3b71e97ba-a4ac-6fd8-ac1f-b3ced497dab4,2.358372125376104,32.858211783845995,3.7221930000000003,9,,DK00FX113
578fbd58410d330071df3f505beab2e7,2026-06-09T19:57:09.000Z,2026-06-09T23:17:08.000Z,57.3994,10.7278,10.752671666666657,57.32292666666667,10.711181666666675,57.45741666666667,False,219005866,FN 72 NEBRASKA,DNK,4d50ffa58-835c-b38b-5f5d-84807d6929d5,2.5594871942202246,16.1256478293638,10.079151,8,,DK00FX113
6354c7b637dc511e0bf7f333b0d0e1de,2026-06-09T20:02:01.000Z,2026-06-10T02:50:18.000Z,57.4171,10.7346,10.75524333333334,57.347788333333334,10.71511000000001,57.47477166666667,False,219009229,FN236 JULIE-EMILIE,DNK,3e4862ed6-6e6f-72f9-7db0-5a728160a8b3,2.292944804930978,31.95637394032403,6.698568,10,,DK00FX113
71c07669b6c6b9979d973c65e578bdea,2026-06-09T23:18:02.000Z,2026-06-10T03:31:07.000Z,57.6205,10.6984,10.78309999999999,57.54575,10.61406500000001,57.68962333333333,False,220127000,FN 261 STJERNE,DNK,013ba7567-7f7c-5d39-c59b-1b6822c67083,2.660474329126682,21.074149194941246,6.698364,12,,DK00FX113
e82d7ca16f6c405a5dc7a118f5037b5e,2026-06-09T23:28:07.000Z,2026-06-10T02:44:01.000Z,57.3788,10.7417,10.759708333333322,57.32316333333333,10.720588333333325,57.44633666666667,False,219005866,FN 72 NEBRASKA,DNK,4d50ffa58-835c-b38b-5f5d-84807d6929d5,2.411538442609074,14.977324038880223,9.862896000000001,8,,DK00FX113
d6b67662cdbe9a76f26519d3f7ef6706,2026-06-10T02:58:02.000Z,2026-06-10T09:35:02.000Z,57.4922,10.5081,10.535014999999987,57.49199,10.506638333333342,57.49456,False,219006301,FN 308 HELLE LOTTE,DNK,64130f509-9c27-c779-f4bc-cbfaa9ae6e0b,0.124600640310647,1.104066427434114,1.7928410000000001,2,555557024;555538085;555522471;67881;555543258,DK00FX113
cc9c86513379365bf1fda3f33add6b6f,2026-06-10T03:46:10.000Z,2026-06-10T04:15:02.000Z,57.5033,10.5185,10.520025000000004,57.501108333333335,10.517061666666677,57.50571,True,219009135,SG64 LAMA II,DNK,ae4a1cd2e-e7ea-7096-8780-63f0f06a8cef,0.5566666732231775,0.5430596681456417,1.262329,2,555522471;555557024;555543258,DK00FX113
cef47b479c478ba2001763c2fac27c73,2026-06-10T04:25:02.000Z,2026-06-10T05:39:06.000Z,57.4952,10.509,10.523671666666672,57.493,10.502878333333342,57.502916666666664,False,219006971,FN 220 IDA MARIE,DNK,3b71e97ba-a4ac-6fd8-ac1f-b3ced497dab4,0.7047619141993068,0.8519361520089542,0.597614,2,555557024;555522471;555543258,DK00FX113
27a684c5d44a1b8b3d327cdf4be420c1,2026-06-10T06:15:43.000Z,2026-06-10T06:57:24.000Z,57.436,10.5536,10.558248333333324,57.43329,10.546446666666668,57.43904333333333,False,331143000,POLAR AMAROQ,GRL,ae5567c93-3526-a1a5-e3bc-63a5aaa154d9,1.4592592495459098,1.8900250368059885,0,2,,DK00FX113
5a20219a6abf80bfd2ae03f28c20e80b,2026-06-10T15:52:14.000Z,2026-06-10T17:50:16.000Z,57.4679,10.5489,10.532568,57.460447,10.559705,57.478288,True,219016142,SCANDOLA,DNK,556e31242-2034-945a-58ba-4ffd0d256e02,1.384615384615385,2.612036409095435,0.5981040000000001,1,555543258;555557024;555522471;67881;555538085,DK00FX113
581428c772c639188d36adf9e903610c,2026-06-10T19:38:10.000Z,2026-06-11T03:01:03.000Z,57.6075,10.7229,10.694435,57.528308333333335,10.763665,57.67787333333333,False,219904000,KATRINE O 111,DNK,1740995e6-623a-c1a5-cb82-31c353e8c37a,2.429729737022572,34.164218374187286,1.262097,6,,DK00FX113
7ae0787ce2fa14fa0452dffef8c9d152,2026-06-10T19:44:05.000Z,2026-06-11T02:52:01.000Z,57.6267,10.6999,10.664968333333332,57.54770333333333,10.741385,57.67494666666666,False,219006971,FN 220 IDA MARIE,DNK,3b71e97ba-a4ac-6fd8-ac1f-b3ced497dab4,2.3555024238437,31.81895940057009,3.543011,7,,DK00FX113
98c2ba1263a2849fc6669757f8b9fc54,2026-06-10T19:46:14.000Z,2026-06-10T22:47:05.000Z,57.4385,10.7455,10.7338,57.36601666666667,10.766081666666667,57.490761666666664,False,219011325,ROSA-GRY,DNK,a6a222d31-1fdf-7ed9-a1bb-275bac442bcc,2.4888157568087688,14.011067911867505,5.052573000000001,12,,DK00FX113
17b47df73d191bb6ecd4551bca154936,2026-06-10T19:47:04.000Z,2026-06-11T02:59:02.000Z,57.3942,10.753,10.776319999999998,57.324798333333334,10.733820000000009,57.456986666666666,False,219004119,FN 408 KENJA,DNK,a66a343a0-067b-549a-e066-e3fbe976aadd,2.1577889203051805,28.819497978699925,8.696933000000001,7,,DK00FX113
2474de00475e6fde1dda13f6c7cd344a,2026-06-10T19:49:53.000Z,2026-06-11T02:44:10.000Z,57.601,10.6818,10.745329999999996,57.5337,10.641783333333336,57.64335,False,219005954,BELLA-EMIL,DNK,452637753-32e2-e9d8-8651-7e3396324805,2.514594591308283,31.896460117150387,4.324679,10,,DK00FX113
45c0ec3ba26ec42430f006f8a4836dac,2026-06-10T19:53:00.000Z,2026-06-11T02:48:22.000Z,57.4182,10.7385,10.718376666666666,57.33979166666666,10.760138333333334,57.478476666666666,False,219009229,FN236 JULIE-EMILIE,DNK,3e4862ed6-6e6f-72f9-7db0-5a728160a8b3,2.5334437299051027,31.51840341057306,8.340860000000001,10,,DK00FX113
51472da32d67793f076c8b913a8ee601,2026-06-10T19:59:52.000Z,2026-06-11T02:37:10.000Z,57.4302,10.7446,10.771471666666656,57.34869,10.729154999999992,57.49703,False,219005866,FN 72 NEBRASKA,DNK,4d50ffa58-835c-b38b-5f5d-84807d6929d5,2.5380952105162655,30.033096339385796,6.671696,10,,DK00FX113
973f5f2a21bd067220d814bb76aaa9d0,2026-06-10T23:01:05.000Z,2026-06-11T02:26:55.000Z,57.4203,10.752,10.736496666666667,57.350921666666665,10.770828333333334,57.48609666666667,False,219011325,ROSA-GRY,DNK,a6a222d31-1fdf-7ed9-a1bb-275bac442bcc,2.3804878272661343,15.699850187775942,6.909789,11,,DK00FX113
944aa6e3284ef04ab0581dd1bd21eea1,2026-06-11T03:18:45.000Z,2026-06-11T03:40:15.000Z,57.5118,10.5313,10.529283,57.509555,10.533093000000001,57.514328,True,219009415,R254 KATRINE-KIM,DNK,cea1fec10-06e2-af1d-75bc-60c4a902f23a,0.9,0.5785653425382947,2.524581,3,555522471;555543258;555557024,DK00FX113
8c71099425bfffe32c6efbeb159397b3,2026-06-11T03:29:13.000Z,2026-06-11T10:33:45.000Z,57.5992,10.5565,10.599267999999995,57.591823,10.432623000000007,57.616,False,219007479,S.500 I. JENNET,DNK,55b31a779-960d-dd64-b946-473a8fe33b22,1.6826732673267328,19.092880770195258,4.4875039999999995,9,,DK00FX113
0ef646c83a5b5791d49aff57250b5e08,2026-06-11T04:14:00.000Z,2026-06-11T17:21:00.000Z,57.4935,10.5072,10.52792333333332,57.49256666666667,10.50292166666668,57.508588333333336,False,219904000,KATRINE O 111,DNK,1740995e6-623a-c1a5-cb82-31c353e8c37a,0.06280884294926888,1.4445680017849127,1.195227,2,555522471;555543258;555557024,DK00FX113
668eb7a0ca4ee55344cf6c9ec205feda,2026-06-11T05:18:01.000Z,2026-06-11T17:20:08.000Z,57.4929,10.506,10.505776666666666,57.49266,10.506418333333333,57.49307,False,219009229,FN236 JULIE-EMILIE,DNK,3e4862ed6-6e6f-72f9-7db0-5a728160a8b3,0.04649298666474338,0.5647362739282479,0,2,,DK00FX113
2e4b7b3671a2b18155c2f5983937dd4c,2026-06-11T15:11:00.000Z,2026-06-11T17:03:12.000Z,57.4685,10.5452,10.553640000000001,57.462133,10.535995000000014,57.474168,True,219016142,SCANDOLA,DNK,556e31242-2034-945a-58ba-4ffd0d256e02,1.2217391304347829,2.5732345822469296,0.5981040000000001,1,555522471;555543258;67881;555538085;555557024,DK00FX113
5ce51109723bbb1088db7a6d5e5e8c53,2026-06-11T19:42:03.000Z,2026-06-11T22:28:01.000Z,57.4202,10.7426,10.726498333333334,57.366415,10.755955,57.47243,False,219004119,FN 408 KENJA,DNK,a66a343a0-067b-549a-e066-e3fbe976aadd,2.3502994354613533,11.945750191591559,5.052573000000001,12,,DK00FX113
a11752cddd52c0c9a65b3a5fe3b951cf,2026-06-11T19:55:07.000Z,2026-06-12T02:59:02.000Z,57.6094,10.7239,10.685348333333334,57.53346333333333,10.796456666666666,57.668076666666664,False,219006971,FN 220 IDA MARIE,DNK,3b71e97ba-a4ac-6fd8-ac1f-b3ced497dab4,2.2845771480629686,30.37928634143473,1.262097,6,,DK00FX113
524ff5adf73b82aeb0c6282c68b6251b,2026-06-11T22:44:01.000Z,2026-06-12T03:26:01.000Z,57.4054,10.7607,10.805748333333327,57.33074333333333,10.73176166666667,57.482031666666664,False,219004119,FN 408 KENJA,DNK,a66a343a0-067b-549a-e066-e3fbe976aadd,2.22172132088635,18.75781949437471,7.399787,7,,DK00FX113
d73b94e57bffba80aab54d8d1cd53f3a,2026-06-12T03:00:02.000Z,2026-06-12T12:43:02.000Z,57.4925,10.5076,10.506643333333333,57.492133333333335,10.536181666666666,57.50053833333333,False,219006301,FN 308 HELLE LOTTE,DNK,64130f509-9c27-c779-f4bc-cbfaa9ae6e0b,0.0653256693448142,0.8924149627393847,0,2,555522471;555543258;555557024,DK00FX113
9d39f812360d95a749f34b7023ed8a49,2026-06-12T04:40:20.000Z,2026-06-13T16:57:00.000Z,57.4926,10.5051,10.506824999999992,57.49241,10.502768333333336,57.49460166666667,False,219904000,KATRINE O 111,DNK,1740995e6-623a-c1a5-cb82-31c353e8c37a,0.008922792519896973,0.8657679038572201,0,2,,DK00FX113
6afeca0eb36f0cae36f68f47326403ff,2026-06-12T19:55:48.000Z,2026-06-12T23:08:36.000Z,57.4114,10.7471,10.773308333333318,57.339148333333334,10.72430833333334,57.44736,False,219004473,FN283 LIVA,DNK,190232f32-27d8-ebbe-9c29-97b3e922f688,2.0516666963696477,14.025166300691165,7.783645000000001,9,,DK00FX113
e844f3ff68da5d31105ae9b89d2abfb9,2026-06-12T23:19:44.000Z,2026-06-12T23:59:25.000Z,57.4425,10.7596,10.750646666666666,57.431115,10.766615,57.451465,False,219004473,FN283 LIVA,DNK,190232f32-27d8-ebbe-9c29-97b3e922f688,2.714814751236527,3.9384793926100605,1.262872,11,,DK00FX113
021b8d0eff52db9900d61cfccb33e24b,2026-06-13T00:47:53.000Z,2026-06-13T02:17:54.000Z,57.3696,10.7543,10.760343333333338,57.337275,10.745595000000009,57.39914666666667,False,219004473,FN283 LIVA,DNK,190232f32-27d8-ebbe-9c29-97b3e922f688,2.5039215648875524,6.956512378295785,7.806697,10,,DK00FX113
b489867e29d57dc855f18aa5d07d7714,2026-06-13T04:23:08.000Z,2026-06-13T05:28:02.000Z,57.5045,10.5453,10.581999999999994,57.49997166666667,10.533431666666672,57.51148333333333,True,219005956,STEPHANIE DALSOE,DNK,55d89b91d-d45c-b1c5-7535-608cc4d7d592,1.9242424382404848,3.7779459552006127,3.264965,1,555522471;555557024;555543258,DK00FX113
6d4adfd27061a0c749ec0eaabd89e702,2026-06-13T14:24:01.000Z,2026-06-13T16:12:01.000Z,57.468,10.5495,10.558615000000003,57.464258,10.543428000000006,57.470065,True,219016142,SCANDOLA,DNK,556e31242-2034-945a-58ba-4ffd0d256e02,0.9971428571428571,2.6780336762204495,1.196209,2,555543258;67881;555522471;555538085;555557024,DK00FX113
f2736c88b0a10dc9d82c57482c8db61b,2026-06-13T14:37:21.000Z,2026-06-13T15:04:06.000Z,57.6787,10.6875,10.68974,57.67812166666667,10.685963333333348,57.67962166666667,False,219004279,OBERON,DNK,add236b2f-f6f8-2c3d-8e0f-e02751c4eb26,1.7178571495626653,1.2643900489851772,0,7,,DK00FX113
4691b8810856c4791af8605b4cd53472,2026-06-13T16:19:47.000Z,2026-06-13T18:15:45.000Z,57.5966,10.5647,10.495117,57.592462,10.599415,57.60585,False,219007479,S.500 I. JENNET,DNK,55b31a779-960d-dd64-b946-473a8fe33b22,2.386842105263158,8.14519367654357,4.171832,4,,DK00FX113
f1c87fd88d61ff5a6907f4e2a3ffe4e5,2026-06-13T19:36:03.000Z,2026-06-13T21:34:03.000Z,57.4002,10.7496,10.7432,57.358381666666666,10.763653333333334,57.43328833333333,False,219004119,FN 408 KENJA,DNK,a66a343a0-067b-549a-e066-e3fbe976aadd,2.3769230475792527,7.4793996419440045,5.843249,12,,DK00FX113
a97be82a3c67c50c3dbfd41298b0c888,2026-06-13T19:46:33.000Z,2026-06-13T23:18:00.000Z,57.4211,10.7283,10.712748333333334,57.34068166666667,10.753935,57.463715,False,219004473,FN283 LIVA,DNK,190232f32-27d8-ebbe-9c29-97b3e922f688,2.159793827337088,14.88501929182804,8.574571,10,,DK00FX113
ba92d17f7c4d174a1d798892c72de1be,2026-06-14T00:02:13.000Z,2026-06-14T02:31:13.000Z,57.3773,10.7181,10.68883,57.32949166666667,10.74949,57.42841833333333,False,219004473,FN283 LIVA,DNK,190232f32-27d8-ebbe-9c29-97b3e922f688,2.5285713842936923,11.682377001740894,9.003445,10,,DK00FX113
b2a194fb8da20be762a84dc09b9bf20b,2026-06-14T04:55:01.000Z,2026-06-14T05:26:01.000Z,57.504,10.5455,10.567904999999996,57.49832166666667,10.52622500000001,57.51165666666667,True,219013885,DORIS VENDELBO,DNK,050513a98-880a-98f7-ccc3-650614d8533f,3.0687499940395355,2.9205434412611697,3.7248180000000004,1,555543258;555522471;555557024,DK00FX113
1119dc6fdbc31132b2160c1a850016b6,2026-06-14T04:59:18.000Z,2026-06-14T05:43:00.000Z,57.5027,10.5452,10.538961666666667,57.50024833333333,10.546963333333334,57.505183333333335,True,219904000,KATRINE O 111,DNK,1740995e6-623a-c1a5-cb82-31c353e8c37a,0.6777777791023255,0.7302899149654539,2.109462,3,555543258;555557024;555522471,DK00FX113
493cc3a52fb9e29caa771276e94d067d,2026-06-14T08:05:38.000Z,2026-06-14T10:19:52.000Z,57.6705,10.6015,10.619882999999987,57.6667,10.595577999999989,57.672847,False,219021087,RIB SVN480-10,DNK,293d3f159-9024-286b-0f5a-98bf272cd995,2.836842105263158,2.529836379083903,0,5,,DK00FX113
6c5d1978bec14be52926104bb03c68a7,2026-06-14T13:00:48.000Z,2026-06-15T01:03:41.000Z,57.5926,10.4283,10.430880000000002,57.591582,10.42459500000001,57.593222,False,219021597,AZUMA,DNK,c9b0b4922-2f6b-e22c-f20f-5bdae5526f5f,0.40869565217391296,3.8785259226654807,0,1,,DK00FX113
31ad4da6e993a5d69dc5a054803520a6,2026-06-14T19:49:06.000Z,2026-06-14T23:00:02.000Z,57.4096,10.7408,10.781284999999997,57.346178333333334,10.700310000000002,57.46633,False,220127000,FN 261 STJERNE,DNK,013ba7567-7f7c-5d39-c59b-1b6822c67083,2.616666629910469,15.203641173516402,6.698568,10,,DK00FX113
c276f4b6cff8c3ca91b41ea524d7d794,2026-06-14T19:57:02.000Z,2026-06-15T02:41:31.000Z,57.4087,10.7392,10.691476666666667,57.354818333333334,10.76809,57.457723333333334,False,220256000,CHARLOTTE P  FN 131,DNK,f9350d74d-d66f-c031-94cd-b0f227dd5a0f,2.5436868648787962,31.569523367735833,8.216229,10,,DK00FX113
625428b669983f00281db1a7e157103f,2026-06-14T23:16:03.000Z,2026-06-15T02:33:03.000Z,57.397,10.7311,10.712348333333333,57.33573333333333,10.764891666666667,57.46490166666667,False,220127000,FN 261 STJERNE,DNK,013ba7567-7f7c-5d39-c59b-1b6822c67083,2.5430768593763684,15.713322695489198,8.574571,10,,DK00FX113
99eae468e575e27d81ef1026be290403,2026-06-15T05:16:25.000Z,2026-06-16T04:01:00.000Z,57.4946,10.5038,10.50699499999999,57.49232333333333,10.502780000000001,57.494753333333335,False,219904000,KATRINE O 111,DNK,1740995e6-623a-c1a5-cb82-31c353e8c37a,0.02771618628581184,1.2255950963764521,0,2,,DK00FX113
ba7e7e2da99b0ef3acae29951ec4e6f9,2026-06-15T19:17:02.000Z,2026-06-16T02:37:28.000Z,57.5262,10.7588,10.667598,57.426312,10.8125,57.589435,False,219009415,R254 KATRINE-KIM,DNK,cea1fec10-06e2-af1d-75bc-60c4a902f23a,2.5681063122923606,33.81387186660806,4.487853,7,,DK00FX113
f6369c6a7565d24c63b416891ba7fe96,2026-06-15T19:23:50.000Z,2026-06-15T23:02:04.000Z,57.4232,10.752,10.717301666666666,57.3744,10.799215,57.481568333333335,False,220072000,R177 DUEODDE,DNK,438ea858e-e541-e793-8324-1972af53ee8e,2.6193236276723337,17.40761901129174,5.362871,12,,DK00FX113
6179120cd6507a76591960b15834e5e8,2026-06-15T19:25:00.000Z,2026-06-16T02:48:00.000Z,57.4409,10.7536,10.771105000000006,57.358261666666664,10.733246666666673,57.515146666666666,False,220256000,CHARLOTTE P  FN 131,DNK,f9350d74d-d66f-c031-94cd-b0f227dd5a0f,2.5552752256871916,34.25572496513146,5.5597460000000005,11,,DK00FX113
86a691bd7e5dd97f02667c1871c49dbf,2026-06-15T19:27:04.000Z,2026-06-15T23:00:02.000Z,57.4351,10.7532,10.768754999999999,57.35617833333333,10.725570000000005,57.50078166666667,False,220127000,FN 261 STJERNE,DNK,013ba7567-7f7c-5d39-c59b-1b6822c67083,2.4999999681524208,15.880672434615533,5.5597460000000005,11,,DK00FX113
eb65adb25d3ce4ddd200d37b4f258e44,2026-06-15T19:39:50.000Z,2026-06-15T23:34:05.000Z,57.4529,10.7668,10.747605,57.37204833333333,10.786766666666667,57.518033333333335,False,220359000,SARAH KAJGAARD,DNK,cd281e305-5a5e-9406-1f34-d572865ff7f1,2.437333321968714,17.524472145966786,4.606441,12,,DK00FX113
7b5c897408ea8fd9b9a7c9547131c33c,2026-06-15T19:40:18.000Z,2026-06-15T23:00:04.000Z,57.4364,10.7628,10.774428333333333,57.366785,10.745053333333345,57.499428333333334,False,219011325,ROSA-GRY,DNK,a6a222d31-1fdf-7ed9-a1bb-275bac442bcc,2.4437185945223323,15.804614439754083,4.447797,12,,DK00FX113
1cc62f3f6dfb6a3e98805f5a3951efdc,2026-06-15T19:44:32.000Z,2026-06-16T00:25:16.000Z,57.429,10.7416,10.713282,57.366978,10.784908,57.505453,False,219012459,HM 67 LOTTI,DNK,cdca9c2b2-2f96-afb2-e67e-976ee9505b4e,2.421666666666667,20.25171844169121,5.719308,11,,DK00FX113
c60be1b761be10a8a40aadd0a78e1592,2026-06-15T19:58:01.000Z,2026-06-15T23:12:42.000Z,57.5973,10.6708,10.74199999999999,57.537065,10.623401666666666,57.61853333333333,False,219005954,BELLA-EMIL,DNK,452637753-32e2-e9d8-8651-7e3396324805,2.5476922599168925,15.440252299503701,4.2160020000000005,9,,DK00FX113
0c46dea9a7f8be14a2c626ea7d7804a8,2026-06-15T20:04:19.000Z,2026-06-15T23:06:06.000Z,57.4057,10.728,10.712618333333333,57.339175,10.753588333333333,57.458465,False,219005866,FN 72 NEBRASKA,DNK,4d50ffa58-835c-b38b-5f5d-84807d6929d5,2.5513661244935024,14.95377851144841,8.574571,10,,DK00FX113
99f75e99b0f6bd8c1885ec3977316493,2026-06-15T20:06:02.000Z,2026-06-15T21:22:02.000Z,57.3893,10.7382,10.746958333333339,57.364671666666666,10.729216666666673,57.413441666666664,False,219004119,FN 408 KENJA,DNK,a66a343a0-067b-549a-e066-e3fbe976aadd,2.384210558314072,5.530603819980433,5.687492,11,,DK00FX113
f4277277273e7e74ba91fca44ce51328,2026-06-15T20:21:04.000Z,2026-06-16T02:40:03.000Z,57.5029,10.7427,10.717186666666667,57.362426666666664,10.773661666666667,57.61837666666667,False,220349000,FN 422 LINA T,DNK,78716bdbe-eae3-1939-1d88-b28723752b4d,2.5736317998734277,29.90718329269062,6.31591,11,,DK00FX113
2ad9fc6e0420ee7b8662db484885cebf,2026-06-15T22:48:01.000Z,2026-06-16T02:46:02.000Z,57.3936,10.7254,10.768983333333324,57.341813333333334,10.700043333333326,57.46436333333333,False,219004119,FN 408 KENJA,DNK,a66a343a0-067b-549a-e066-e3fbe976aadd,2.2054726683085226,13.738510922371931,7.783645000000001,9,,DK00FX113
e1ebe2149e73cbe762391633a058b42a,2026-06-15T23:11:06.000Z,2026-06-16T02:29:09.000Z,57.4306,10.7654,10.74961,57.36097,10.77615,57.49070666666667,False,219011325,ROSA-GRY,DNK,a6a222d31-1fdf-7ed9-a1bb-275bac442bcc,2.3897590723382423,14.67843453523642,5.687492,11,,DK00FX113
50a7eae40a8c42d8fd0851ec45d5ad1e,2026-06-15T23:16:05.000Z,2026-06-16T02:29:06.000Z,57.3758,10.7431,10.724118333333333,57.31022333333333,10.759725,57.446995,False,219005866,FN 72 NEBRASKA,DNK,4d50ffa58-835c-b38b-5f5d-84807d6929d5,2.658762884324357,18.213022476076073,11.033520000000001,9,,DK00FX113
8c4f7ed4d65967e80b4abc4676762996,2026-06-15T23:18:00.000Z,2026-06-16T02:40:00.000Z,57.4333,10.7547,10.777908333333329,57.39743166666667,10.723196666666666,57.47029833333333,False,220072000,R177 DUEODDE,DNK,438ea858e-e541-e793-8324-1972af53ee8e,2.601522826603826,16.16363139070209,1.2630270000000001,13,,DK00FX113
7022dd3c501ca8edfcbddc4a8a13bf31,2026-06-15T23:20:02.000Z,2026-06-16T02:37:06.000Z,57.4338,10.7558,10.769804999999991,57.37078,10.729523333333333,57.4998,False,220127000,FN 261 STJERNE,DNK,013ba7567-7f7c-5d39-c59b-1b6822c67083,2.5598957793166237,15.189373204163031,4.447797,12,,DK00FX113
687399d027305e5e224177a497f94a38,2026-06-15T23:23:52.000Z,2026-06-16T02:37:40.000Z,57.5809,10.6528,10.727309999999989,57.534,10.629916666666674,57.61495,False,219005954,BELLA-EMIL,DNK,452637753-32e2-e9d8-8651-7e3396324805,2.5123966656440544,14.661760465267744,3.185572,8,,DK00FX113
c06405928e310dfc5eda99098aa03328,2026-06-15T23:43:10.000Z,2026-06-16T02:54:29.000Z,57.5045,10.7402,10.72505,57.46754333333333,10.762141666666666,57.54941,False,220359000,SARAH KAJGAARD,DNK,cd281e305-5a5e-9406-1f34-d572865ff7f1,2.4661290107234843,14.475237454867619,2.637309,8,,DK00FX113
4e1d3ba4b6488d72357fd3213181ba0f,2026-06-16T01:50:57.000Z,2026-06-16T03:18:35.000Z,57.4993,10.5177,10.502685,57.492613,10.538203,57.506875,True,219012459,HM 67 LOTTI,DNK,cdca9c2b2-2f96-afb2-e67e-976ee9505b4e,1.338095238095238,1.4586554147577941,0,1,555557024;555543258;555522471,DK00FX113
606756a126da36633f0a2bebdfe0db97,2026-06-16T04:31:10.000Z,2026-06-16T05:00:01.000Z,57.5004,10.5383,10.526791666666666,57.49765,10.551645,57.505455,True,219013885,DORIS VENDELBO,DNK,050513a98-880a-98f7-ccc3-650614d8533f,2.0366666555404658,1.7613289167508346,1.632363,3,555557024;555543258;555522471,DK00FX113
fb65ad0f4fc42789441dff763b0811b0,2026-06-16T07:39:00.000Z,2026-06-16T08:23:00.000Z,57.5034,10.5351,10.519121666666667,57.497305,10.543921666666666,57.50825833333333,True,219024715,FRU LUNDSGAARD SG 17,DNK,90127c090-07a8-9d1b-f1f7-67079141c112,1.9377778000301786,2.5007153909764384,1.262329,2,555543258;555557024;555522471,DK00FX113
f4993f1b0c9d39f998729e7cca0d02f7,2026-06-16T19:23:11.000Z,2026-06-17T00:51:00.000Z,57.3644,10.7481,10.77038833333333,57.31208,10.70610666666667,57.435183333333335,False,220256000,CHARLOTTE P  FN 131,DNK,f9350d74d-d66f-c031-94cd-b0f227dd5a0f,2.5709779081331443,26.769967056346346,9.077929,7,,DK00FX113
76456f16f0fd516c176bac88e5cc7b55,2026-06-16T19:46:16.000Z,2026-06-16T23:00:00.000Z,57.3502,10.7539,10.775613333333325,57.31502,10.73325166666666,57.40206666666667,False,220127000,FN 261 STJERNE,DNK,013ba7567-7f7c-5d39-c59b-1b6822c67083,2.503608240909183,14.907101778224629,8.696933000000001,7,,DK00FX113
cc22ab84e8f5a13dcc911b8d0521f69b,2026-06-16T19:49:02.000Z,2026-06-17T02:43:41.000Z,57.4356,10.7597,10.781583333333344,57.36230833333333,10.729338333333345,57.493775,False,219009229,FN236 JULIE-EMILIE,DNK,3e4862ed6-6e6f-72f9-7db0-5a728160a8b3,2.444923100929994,31.365553247174606,5.591957000000001,11,,DK00FX113
590d849c36c806da624cb991b5509568,2026-06-16T19:55:28.000Z,2026-06-17T02:23:36.000Z,57.596,10.6593,10.74969999999999,57.54066666666667,10.620800000000003,57.62265,False,219005954,BELLA-EMIL,DNK,452637753-32e2-e9d8-8651-7e3396324805,2.5340517168414993,35.46632407305293,4.73364,10,,DK00FX113
9c4eae5ead962a6a531d051d67734758,2026-06-16T20:04:03.000Z,2026-06-16T22:38:01.000Z,57.4098,10.7266,10.749956666666662,57.36201666666667,10.69860833333334,57.45650333333333,False,219004119,FN 408 KENJA,DNK,a66a343a0-067b-549a-e066-e3fbe976aadd,2.323870962665928,10.978908399689193,5.687492,11,,DK00FX113
461d66e34a0405935dad8494d6cc4c6c,2026-06-16T22:50:03.000Z,2026-06-17T02:26:01.000Z,57.407,10.7168,10.690778333333334,57.346313333333335,10.754893333333333,57.46328,False,219004119,FN 408 KENJA,DNK,a66a343a0-067b-549a-e066-e3fbe976aadd,2.167839183579739,14.165781914852897,8.216229,10,,DK00FX113
c5c6d113b33726086d7971628f928ecf,2026-06-16T23:11:07.000Z,2026-06-17T02:37:05.000Z,57.3601,10.7437,10.77302499999999,57.32252833333333,10.728808333333347,57.401445,False,220127000,FN 261 STJERNE,DNK,013ba7567-7f7c-5d39-c59b-1b6822c67083,2.5682926747857064,16.573731997963492,9.278793,8,,DK00FX113
bfad4f9ef236bbcdf1b820ef6edf5cd5,2026-06-17T01:02:16.000Z,2026-06-17T02:48:00.000Z,57.4412,10.7212,10.694918333333334,57.41319,10.771443333333334,57.452846666666666,False,220256000,CHARLOTTE P  FN 131,DNK,f9350d74d-d66f-c031-94cd-b0f227dd5a0f,2.451886760176351,7.952471768123983,4.336856,9,,DK00FX113
900b8db4f42414bf45c57a1d45ce0e02,2026-06-17T04:19:03.000Z,2026-06-17T04:58:03.000Z,57.4928,10.5525,10.555218333333329,57.489551666666664,10.550781666666666,57.49581166666667,True,220368000,O 159 RANDI,DNK,23b776e71-126f-9ab4-62f5-3dd2f3acef61,0.6525000050663947,0.767709213117023,2.524891,2,555543258;67881;555522471;555557024;555538085,DK00FX113
adb16915ad9bf7c34b726c13972c55b7,2026-06-17T04:34:06.000Z,2026-06-17T14:13:05.000Z,57.4923,10.5068,10.503218333333333,57.49209833333333,10.50709,57.494591666666665,False,220127000,FN 261 STJERNE,DNK,013ba7567-7f7c-5d39-c59b-1b6822c67083,0.05432835779528111,0.7829757580151412,0,1,,DK00FX113
427b1f55a4216c2319dd23bee28d2a30,2026-06-17T04:46:09.000Z,2026-06-17T05:26:00.000Z,57.4984,10.5271,10.516935,57.49509833333333,10.547985,57.50499666666666,True,219013885,DORIS VENDELBO,DNK,050513a98-880a-98f7-ccc3-650614d8533f,1.8365853788649167,2.178410759555047,1.262329,2,555543258;555557024;555522471,DK00FX113
caf1e8a88c8d97bd882f93d85df1bd87,2026-06-17T15:01:55.000Z,2026-06-17T15:33:40.000Z,57.6434,10.6114,10.617031999999995,57.63956,10.60569000000001,57.646588,False,219220156,S 543 TAHA,DNK,0a0df7dd4-43c4-b65d-97d8-26c779cb2248,2.4999999999999996,1.8107795228023893,0,8,,DK00FX113
972fb980b5a014401d2f15d06ee0f4a3,2026-06-17T19:33:47.000Z,2026-06-18T02:33:00.000Z,57.359,10.7609,10.737731666666667,57.31905833333333,10.783986666666667,57.405305,False,220127000,FN 261 STJERNE,DNK,013ba7567-7f7c-5d39-c59b-1b6822c67083,2.500740757327022,32.37055915708172,10.167950000000001,9,,DK00FX113
626a6c4448669cf64cb3abd5910074b0,2026-06-17T19:44:00.000Z,2026-06-18T01:46:01.000Z,57.5518,10.6629,10.635035,57.492983333333335,10.69688,57.602465,False,219024715,FRU LUNDSGAARD SG 17,DNK,90127c090-07a8-9d1b-f1f7-67079141c112,2.371186456101089,26.033396201485495,1.6326019999999999,3,,DK00FX113
076976df77ccda44474576f54a6b1a11,2026-06-17T19:47:58.000Z,2026-06-18T02:44:00.000Z,57.5899,10.6544,10.748483333333326,57.53703333333333,10.619168333333334,57.622166666666665,False,219005954,BELLA-EMIL,DNK,452637753-32e2-e9d8-8651-7e3396324805,2.563983015084672,33.417762791554104,4.73364,10,,DK00FX113
5c44056041dad0451818abc21a2fb31e,2026-06-17T19:55:07.000Z,2026-06-18T02:42:07.000Z,57.5531,10.6329,10.667363333333327,57.49876666666667,10.612796666666668,57.61234833333334,False,219005659,KAREN-PETER RS314,DNK,a79b138f3-3f7a-9e9b-2db2-fca724d8bb38,2.334114590659738,28.874443391613152,1.262252,4,555543258;555557024;555522471,DK00FX113
bb5df35a85caf1c0b9fcc6b2686af742,2026-06-17T20:04:01.000Z,2026-06-17T21:28:01.000Z,57.4055,10.7343,10.745558333333321,57.37838,10.719899999999996,57.43120833333333,False,219004119,FN 408 KENJA,DNK,a66a343a0-067b-549a-e066-e3fbe976aadd,2.3823529860552615,6.122195702852144,3.5445569999999997,13,,DK00FX113
d0c64f4981523296c4cb74940dfcc398,2026-06-17T23:24:02.000Z,2026-06-18T02:41:52.000Z,57.4119,10.7488,10.791701666666654,57.36433,10.713684999999998,57.4652,False,219004119,FN 408 KENJA,DNK,a66a343a0-067b-549a-e066-e3fbe976aadd,2.2206896516098373,14.23209314151559,5.687492,10,,DK00FX113
ce4e713ed1b3b0a5a0e954de3ee155c3,2026-06-18T02:53:00.000Z,2026-06-18T03:33:00.000Z,57.4951,10.5249,10.52027,57.492935,10.529623333333333,57.49727166666667,True,219024715,FRU LUNDSGAARD SG 17,DNK,90127c090-07a8-9d1b-f1f7-67079141c112,0.6780487865936463,0.7400578440443845,0.597614,2,555538085;555557024;555522471;555543258;67881,DK00FX113
07c068612a62e0bed233866a402b1b84,2026-06-18T03:12:06.000Z,2026-06-18T03:41:06.000Z,57.4985,10.5377,10.560366666666653,57.49569833333333,10.516825000000011,57.501646666666666,True,219005659,KAREN-PETER RS314,DNK,a79b138f3-3f7a-9e9b-2db2-fca724d8bb38,2.899999976158142,2.698362644872174,3.187873,2,555543258;555522471;555557024,DK00FX113
c6daf59db16aab65e4a8062eb6e2c10b,2026-06-18T04:42:08.000Z,2026-06-18T05:13:09.000Z,57.5022,10.6278,10.652866666666654,57.49502666666667,10.60202666666666,57.50998,False,219005956,STEPHANIE DALSOE,DNK,55d89b91d-d45c-b1c5-7535-608cc4d7d592,3.6187499985098843,3.4645806724543844,2.109044,3,555522471;555557024;555543258,DK00FX113
fe11f5466c91f03a532eb09d91af1396,2026-06-18T05:12:00.000Z,2026-06-18T05:36:03.000Z,57.4996,10.5256,10.523351666666667,57.497418333333336,10.527421666666667,57.50136,True,219904000,KATRINE O 111,DNK,1740995e6-623a-c1a5-cb82-31c353e8c37a,0.9719999980926514,0.6523308035372909,1.262329,2,555557024;555543258;555522471,DK00FX113
a640cba3b4db3b87fc48636c237978f9,2026-06-18T05:29:09.000Z,2026-06-18T06:13:08.000Z,57.5058,10.544,10.570368333333334,57.498133333333335,10.531268333333344,57.51373666666667,True,219005956,STEPHANIE DALSOE,DNK,55d89b91d-d45c-b1c5-7535-608cc4d7d592,2.4222222016917336,3.2321410969956457,3.7248180000000004,1,555522471;555543258;555557024,DK00FX113
fd8d33bd47063484e0e98780271f97b2,2026-06-18T19:25:53.000Z,2026-06-19T02:52:00.000Z,57.4906,10.7461,10.77999166666666,57.36264833333333,10.685138333333327,57.568241666666665,False,219010207,S10 CHRISTINA,DNK,d1956c75e-ece8-c306-b7e3-fd4f98489c58,2.343847873146904,34.17203125083834,5.591957000000001,11,,DK00FX113
3e882f2c2d7dd2e888cc10f8ebd1f0be,2026-06-18T19:33:57.000Z,2026-06-18T20:02:07.000Z,57.3645,10.7614,10.759088333333333,57.363405,10.763845,57.364975,False,219005659,KAREN-PETER RS314,DNK,a79b138f3-3f7a-9e9b-2db2-fca724d8bb38,0.9052631678549866,0.7690827968285333,5.591957000000001,11,,DK00FX113
27f3eff0dc8997311796b811af237013,2026-06-18T19:45:39.000Z,2026-06-19T02:48:48.000Z,57.4708,10.7631,10.731877,57.37479,10.799848,57.543645,False,219012459,HM 67 LOTTI,DNK,cdca9c2b2-2f96-afb2-e67e-976ee9505b4e,2.561866666666667,33.8357287737205,5.052573000000001,12,,DK00FX113
e800c5c742998781a1dacd9700b78167,2026-06-18T19:55:40.000Z,2026-06-18T23:59:05.000Z,57.4327,10.7591,10.742613333333333,57.350408333333334,10.772556666666667,57.49350333333334,False,219009229,FN236 JULIE-EMILIE,DNK,3e4862ed6-6e6f-72f9-7db0-5a728160a8b3,2.5356521761935684,20.03009857018072,6.909789,11,,DK00FX113
770d11373363d3c0aa60258340388369,2026-06-18T20:14:01.000Z,2026-06-18T23:18:22.000Z,57.6008,10.6659,10.624958333333334,57.55251833333333,10.73585,57.61963333333333,False,219005954,BELLA-EMIL,DNK,452637753-32e2-e9d8-8651-7e3396324805,2.5062936807012215,14.256986848077638,4.8942120000000005,6,,DK00FX113
a818b0000fdd0d67e3fef8d2c01f5797,2026-06-18T23:18:26.000Z,2026-06-19T02:37:02.000Z,57.5461,10.7469,10.723573333333333,57.51173333333333,10.789390000000001,57.577668333333335,False,219011325,ROSA-GRY,DNK,a6a222d31-1fdf-7ed9-a1bb-275bac442bcc,2.415075421033793,14.936182695998129,2.389145,7,,DK00FX113
e20c998f867c6753281fa8c7099db6e0,2026-06-18T23:33:57.000Z,2026-06-19T02:33:07.000Z,57.5827,10.6503,10.718211666666662,57.540728333333334,10.631266666666676,57.611711666666665,False,219005954,BELLA-EMIL,DNK,452637753-32e2-e9d8-8651-7e3396324805,2.4191176567007497,13.5194167740563,3.263048,8,,DK00FX113
28f4ca35aa7bb0a4fae6eff7f87887b9,2026-06-19T00:15:02.000Z,2026-06-19T02:50:39.000Z,57.4128,10.7527,10.73951,57.37556,10.765486666666666,57.462891666666664,False,219009229,FN236 JULIE-EMILIE,DNK,3e4862ed6-6e6f-72f9-7db0-5a728160a8b3,2.205228818982257,10.942917869329218,3.789313,13,,DK00FX113
66db7095d37605c3f69baac87a8ad4a9,2026-06-19T03:19:02.000Z,2026-06-19T03:58:02.000Z,57.5114,10.5277,10.530419999999992,57.507515,10.526033333333345,57.51566666666667,True,220368000,O 159 RANDI,DNK,23b776e71-126f-9ab4-62f5-3dd2f3acef61,0.7900000020861624,0.9599409344028019,2.524581,3,555522471;555543258;555557024,DK00FX113
c66d3118c8fb9bac0710b6370855b7fc,2026-06-19T04:06:04.000Z,2026-06-19T04:28:06.000Z,57.5083,10.5371,10.535628333333333,57.50620333333333,10.539715,57.51063666666667,True,219011325,ROSA-GRY,DNK,a6a222d31-1fdf-7ed9-a1bb-275bac442bcc,0.8695652173913044,0.5750321396165732,2.856264,3,555522471;555557024;555543258,DK00FX113
e4e446584bede2dfdf47d619340b2038,2026-06-19T04:12:01.000Z,2026-06-19T05:08:04.000Z,57.5134,10.5303,10.533771666666667,57.50816833333333,10.527758333333338,57.519415,True,219904000,KATRINE O 111,DNK,1740995e6-623a-c1a5-cb82-31c353e8c37a,0.7807017617058336,1.8167044161450456,2.524581,3,555522471;555557024;555543258,DK00FX113
8dda7d0450d03f5abd6f7087feba5513,2026-06-19T04:36:04.000Z,2026-06-22T04:07:06.000Z,57.4947,10.5041,10.503495000000001,57.494585,10.526296666666667,57.499628333333334,False,219013885,DORIS VENDELBO,DNK,050513a98-880a-98f7-ccc3-650614d8533f,0.0076884169302990045,0.759581659424447,0,1,555543258;555557024;555522471,DK00FX113
09a5c142d725ff66ed337f975a3f9155,2026-06-19T05:29:00.000Z,2026-06-19T17:05:20.000Z,57.4927,10.5053,10.502703333333333,57.49261,10.506911666666667,57.49456,False,219904000,KATRINE O 111,DNK,1740995e6-623a-c1a5-cb82-31c353e8c37a,0.03207261704821449,0.6651690361694416,0,1,,DK00FX113
498fe68bde8fe49bade1d24cc9bca818,2026-06-19T20:33:05.000Z,2026-06-20T01:50:00.000Z,57.5345,10.7334,10.786191666666667,57.464018333333335,10.651813333333337,57.568805,False,219010207,S10 CHRISTINA,DNK,d1956c75e-ece8-c306-b7e3-fd4f98489c58,2.138364771683261,21.360195773400495,2.5250459999999997,12,,DK00FX113
ae920935e38bc05bceb335c463eec4cd,2026-06-20T02:53:03.000Z,2026-06-20T04:03:04.000Z,57.4945,10.5407,10.521863333333334,57.489846666666665,10.572091666666667,57.49975333333333,True,219010207,S10 CHRISTINA,DNK,d1956c75e-ece8-c306-b7e3-fd4f98489c58,1.4605633666397824,3.212941608875163,0.597614,2,67881;555522471;555538085;555543258;555557024,DK00FX113
24b028ca9a51eb6fd5331d54be4cb9d4,2026-06-20T04:12:09.000Z,2026-06-20T05:32:00.000Z,57.5003,10.541,10.527098333333333,57.49415,10.5814,57.512701666666665,True,219005956,STEPHANIE DALSOE,DNK,55d89b91d-d45c-b1c5-7535-608cc4d7d592,1.735802453149248,4.112778042487448,1.195227,2,555522471;67881;555538085;555543258;555557024,DK00FX113
a51a3331678ee07c1f561a74d48471b2,2026-06-20T04:27:19.000Z,2026-06-20T04:56:00.000Z,57.5159,10.5383,10.537366666666667,57.51365,10.53919,57.51842833333333,True,219904000,KATRINE O 111,DNK,1740995e6-623a-c1a5-cb82-31c353e8c37a,0.5966666743159295,0.8083019441791994,2.856264,3,555557024;555522471;555543258,DK00FX113
0b6ab8dbe220c55c2ac2d7d3df63b901,2026-06-20T05:23:20.000Z,2026-07-06T04:24:00.000Z,57.4927,10.5054,10.506900000000002,57.49245666666667,10.503058333333342,57.494605,False,219904000,KATRINE O 111,DNK,1740995e6-623a-c1a5-cb82-31c353e8c37a,0.0009380863146677094,5.039566736432589,0,2,,DK00FX113
9adffbc63589dbc9d3f19691e49c8441,2026-06-20T19:00:05.000Z,2026-06-20T22:58:02.000Z,57.5274,10.7161,10.726871666666653,57.458938333333336,10.701688333333323,57.60765333333333,False,219011325,ROSA-GRY,DNK,a6a222d31-1fdf-7ed9-a1bb-275bac442bcc,2.3323008834788226,18.01625856697436,3.190174,8,,DK00FX113
62e2648fead1bf01c8edaf4785802770,2026-06-20T19:02:04.000Z,2026-06-21T02:42:00.000Z,57.5374,10.7263,10.769884999999988,57.43169833333334,10.660658333333345,57.60543333333333,False,219010207,S10 CHRISTINA,DNK,d1956c75e-ece8-c306-b7e3-fd4f98489c58,2.36899563863418,34.464088717608604,1.111949,12,,DK00FX113
3bea41ab6b465701b8bd1547086bce67,2026-06-20T19:38:00.000Z,2026-06-21T01:42:01.000Z,57.634,10.7346,10.67406,57.57740166666667,10.80257,57.688415,False,219024715,FRU LUNDSGAARD SG 17,DNK,90127c090-07a8-9d1b-f1f7-67079141c112,2.3050847651258035,25.98795067580594,5.591572,10,,DK00FX113
9fa8847d5ed57692965e7400fddf621c,2026-06-20T19:46:57.000Z,2026-06-21T02:45:25.000Z,57.5307,10.7135,10.698233,57.461822,10.731083,57.59421,False,219012459,HM 67 LOTTI,DNK,cdca9c2b2-2f96-afb2-e67e-976ee9505b4e,2.455752212389379,35.358239690263424,1.6330820000000001,7,,DK00FX113
a83e4a642558dc996d2a9ccc3d2b5bd0,2026-06-20T20:01:09.000Z,2026-06-21T03:03:09.000Z,57.6228,10.7477,10.677226666666666,57.56138833333333,10.800626666666666,57.681715,False,219005956,STEPHANIE DALSOE,DNK,55d89b91d-d45c-b1c5-7535-608cc4d7d592,2.357210424316971,32.13050573134335,4.447797,8,,DK00FX113
3e085e75e022372b9c7a518795a782c7,2026-06-20T20:10:02.000Z,2026-06-21T00:14:23.000Z,57.5741,10.6472,10.632758333333333,57.51958666666667,10.66144,57.611313333333335,False,219005659,KAREN-PETER RS314,DNK,a79b138f3-3f7a-9e9b-2db2-fca724d8bb38,2.2363265366578595,16.937942395260805,2.985612,3,,DK00FX113
588b17b649abb4081b85b426c8500edf,2026-06-20T23:09:06.000Z,2026-06-21T02:33:02.000Z,57.5348,10.7065,10.692071666666667,57.47530666666667,10.729613333333333,57.602495,False,219011325,ROSA-GRY,DNK,a6a222d31-1fdf-7ed9-a1bb-275bac442bcc,2.439024426878952,16.147080132067767,0,6,,DK00FX113
96eac48c8ad16b722ea10d714d81eabc,2026-06-21T04:02:52.000Z,2026-06-21T04:43:02.000Z,57.4875,10.5666,10.572039999999987,57.487253,10.561362000000003,57.487887,True,219012459,HM 67 LOTTI,DNK,cdca9c2b2-2f96-afb2-e67e-976ee9505b4e,0.676470588235294,0.9649998457804457,2.8568800000000003,2,555557024;555543258;67881;555538085;555522471,DK00FX113
a911af4be1851a63a43a4bd0ab6c969a,2026-06-21T19:23:05.000Z,2026-06-21T23:14:09.000Z,57.585,10.7314,10.727441666666667,57.501153333333335,10.74471,57.65634333333333,False,220345000,SG115 CECILIE MATHIL,DNK,58b5fd79c-c1e1-ab38-017b-ed3345596621,2.494827548041939,17.675770869698518,2.636122,7,,DK00FX113
2684d16784b635184ce67aa85372114d,2026-06-21T19:36:05.000Z,2026-06-21T22:58:02.000Z,57.5547,10.7025,10.687573333333333,57.49107333333333,10.726391666666666,57.61689,False,219011325,ROSA-GRY,DNK,a6a222d31-1fdf-7ed9-a1bb-275bac442bcc,2.3694581677173736,14.67672599862319,0,5,,DK00FX113
bdadefe40d83c1550f6c8f5b7d136d57,2026-06-21T19:44:03.000Z,2026-06-22T03:09:02.000Z,57.5491,10.7499,10.766826666666674,57.47725166666667,10.724081666666677,57.616915,False,220368000,O 159 RANDI,DNK,23b776e71-126f-9ab4-62f5-3dd2f3acef61,2.5192771107317444,38.749372700552414,0,10,,DK00FX113
c614729a90e817c03b063148e3b64bf0,2026-06-21T19:49:02.000Z,2026-06-22T02:10:03.000Z,57.4318,10.7304,10.707045,57.367575,10.747655,57.507421666666666,False,219006301,FN 308 HELLE LOTTE,DNK,64130f509-9c27-c779-f4bc-cbfaa9ae6e0b,2.3422043374789654,28.79543722893363,5.719308,11,,DK00FX113
d0678bc703b9262bdd6bb0ed2a79d4ca,2026-06-21T19:51:19.000Z,2026-06-21T23:10:16.000Z,57.3955,10.7509,10.742841666666667,57.327268333333336,10.756603333333333,57.46442666666667,False,220072000,R177 DUEODDE,DNK,438ea858e-e541-e793-8324-1972af53ee8e,2.5242104858160017,16.484089047011167,9.075627,10,,DK00FX113
ba5bba773e650f9fd73743ca8e99f7f5,2026-06-21T19:51:20.000Z,2026-06-22T01:29:01.000Z,57.4584,10.6941,10.715663333333339,57.403558333333336,10.676273333333341,57.51188,False,219024715,FRU LUNDSGAARD SG 17,DNK,90127c090-07a8-9d1b-f1f7-67079141c112,2.4946874994784602,25.549357552059394,3.194773,11,,DK00FX113
de561aee45980003ed63853d25513e8a,2026-06-21T19:55:17.000Z,2026-06-22T02:48:03.000Z,57.4599,10.7482,10.7155,57.35093,10.770495,57.53662333333333,False,219009229,FN236 JULIE-EMILIE,DNK,3e4862ed6-6e6f-72f9-7db0-5a728160a8b3,2.4582089306554993,32.81358221040883,7.313953000000001,11,,DK00FX113
1fac69f7b1783a780564314195e39639,2026-06-21T19:59:41.000Z,2026-06-22T03:00:30.000Z,57.5481,10.7132,10.738859999999988,57.476792,10.693217000000004,57.611168,False,219012459,HM 67 LOTTI,DNK,cdca9c2b2-2f96-afb2-e67e-976ee9505b4e,2.4728395061728397,33.46321106540166,1.7933320000000001,8,,DK00FX113
53d591cff81fc7744ab061a40629a801,2026-06-21T20:21:16.000Z,2026-06-21T22:58:06.000Z,57.3943,10.7266,10.74680833333332,57.339913333333335,10.71057166666668,57.44849833333333,False,219005866,FN 72 NEBRASKA,DNK,4d50ffa58-835c-b38b-5f5d-84807d6929d5,2.524050611257554,15.072793222239294,7.875449,10,,DK00FX113
9a975ca5dd7892c177d97aab88746223,2026-06-21T23:09:05.000Z,2026-06-22T02:48:06.000Z,57.535,10.7064,10.68981,57.46136666666666,10.724508333333333,57.61711833333333,False,219011325,ROSA-GRY,DNK,a6a222d31-1fdf-7ed9-a1bb-275bac442bcc,2.5331797050440907,20.496932804496396,1.262562,6,,DK00FX113
5144084fe43329a5cd082d2d2cf3ab7c,2026-06-21T23:26:09.000Z,2026-06-22T03:44:00.000Z,57.5563,10.7434,10.753035000000011,57.470715,10.733638333333346,57.64653166666667,False,220345000,SG115 CECILIE MATHIL,DNK,58b5fd79c-c1e1-ab38-017b-ed3345596621,2.5111968838340077,21.036463035885646,1.6328420000000001,9,,DK00FX113
f6482e198f1f360ebeb10489bc7ae4b7,2026-06-21T23:43:06.000Z,2026-06-22T02:33:07.000Z,57.3634,10.7261,10.741029999999995,57.30745666666667,10.712228333333343,57.42677833333333,False,219005866,FN 72 NEBRASKA,DNK,4d50ffa58-835c-b38b-5f5d-84807d6929d5,2.583040935567945,15.908024783656604,10.868514999999999,8,,DK00FX113
0eb51c72b63f6b6248547aa7872aa283,2026-06-22T04:14:03.000Z,2026-06-22T07:16:25.000Z,57.4951,10.5144,10.502865,57.493423,10.528555,57.498052,False,219012459,HM 67 LOTTI,DNK,cdca9c2b2-2f96-afb2-e67e-976ee9505b4e,0.24843749999999998,0.9295065954270139,0,1,555543258;555557024;555522471,DK00FX113
884f5123cc96c25570e6b69cf13535d3,2026-06-22T06:47:41.000Z,2026-06-22T07:15:10.000Z,57.48,10.6226,10.614592,57.471662,10.636553,57.484317,True,219014416,GEKKO,DNK,d801070a0-0a5a-5ac0-4f10-bffc629b86e7,3.0888888888888886,2.440096217149445,1.262484,3,349827;555522471;67881;555538085;555543258;555557024,DK00FX113
d1d41f327c2ff1751cee7e6bd2336794,2026-06-22T07:26:10.000Z,2026-06-22T11:25:01.000Z,57.3917,10.7644,10.650818,57.319633,10.888632,57.46264,False,219014416,GEKKO,DNK,d801070a0-0a5a-5ac0-4f10-bffc629b86e7,3.0755952380952394,24.564615897124746,6.6963919999999995,7,,DK00FX113
496c850b8486cacba18585b96cfb0d5c,2026-06-22T19:17:01.000Z,2026-06-23T01:42:07.000Z,57.5558,10.7052,10.683698333333334,57.469055,10.729758333333333,57.62123833333333,False,219011325,ROSA-GRY,DNK,a6a222d31-1fdf-7ed9-a1bb-275bac442bcc,2.5324467943703843,30.285979560342195,0,5,,DK00FX113
3771e51a65c2720e4be96bfbe75c5c35,2026-06-22T19:40:01.000Z,2026-06-23T02:47:03.000Z,57.5417,10.7441,10.718951666666667,57.464976666666665,10.7647,57.61667166666667,False,220368000,O 159 RANDI,DNK,23b776e71-126f-9ab4-62f5-3dd2f3acef61,2.568838490473987,33.67572115690369,2.637902,8,,DK00FX113
15d67f309a0c6a7214078933647ba731,2026-06-22T19:40:02.000Z,2026-06-23T02:03:32.000Z,57.4745,10.6903,10.707348333333329,57.436395,10.667571666666674,57.511585,False,219005659,KAREN-PETER RS314,DNK,a79b138f3-3f7a-9e9b-2db2-fca724d8bb38,2.21705883552923,27.29211415199412,3.728757,9,,DK00FX113
5a425906e94d7c551e53bac9c68a09f9,2026-06-22T19:46:21.000Z,2026-06-23T02:59:10.000Z,57.5433,10.709,10.728636999999992,57.470735,10.686757,57.609973,False,219012459,HM 67 LOTTI,DNK,cdca9c2b2-2f96-afb2-e67e-976ee9505b4e,2.472701149425288,34.144535576602735,2.637309,8,,DK00FX113
1b60e3d5c2d4b3adde9d529026e05050,2026-06-22T19:47:17.000Z,2026-06-23T01:27:02.000Z,57.4853,10.6862,10.676898333333334,57.43601833333334,10.70481,57.534775,False,219024715,FRU LUNDSGAARD SG 17,DNK,90127c090-07a8-9d1b-f1f7-67079141c112,2.4498525390231154,25.376176406783276,3.335848,7,,DK00FX113
84852ebf7a98abe76465e6c1039023b5,2026-06-22T19:49:09.000Z,2026-06-22T23:08:26.000Z,57.5599,10.7392,10.751319999999993,57.49220833333333,10.725490000000008,57.62316333333333,False,220072000,R177 DUEODDE,DNK,438ea858e-e541-e793-8324-1972af53ee8e,2.492227971862634,16.13115093793649,1.195227,9,,DK00FX113
28047dd324d923bf8a1d4963e15af025,2026-06-22T19:52:45.000Z,2026-06-23T02:39:23.000Z,57.5491,10.72,10.707283333333333,57.4659,10.736016666666666,57.603206666666665,False,219005954,BELLA-EMIL,DNK,452637753-32e2-e9d8-8651-7e3396324805,2.474149614876632,33.162005047881905,1.6328420000000001,7,,DK00FX113
69bead79e54112b629c206b6931409b6,2026-06-22T19:59:02.000Z,2026-06-23T01:50:02.000Z,57.5157,10.7063,10.724381666666659,57.46216166666667,10.681174999999996,57.57376166666667,False,219006301,FN 308 HELLE LOTTE,DNK,64130f509-9c27-c779-f4bc-cbfaa9ae6e0b,2.3982906214829187,26.039903889985197,2.637902,8,,DK00FX113
b715a605d1888c9488acaabcd860e2a8,2026-06-23T03:06:07.000Z,2026-06-23T03:41:03.000Z,57.5975,10.6814,10.655621666666667,57.59213333333334,10.702845,57.601533333333336,False,219021235,HAVFISKEN,DNK,f770e03eb-b317-8f20-fb64-b93d0f9e4c82,2.8527777393658957,3.76291746221121,4.447797,10,,DK00FX113
d0af6fed574199621e090830ef124a92,2026-06-23T04:08:42.000Z,2026-06-23T04:43:16.000Z,57.5087,10.5316,10.530712,57.502542,10.534692,57.513077,True,219012459,HM 67 LOTTI,DNK,cdca9c2b2-2f96-afb2-e67e-976ee9505b4e,1.2615384615384615,1.21510434506455,1.632363,3,555543258;555522471;555557024,DK00FX113
b7f4581ac6e203ce7bc80ef6291a0801,2026-06-23T14:50:15.000Z,2026-06-23T16:16:57.000Z,57.4813,10.5282,10.53374199999999,57.477568,10.519305000000003,57.485002,True,219016142,SCANDOLA,DNK,556e31242-2034-945a-58ba-4ffd0d256e02,1.9090909090909087,1.5257862524592247,1.262484,2,555543258;67881;555522471;555557024;555538085,DK00FX113
2bc674e453db3e73b1d4baf1c011ed9a,2026-06-23T19:36:20.000Z,2026-06-23T23:13:03.000Z,57.5357,10.7125,10.700785,57.46131666666667,10.726603333333333,57.602441666666664,False,220072000,R177 DUEODDE,DNK,438ea858e-e541-e793-8324-1972af53ee8e,2.441314569521397,16.244277604261775,1.6330820000000001,7,,DK00FX113
1d6a0279b5833543f8a1c3447a450123,2026-06-23T19:38:11.000Z,2026-06-24T03:00:04.000Z,57.5446,10.7483,10.726533,57.468783,10.77113,57.614792,False,219012459,HM 67 LOTTI,DNK,cdca9c2b2-2f96-afb2-e67e-976ee9505b4e,2.4499999999999997,35.255173012007354,2.637309,8,,DK00FX113
ca4304ba67b8273f6ef2b1077e6532e4,2026-06-23T19:42:42.000Z,2026-06-24T02:52:03.000Z,57.5585,10.7084,10.667805,57.473778333333335,10.739945,57.62589,False,220368000,O 159 RANDI,DNK,23b776e71-126f-9ab4-62f5-3dd2f3acef61,2.5347394268802583,34.063770227463166,0.5979410000000001,5,,DK00FX113
041adf30b946c0178081438701d25736,2026-06-23T19:51:01.000Z,2026-06-24T02:01:02.000Z,57.5055,10.7153,10.72917666666666,57.439528333333335,10.691945000000004,57.56576666666667,False,219006301,FN 308 HELLE LOTTE,DNK,64130f509-9c27-c779-f4bc-cbfaa9ae6e0b,2.3297297859312724,26.682333356309325,2.858421,10,,DK00FX113
65b8cbc78f89a8ee3899de6b6e34ca55,2026-06-23T19:53:11.000Z,2026-06-24T02:42:01.000Z,57.5917,10.6922,10.67179,57.52505333333333,10.745035,57.64839333333333,False,220256000,CHARLOTTE P  FN 131,DNK,f9350d74d-d66f-c031-94cd-b0f227dd5a0f,2.5070731330208655,31.28512396106696,1.262097,6,,DK00FX113
b0c39e6d2ef0c50a34f1262b52b167ae,2026-06-23T19:53:49.000Z,2026-06-23T23:18:29.000Z,57.4609,10.6896,10.667983333333334,57.436521666666664,10.713705000000001,57.4881,False,219005659,KAREN-PETER RS314,DNK,a79b138f3-3f7a-9e9b-2db2-fca724d8bb38,2.3416243682658022,15.457561968860198,3.3890569999999998,7,,DK00FX113
c91faeacd2756db28cf6c02187d64cb9,2026-06-23T20:01:06.000Z,2026-06-23T23:19:06.000Z,57.3741,10.7145,10.686506666666666,57.30667,10.754263333333334,57.42888666666666,False,219005866,FN 72 NEBRASKA,DNK,4d50ffa58-835c-b38b-5f5d-84807d6929d5,2.4502512344987544,15.294456530641583,9.276415,10,,DK00FX113
249a598afff67348848c2bc9fc7faa52,2026-06-23T20:12:10.000Z,2026-06-23T23:19:01.000Z,57.3705,10.7193,10.753426666666655,57.31013333333333,10.69248166666668,57.41927,False,219006835,FN 484 SPIRHOLM,DNK,e20b2985b-b57d-ad13-214b-774683cf03c8,2.275531922724653,13.774973969105133,10.271213,8,,DK00FX113
99f72b59860d32e57f2261d5f1cbaf97,2026-06-23T23:28:00.000Z,2026-06-24T02:46:00.000Z,57.3727,10.7265,10.756001666666663,57.319761666666665,10.684288333333342,57.43204333333333,False,219006835,FN 484 SPIRHOLM,DNK,e20b2985b-b57d-ad13-214b-774683cf03c8,2.4618090497488962,14.914716030937882,9.862896000000001,8,,DK00FX113
2b0875d0e3f91568ceef1fac7ba0a6c5,2026-06-23T23:28:07.000Z,2026-06-24T02:44:03.000Z,57.3658,10.7341,10.758938333333333,57.31121666666667,10.692560000000014,57.43358666666666,False,219005866,FN 72 NEBRASKA,DNK,4d50ffa58-835c-b38b-5f5d-84807d6929d5,2.5653060796917706,15.403937496812945,9.674324,7,,DK00FX113
cf1f4059dbac60be2002139a6e9c55b8,2026-06-23T23:35:09.000Z,2026-06-24T02:48:09.000Z,57.4986,10.7563,10.733993333333334,57.43726,10.779853333333334,57.56413333333333,False,220072000,R177 DUEODDE,DNK,438ea858e-e541-e793-8324-1972af53ee8e,2.4578125015832484,15.852925789546303,2.858421,10,,DK00FX113
f32fafcc61aab4ed41855a772257bebc,2026-06-23T23:35:09.000Z,2026-06-24T02:07:08.000Z,57.4589,10.687,10.661701666666668,57.44627166666667,10.704996666666666,57.484341666666666,False,219005659,KAREN-PETER RS314,DNK,a79b138f3-3f7a-9e9b-2db2-fca724d8bb38,2.2589041143655777,10.785604036301907,2.525201,6,,DK00FX113
e91349cc6dd4de50c920364836fc15eb,2026-06-24T00:15:05.000Z,2026-06-24T03:03:09.000Z,57.4514,10.7491,10.784226666666655,57.43190666666667,10.712126666666677,57.477558333333334,False,219006971,FN 220 IDA MARIE,DNK,3b71e97ba-a4ac-6fd8-ac1f-b3ced497dab4,2.2916667198850993,12.747104698865781,1.262872,13,,DK00FX113
b80473b9e8980821ead4d3d2eb477aa0,2026-06-24T04:10:02.000Z,2026-06-24T04:43:03.000Z,57.5061,10.5279,10.530506666666668,57.502993333333336,10.524876666666671,57.510125,True,220368000,O 159 RANDI,DNK,23b776e71-126f-9ab4-62f5-3dd2f3acef61,0.8970588263781631,0.8714587843658419,1.632363,3,555522471;555557024;555543258,DK00FX113
20bbc21766e799234ee99efee736cd63,2026-06-24T04:25:08.000Z,2026-06-24T04:52:05.000Z,57.5144,10.5465,10.549589999999995,57.510308,10.544688000000008,57.517497,True,219012459,HM 67 LOTTI,DNK,cdca9c2b2-2f96-afb2-e67e-976ee9505b4e,0.8166666666666667,0.8941971205864829,3.2644859999999998,3,555543258;555557024;555522471,DK00FX113
543514e69e9cfd399811a7bef6023395,2026-06-24T19:44:00.000Z,2026-06-25T02:44:00.000Z,57.4722,10.7501,10.777381666666656,57.400126666666665,10.730411666666669,57.54304,False,220256000,CHARLOTTE P  FN 131,DNK,f9350d74d-d66f-c031-94cd-b0f227dd5a0f,2.513776714827272,32.51806006804585,1.2630270000000001,13,,DK00FX113
a90f120f86bf0eff2905bf72179bb70d,2026-06-24T19:44:11.000Z,2026-06-25T03:09:04.000Z,57.5393,10.7453,10.721045,57.46192,10.779916666666667,57.611064999999996,False,220368000,O 159 RANDI,DNK,23b776e71-126f-9ab4-62f5-3dd2f3acef61,2.632511182550358,36.05342134742372,2.637902,8,,DK00FX113
db65fa80d8df955844bc6fbc3f173767,2026-06-24T19:57:03.000Z,2026-06-25T01:57:02.000Z,57.5901,10.7467,10.786830000000009,57.52625833333333,10.715740000000011,57.64281833333333,False,219006301,FN 308 HELLE LOTTE,DNK,64130f509-9c27-c779-f4bc-cbfaa9ae6e0b,2.281440487281107,25.74182294724741,4.605421000000001,12,,DK00FX113
153dbfbe3d84bdfae522fb1b82bc8cf8,2026-06-24T19:59:05.000Z,2026-06-25T03:01:02.000Z,57.6193,10.6958,10.755271666666658,57.54549166666666,10.655776666666668,57.655091666666664,False,219013885,DORIS VENDELBO,DNK,050513a98-880a-98f7-ccc3-650614d8533f,2.6033096696749887,33.40758876680752,5.8248299999999995,11,,DK00FX113
ecd8939caa8409afbfaf26d12096ebb4,2026-06-24T19:59:05.000Z,2026-06-25T01:10:00.000Z,57.4958,10.6756,10.703679999999991,57.437916666666666,10.65585333333334,57.57143833333333,False,219024715,FRU LUNDSGAARD SG 17,DNK,90127c090-07a8-9d1b-f1f7-67079141c112,2.4673077116409945,22.375631301273284,3.543894,8,,DK00FX113
45379b58662a3c8fe541d601fde01cd6,2026-06-24T20:10:01.000Z,2026-06-24T23:02:01.000Z,57.5845,10.716,10.706798333333333,57.526181666666666,10.747008333333333,57.636,False,220072000,R177 DUEODDE,DNK,438ea858e-e541-e793-8324-1972af53ee8e,2.4606936439613385,13.46816222210899,2.10821,7,,DK00FX113
34ff7f219a635651b4bec31b7e8b3486,2026-06-24T20:21:04.000Z,2026-06-24T23:06:14.000Z,57.5862,10.66,10.69178333333332,57.55806666666667,10.63196666666667,57.60885,False,219005954,BELLA-EMIL,DNK,452637753-32e2-e9d8-8651-7e3396324805,2.5307228410818494,13.33203681706447,4.4876570000000005,9,,DK00FX113
419637d75f408d78758b11e11de7bc8a,2026-06-24T23:28:01.000Z,2026-06-25T02:37:12.000Z,57.5783,10.6959,10.685233333333333,57.52543333333333,10.713983333333333,57.609766666666665,False,219005954,BELLA-EMIL,DNK,452637753-32e2-e9d8-8651-7e3396324805,2.6085227070037624,15.468993573285362,1.262097,6,,DK00FX113
4cf5a071f79b479516bfb9cb7707060d,2026-06-25T03:31:51.000Z,2026-06-25T04:26:32.000Z,57.5082,10.5348,10.529723,57.507868,10.540552,57.508312,True,219012459,HM 67 LOTTI,DNK,cdca9c2b2-2f96-afb2-e67e-976ee9505b4e,0.3157894736842105,0.7504888982208271,2.524581,3,555522471;555543258;555557024,DK00FX113
b35ffec8f4cfecedb07793d7a4a0bd3d,2026-06-25T17:36:17.000Z,2026-06-25T20:49:23.000Z,57.474,10.5362,10.548687999999999,57.464548,10.522847000000013,57.480143,True,219016142,SCANDOLA,DNK,556e31242-2034-945a-58ba-4ffd0d256e02,1.7408695652173907,6.440525346882006,0.5981040000000001,1,555522471;555557024;555538085;67881;555543258,DK00FX113
680aaef0621c7cf858d971cc73614514,2026-06-25T19:36:12.000Z,2026-06-26T02:01:12.000Z,57.5452,10.7477,10.722836666666666,57.465088333333334,10.77968,57.60830333333333,False,220368000,O 159 RANDI,DNK,23b776e71-126f-9ab4-62f5-3dd2f3acef61,2.6373056618815247,32.329610209179314,2.110296,7,,DK00FX113
2f3c031ef3e25db446cd3f75710cbe9f,2026-06-25T19:48:20.000Z,2026-06-26T02:35:00.000Z,57.439,10.7563,10.790901666666656,57.40235833333333,10.722880000000004,57.47644666666667,False,220072000,R177 DUEODDE,DNK,438ea858e-e541-e793-8324-1972af53ee8e,2.49019608955246,35.66112292047281,1.63452,13,,DK00FX113
e5fab98cff64bc24d2d7fa2c17d4f431,2026-06-25T19:49:04.000Z,2026-06-25T23:38:01.000Z,57.4387,10.7466,10.716975,57.38042,10.788786666666667,57.509636666666665,False,219024715,FRU LUNDSGAARD SG 17,DNK,90127c090-07a8-9d1b-f1f7-67079141c112,2.4217391734537865,18.791373749941815,4.4836279999999995,12,,DK00FX113
43e414b2d5f0190d2d3172254a73cb59,2026-06-25T19:51:01.000Z,2026-06-25T23:15:00.000Z,57.3536,10.76,10.731986666666666,57.311611666666664,10.784071666666666,57.416105,False,220256000,CHARLOTTE P  FN 131,DNK,f9350d74d-d66f-c031-94cd-b0f227dd5a0f,2.4504902026816904,15.49900504054122,11.375328999999999,9,,DK00FX113
7fdb4effef4d3c609637af79d0843e4f,2026-06-25T19:56:53.000Z,2026-06-26T02:31:01.000Z,57.4986,10.7495,10.727633333333333,57.432883333333336,10.778983333333333,57.5644,False,219005954,BELLA-EMIL,DNK,452637753-32e2-e9d8-8651-7e3396324805,2.5022875364212425,33.19218705118277,2.112382,10,,DK00FX113
649c48e9aa8c578c8da5c2d8d4e68bb2,2026-06-25T20:06:01.000Z,2026-06-25T23:32:00.000Z,57.6234,10.7004,10.673456666666667,57.59599333333333,10.74172,57.64812333333333,False,219013885,DORIS VENDELBO,DNK,050513a98-880a-98f7-ccc3-650614d8533f,2.1101449411272433,14.2267353907163,3.388596,11,,DK00FX113
d5fa1d2baa24b3b3626a6275539f546f,2026-06-25T23:50:01.000Z,2026-06-26T01:31:01.000Z,57.4685,10.7181,10.726396666666659,57.444653333333335,10.711868333333342,57.501621666666665,False,219024715,FRU LUNDSGAARD SG 17,DNK,90127c090-07a8-9d1b-f1f7-67079141c112,2.3500000109859545,7.815437264671509,2.858421,10,,DK00FX113
ee4336315705de14927c710e0ada64bf,2026-06-26T19:40:20.000Z,2026-06-27T02:18:19.000Z,57.5326,10.73,10.70187,57.466195,10.771048,57.593393,False,219009415,R254 KATRINE-KIM,DNK,cea1fec10-06e2-af1d-75bc-60c4a902f23a,2.4336111111111105,32.229521280654076,1.1958820000000001,6,,DK00FX113
812a3ac4aad83067f1e2ee70d9362774,2026-06-27T10:38:01.000Z,2026-06-27T11:12:00.000Z,57.6074,10.465,10.441445,57.595607,10.484535,57.624122,False,219021597,AZUMA,DNK,c9b0b4922-2f6b-e22c-f20f-5bdae5526f5f,3.9866666666666672,4.314936774510438,1.261555,1,,DK00FX113
2a02d14a97942d663c0b6afc2ec74ec3,2026-06-27T11:25:06.000Z,2026-06-27T18:53:13.000Z,57.5924,10.4281,10.423117,57.592162,10.42871,57.593498,False,219021597,AZUMA,DNK,c9b0b4922-2f6b-e22c-f20f-5bdae5526f5f,0.13253588516746412,1.4120261353060206,0.595976,0,,DK00FX113
3af91156ff10f698d10ce47a51014ca5,2026-06-27T17:41:01.000Z,2026-06-27T19:29:00.000Z,57.4731,10.6146,10.602632,57.469373,10.624963,57.47504,True,219016142,SCANDOLA,DNK,556e31242-2034-945a-58ba-4ffd0d256e02,0.49555555555555564,1.1128583651145072,1.6328420000000001,3,555522471;555557024;555543258;349827;555538085;67881,DK00FX113
2391e2705d669bbcda0fd612142e5017,2026-06-27T19:27:08.000Z,2026-06-27T23:00:00.000Z,57.4432,10.7642,10.807853333333327,57.40755333333333,10.71827166666668,57.482413333333334,False,220072000,R177 DUEODDE,DNK,438ea858e-e541-e793-8324-1972af53ee8e,2.5331775491761253,16.686703237485837,2.395689,13,,DK00FX113
ff14dc07c7c5aedfd4758ae57a06e9fd,2026-06-27T23:16:08.000Z,2026-06-28T02:42:00.000Z,57.4223,10.7566,10.725249999999999,57.385331666666666,10.779125,57.45771166666667,False,220072000,R177 DUEODDE,DNK,438ea858e-e541-e793-8324-1972af53ee8e,2.612077262666491,19.822409080732225,3.269279,12,,DK00FX113
ebe69657244d0dddf84a4e1b18777297,2026-06-28T04:59:00.000Z,2026-06-28T05:32:06.000Z,57.498,10.5334,10.52348,57.49469833333333,10.545836666666666,57.502495,True,219013885,DORIS VENDELBO,DNK,050513a98-880a-98f7-ccc3-650614d8533f,1.623529402648701,1.6588267174230535,0.597614,2,555557024;555522471;555543258,DK00FX113
c4b108f29445632f1cc8d2006d48cfb0,2026-06-28T08:17:08.000Z,2026-06-28T10:52:07.000Z,57.649,10.7035,10.702123333333333,57.647953333333334,10.70471,57.65043166666667,False,219004279,OBERON,DNK,add236b2f-f6f8-2c3d-8e0f-e02751c4eb26,0.3634615409641694,1.1184074067887977,0.5949930000000001,10,,DK00FX113
670304f620be4bc5f089352e2c70592b,2026-06-28T17:33:59.000Z,2026-06-28T18:01:01.000Z,57.4557,10.5777,10.576598,57.454248,10.578345,57.460628,True,219016142,SCANDOLA,DNK,556e31242-2034-945a-58ba-4ffd0d256e02,1.6578947368421053,0.8077250241736765,1.6335609999999998,3,555538085;67881;555543258;555522471;555557024;349827,DK00FX113
cec33f55f90be195fb3f310aeaa725af,2026-06-28T19:37:10.000Z,2026-06-29T02:34:01.000Z,57.421,10.7609,10.744305,57.34512333333333,10.773223333333334,57.50013166666667,False,220072000,R177 DUEODDE,DNK,438ea858e-e541-e793-8324-1972af53ee8e,2.5747875040212365,38.374323390407234,6.909789,11,,DK00FX113
deaedc60fff503a7d348ab1f73144a39,2026-06-28T19:42:28.000Z,2026-06-29T01:56:01.000Z,57.5648,10.7451,10.76886833333333,57.47161666666667,10.719098333333335,57.62809166666667,False,219005956,STEPHANIE DALSOE,DNK,55d89b91d-d45c-b1c5-7535-608cc4d7d592,2.389066692988078,28.081885132097895,1.111949,10,,DK00FX113
7b5fc88b5677f4a211074be0cf2df0de,2026-06-28T19:49:01.000Z,2026-06-29T02:03:02.000Z,57.4299,10.7392,10.75236666666666,57.36549,10.727561666666674,57.494465,False,219006301,FN 308 HELLE LOTTE,DNK,64130f509-9c27-c779-f4bc-cbfaa9ae6e0b,2.3031792334910772,26.928732981303416,4.606441,12,,DK00FX113
2174c847152b41fe8e4622b8754a295a,2026-06-28T19:51:05.000Z,2026-06-29T02:50:25.000Z,57.5665,10.752,10.727456666666667,57.478413333333336,10.775018333333334,57.633581666666664,False,220368000,O 159 RANDI,DNK,23b776e71-126f-9ab4-62f5-3dd2f3acef61,2.4826704736121683,35.56763071246355,2.3911089999999997,8,,DK00FX113
aca45d43889369a85d822a519a39a363,2026-06-28T20:48:05.000Z,2026-06-28T22:53:00.000Z,57.4212,10.7224,10.715565,57.37516333333333,10.7399,57.45910333333333,False,219005866,FN 72 NEBRASKA,DNK,4d50ffa58-835c-b38b-5f5d-84807d6929d5,2.561599974441529,10.684411238980143,4.4836279999999995,12,,DK00FX113
ba33d21aba9445f0720bb2c51c398da8,2026-06-29T02:08:01.000Z,2026-06-29T02:52:01.000Z,57.5278,10.7175,10.723649999999992,57.522868333333335,10.71412166666667,57.538421666666665,False,219005956,STEPHANIE DALSOE,DNK,55d89b91d-d45c-b1c5-7535-608cc4d7d592,1.8372093085632766,2.638331556866627,2.38849,7,,DK00FX113
147d90f829f258d9cc667f98059b5b25,2026-06-29T03:49:03.000Z,2026-06-29T10:02:49.000Z,57.6462,10.5917,10.557077,57.61606,10.60955,57.706417,False,219220156,S 543 TAHA,DNK,0a0df7dd4-43c4-b65d-97d8-26c779cb2248,2.1879668049792533,22.35170855046986,3.1778980000000003,6,,DK00FX113
752c8bdd5c0e55b07a1d2f6bb744b766,2026-06-29T11:15:05.000Z,2026-06-29T12:45:37.000Z,57.3842,10.5871,10.57595,57.341953333333336,10.600705,57.427928333333334,False,220127000,FN 261 STJERNE,DNK,013ba7567-7f7c-5d39-c59b-1b6822c67083,3.484444419542948,10.699990798321132,2.6456150000000003,3,,DK00FX113
70419e1733d2cc643102599520ab902b,2026-06-29T18:57:06.000Z,2026-06-29T19:22:05.000Z,57.3209,10.684,10.66084,57.31969,10.706588333333332,57.32176833333333,False,220127000,FN 261 STJERNE,DNK,013ba7567-7f7c-5d39-c59b-1b6822c67083,3.588461518287658,2.758799056006593,7.289051000000001,8,555641546,DK00FX113
0639fe8c651fb51386c2b9d85fed1e23,2026-06-29T19:17:59.000Z,2026-06-29T23:00:07.000Z,57.4246,10.7485,10.719006666666667,57.38509666666667,10.773961666666667,57.463345,False,220072000,R177 DUEODDE,DNK,438ea858e-e541-e793-8324-1972af53ee8e,2.563636352076675,17.179119542354957,3.7307259999999998,12,,DK00FX113
3780f8cf00f029c1d9487351d14ca2f8,2026-06-29T19:42:03.000Z,2026-06-30T02:58:34.000Z,57.5554,10.7471,10.765860000000004,57.465583333333335,10.72430833333334,57.629615,False,220368000,O 159 RANDI,DNK,23b776e71-126f-9ab4-62f5-3dd2f3acef61,2.5489163971722326,39.11483335515566,1.111949,10,,DK00FX113
ca40d17afa7d6c108e654dbab675366c,2026-06-29T19:59:06.000Z,2026-06-30T02:03:21.000Z,57.4333,10.7338,10.717018333333334,57.364165,10.75403,57.504128333333334,False,219006301,FN 308 HELLE LOTTE,DNK,64130f509-9c27-c779-f4bc-cbfaa9ae6e0b,2.34921634138845,27.299148316648047,6.31591,11,,DK00FX113
d2e6ded19936cd30c38b935a7c0ad46a,2026-06-29T20:03:35.000Z,2026-06-30T02:50:03.000Z,57.4479,10.7531,10.735111666666667,57.363746666666664,10.776883333333334,57.543908333333334,False,219013885,DORIS VENDELBO,DNK,050513a98-880a-98f7-ccc3-650614d8533f,2.547701141657842,35.09403855879777,5.843249,12,,DK00FX113
abd8033cbf5d4b01d40a03fff3f7820c,2026-06-29T23:18:00.000Z,2026-06-30T02:36:59.000Z,57.4192,10.7551,10.722863333333333,57.38487166666667,10.781363333333333,57.456085,False,220072000,R177 DUEODDE,DNK,438ea858e-e541-e793-8324-1972af53ee8e,2.489629649232935,17.861639470813817,4.4836279999999995,12,,DK00FX113
1b66bff0ff9024d4d9e08d4b2dedb102,2026-06-30T18:57:50.000Z,2026-06-30T23:04:00.000Z,57.4325,10.7615,10.831186666666667,57.392113333333334,10.724860000000007,57.47790666666667,False,220072000,R177 DUEODDE,DNK,438ea858e-e541-e793-8324-1972af53ee8e,2.495161304951356,20.366890668270823,4.226850000000001,11,,DK00FX113
357c9fc26a9244b32df4d1ba3f2bfcd9,2026-06-30T19:45:49.000Z,2026-07-01T00:35:28.000Z,57.4159,10.739,10.766166666666663,57.37771,10.686711666666667,57.453975,False,219005659,KAREN-PETER RS314,DNK,a79b138f3-3f7a-9e9b-2db2-fca724d8bb38,2.3611764739541448,21.14044923958201,3.335848,12,,DK00FX113
1f161755b4ef830c6af9fd9436538a07,2026-06-30T20:29:06.000Z,2026-06-30T21:23:06.000Z,57.3815,10.7419,10.734173333333333,57.36107666666667,10.750606666666666,57.402076666666666,False,219005866,FN 72 NEBRASKA,DNK,4d50ffa58-835c-b38b-5f5d-84807d6929d5,2.7999999642372138,5.139877697424296,6.05458,12,,DK00FX113
39d0114f39f31c457a2233f24031b63f,2026-06-30T20:31:53.000Z,2026-07-01T00:17:03.000Z,57.6018,10.671,10.623516666666667,57.55639166666667,10.733743333333333,57.62378833333333,False,219005954,BELLA-EMIL,DNK,452637753-32e2-e9d8-8651-7e3396324805,2.5780141564971166,19.240755531868018,5.710062,7,,DK00FX113
c236a75e7852f3b22e55b302d6713507,2026-06-30T21:01:01.000Z,2026-06-30T21:22:00.000Z,57.3847,10.7431,10.740871666666667,57.377165,10.745528333333333,57.39216,False,219006835,FN 484 SPIRHOLM,DNK,e20b2985b-b57d-ad13-214b-774683cf03c8,2.6045453656803477,1.6918203146351116,3.789313,13,,DK00FX113
75707b9150e97a88e9ba2426711ec6d6,2026-06-30T21:27:20.000Z,2026-06-30T23:58:01.000Z,57.4282,10.7484,10.736423333333333,57.39707333333333,10.771285,57.44820166666667,False,219015617,FN68 FRYDENSTRAND,DNK,d4564638c-c6f0-0ff6-c16f-a07290ebe530,2.257142865298582,10.766037328817196,2.113216,12,,DK00FX113
ee21219d799fc6329b1e56259f0c85bb,2026-06-30T22:41:06.000Z,2026-06-30T23:10:02.000Z,57.4613,10.7114,10.713779999999986,57.45800166666667,10.708438333333334,57.465445,False,219005866,FN 72 NEBRASKA,DNK,4d50ffa58-835c-b38b-5f5d-84807d6929d5,1.619999995827675,1.3799938686676954,2.110713,7,,DK00FX113
f1bfc8327af5fcf9c28625126b6ee398,2026-06-30T22:59:02.000Z,2026-06-30T23:53:01.000Z,57.4363,10.7187,10.716998333333333,57.425581666666666,10.721618333333334,57.45599,False,219006835,FN 484 SPIRHOLM,DNK,e20b2985b-b57d-ad13-214b-774683cf03c8,2.2366666734218605,1.9744390471203537,2.6402759999999996,10,,DK00FX113
b66e97675b3bc59a4c99fcabfdc5f931,2026-06-30T23:03:10.000Z,2026-07-01T02:48:03.000Z,57.642,10.7533,10.829745000000003,57.58862,10.690681666666677,57.69442333333333,False,219005956,STEPHANIE DALSOE,DNK,55d89b91d-d45c-b1c5-7535-608cc4d7d592,2.1880531220705124,15.181316823532821,10.021566,17,,DK00FX113
d6ff81d8116fda59dceb42115ad29e48,2026-07-01T00:00:05.000Z,2026-07-01T02:48:00.000Z,57.3751,10.7487,10.730731666666667,57.33185833333334,10.766491666666667,57.430958333333336,False,219005866,FN 72 NEBRASKA,DNK,4d50ffa58-835c-b38b-5f5d-84807d6929d5,2.3697530885169535,12.660967091183494,9.213222,10,,DK00FX113
15f33ab0acbaf6113d921c70069de234,2026-07-01T00:38:32.000Z,2026-07-01T02:28:35.000Z,57.5664,10.6412,10.629033333333334,57.53536833333333,10.673378333333334,57.60256666666667,False,219005954,BELLA-EMIL,DNK,452637753-32e2-e9d8-8651-7e3396324805,2.4911111195882163,8.4200141540476,3.7221930000000003,5,,DK00FX113
d757d04a3e023575b30d802b15aeb9bb,2026-07-01T01:13:00.000Z,2026-07-01T02:37:00.000Z,57.3491,10.7498,10.757203333333337,57.32562333333333,10.737568333333343,57.375103333333335,False,219006835,FN 484 SPIRHOLM,DNK,e20b2985b-b57d-ad13-214b-774683cf03c8,2.272941220507902,5.8510690704946064,8.915777,9,,DK00FX113
3cc23cf372a16eeaae2c8672e98b0abe,2026-07-01T01:28:09.000Z,2026-07-01T02:03:08.000Z,57.4782,10.6728,10.676606666666657,57.46667333333333,10.671933333333328,57.490033333333336,False,219005659,KAREN-PETER RS314,DNK,a79b138f3-3f7a-9e9b-2db2-fca724d8bb38,2.3972222606341034,2.6392065814492462,0,5,,DK00FX113
7ca4892cb1a6ee7560290d4feddaef56,2026-07-01T19:21:01.000Z,2026-07-01T19:55:45.000Z,57.4925,10.6949,10.696159999999992,57.484898333333334,10.692675000000008,57.49887833333333,False,219024715,FRU LUNDSGAARD SG 17,DNK,90127c090-07a8-9d1b-f1f7-67079141c112,2.4541666557391486,1.7355016925120554,0.597777,6,,DK00FX113
9af8f2ea95363eb015172821ba63bcd4,2026-07-01T19:23:09.000Z,2026-07-01T23:10:01.000Z,57.4224,10.7555,10.728188333333334,57.380963333333334,10.771466666666667,57.461195000000004,False,220072000,R177 DUEODDE,DNK,438ea858e-e541-e793-8324-1972af53ee8e,2.525358842320419,18.44980792542349,4.1075420000000005,12,,DK00FX113
56412ba61a15ed62f33d99a18260e5a7,2026-07-01T19:47:02.000Z,2026-07-02T01:53:02.000Z,57.4506,10.7292,10.749598333333324,57.38166833333333,10.710093333333333,57.52877,False,219006301,FN 308 HELLE LOTTE,DNK,64130f509-9c27-c779-f4bc-cbfaa9ae6e0b,2.324781393018651,27.53254412713775,3.5445569999999997,13,,DK00FX113
60cc8710c9cd29c9edac5a8ceba38745,2026-07-01T19:50:29.000Z,2026-07-01T23:00:12.000Z,57.3841,10.7321,10.765223333333324,57.331291666666665,10.71051833333334,57.454193333333336,False,219004473,FN283 LIVA,DNK,190232f32-27d8-ebbe-9c29-97b3e922f688,2.481196577222938,15.102038330211778,8.895595,8,,DK00FX113
135c278780729493434414e52d32424d,2026-07-01T19:53:30.000Z,2026-07-01T21:00:07.000Z,57.4779,10.6769,10.671616666666667,57.45826,10.683738333333332,57.49885333333334,False,219005659,KAREN-PETER RS314,DNK,a79b138f3-3f7a-9e9b-2db2-fca724d8bb38,2.4285714304636388,4.68085030497429,1.262562,5,,DK00FX113
4e8842e68bec54fe5bb277aab8494727,2026-07-01T20:05:53.000Z,2026-07-02T02:42:33.000Z,57.5931,10.6573,10.72979833333332,57.5338,10.620981666666665,57.62364,False,219005954,BELLA-EMIL,DNK,452637753-32e2-e9d8-8651-7e3396324805,2.571563944856138,34.276624666858226,3.185572,8,,DK00FX113
d2e2a37d25179fa9eef7e05881a5fdeb,2026-07-01T20:08:07.000Z,2026-07-02T00:25:04.000Z,57.5593,10.6632,10.655173333333334,57.50385333333333,10.685998333333334,57.598796666666665,False,219024715,FRU LUNDSGAARD SG 17,DNK,90127c090-07a8-9d1b-f1f7-67079141c112,2.3752000308036814,18.107479630210086,1.632123,3,,DK00FX113
3ee178f565071ab67426e90f1586eca1,2026-07-01T20:10:06.000Z,2026-07-01T22:26:05.000Z,57.3942,10.7365,10.718258333333333,57.34528666666667,10.757851666666667,57.444678333333336,False,219005866,FN 72 NEBRASKA,DNK,4d50ffa58-835c-b38b-5f5d-84807d6929d5,2.694890493894145,11.613303824056644,7.313953000000001,11,,DK00FX113
cf037787175a79d996e37e669fcd409b,2026-07-01T22:37:05.000Z,2026-07-02T03:13:06.000Z,57.3847,10.7419,10.804399999999987,57.32119333333333,10.713973333333342,57.46066166666667,False,219005866,FN 72 NEBRASKA,DNK,4d50ffa58-835c-b38b-5f5d-84807d6929d5,2.428688531772037,18.814680104280537,7.54201,6,,DK00FX113
b05ded324fadd57cfa2987b5d730de6f,2026-07-01T23:23:58.000Z,2026-07-02T02:48:03.000Z,57.4148,10.7632,10.784089999999992,57.38131666666666,10.73336333333333,57.448935,False,220072000,R177 DUEODDE,DNK,438ea858e-e541-e793-8324-1972af53ee8e,2.440559453063912,16.478784847319716,3.38923,12,,DK00FX113
dd71135164c29bf00c051255d4b70fe2,2026-07-02T01:15:10.000Z,2026-07-02T02:38:07.000Z,57.3445,10.7528,10.736973333333333,57.327378333333336,10.764293333333333,57.372598333333336,False,219004473,FN283 LIVA,DNK,190232f32-27d8-ebbe-9c29-97b3e922f688,2.128888870444563,5.635385595665016,9.075627,10,,DK00FX113
b919f40ec448971d12dbc0bec0cc15b8,2026-07-02T19:42:55.000Z,2026-07-02T23:23:22.000Z,57.3908,10.7229,10.693606666666666,57.32518,10.765201666666666,57.43935,False,219004473,FN283 LIVA,DNK,190232f32-27d8-ebbe-9c29-97b3e922f688,2.05000000561659,14.978335917666074,9.003445,10,,DK00FX113
aecebe675e81c83dcf31e7683bab2708,2026-07-02T19:53:53.000Z,2026-07-03T02:54:03.000Z,57.4139,10.7487,10.76688999999999,57.336776666666665,10.712193000000013,57.480225,False,220349000,FN 422 LINA T,DNK,78716bdbe-eae3-1939-1d88-b28723752b4d,2.5321428627721834,33.33322014672824,7.783645000000001,9,,DK00FX113
ac655459c3f657928936efa7e255b1a9,2026-07-02T19:57:10.000Z,2026-07-02T23:04:10.000Z,57.4057,10.7186,10.742424999999997,57.37601,10.698521666666664,57.440081666666664,False,220256000,CHARLOTTE P  FN 131,DNK,f9350d74d-d66f-c031-94cd-b0f227dd5a0f,2.474999997960894,14.339766854880931,3.789313,13,,DK00FX113
2d46f55307bb0474accef0d41bbb66d4,2026-07-02T19:59:58.000Z,2026-07-02T22:31:18.000Z,57.3903,10.7478,10.751454999999993,57.33966,10.73936333333333,57.441343333333336,False,219001522,SOREN STRANDBY,DNK,56e82f0b6-6312-ba1d-a4e2-6c8834dbd3d8,2.446896553039551,12.873208653378216,7.875449,10,,DK00FX113
2bc340305872f7b600ed85d226ea5fb1,2026-07-02T20:06:16.000Z,2026-07-03T02:48:03.000Z,57.592,10.702,10.665058333333333,57.52509,10.743803333333334,57.644373333333334,False,219006971,FN 220 IDA MARIE,DNK,3b71e97ba-a4ac-6fd8-ac1f-b3ced497dab4,2.2417085458285833,27.788750626791558,1.262097,6,,DK00FX113
fe9608539cee13a825cddd12b1ca91e4,2026-07-02T23:20:00.000Z,2026-07-02T23:59:12.000Z,57.3607,10.7661,10.763205,57.34733333333333,10.767673333333333,57.37345666666667,False,219001522,SOREN STRANDBY,DNK,56e82f0b6-6312-ba1d-a4e2-6c8834dbd3d8,2.4250000178813926,2.937544931881169,6.698568,10,,DK00FX113
c00b3f82c9c9c9597f5bac15175b3a28,2026-07-03T00:11:32.000Z,2026-07-03T02:33:16.000Z,57.4294,10.755,10.765741666666656,57.38180166666667,10.73463000000001,57.4695,False,219001522,SOREN STRANDBY,DNK,56e82f0b6-6312-ba1d-a4e2-6c8834dbd3d8,2.3492647390264794,10.192550465459979,3.335848,12,,DK00FX113
8d13e0e08339a50aead66e3aa7579cb3,2026-07-03T03:55:07.000Z,2026-07-03T04:30:05.000Z,57.4927,10.5235,10.538678333333337,57.48956666666667,10.516678333333346,57.500098333333334,True,219006971,FN 220 IDA MARIE,DNK,3b71e97ba-a4ac-6fd8-ac1f-b3ced497dab4,1.7703703421133534,1.3185921191576466,1.7928410000000001,2,555538085;555543258;555522471;555557024;67881,DK00FX113
3ed7c4266bddac07f8e14410f168f318,2026-07-03T20:06:03.000Z,2026-07-04T02:54:06.000Z,57.6147,10.7153,10.766361666666654,57.55052666666667,10.67765,57.66899333333333,False,219006971,FN 220 IDA MARIE,DNK,3b71e97ba-a4ac-6fd8-ac1f-b3ced497dab4,2.34668309543584,30.22114660477197,6.323377000000001,11,,DK00FX113
d76292b3303bab0d51c3cf74ec3cadf6,2026-07-04T04:02:06.000Z,2026-07-04T04:35:06.000Z,57.5012,10.5213,10.519071666666667,57.49774,10.52377,57.510441666666665,True,219006971,FN 220 IDA MARIE,DNK,3b71e97ba-a4ac-6fd8-ac1f-b3ced497dab4,1.7088235075421194,1.6927140177263196,1.262329,2,555543258;555522471;555557024,DK00FX113
7fefa2fa5f4c95e6bd034cf065a216df,2026-07-04T09:00:00.000Z,2026-07-04T09:25:05.000Z,57.3197,10.5489,10.551513333333332,57.31929,10.545410000000004,57.320425,False,220127000,FN 261 STJERNE,DNK,013ba7567-7f7c-5d39-c59b-1b6822c67083,1.4846153740699477,1.0193734272279134,1.2636479999999999,1,,DK00FX113
ed926f30d1db7b73fe733e6a05919c18,2026-07-05T01:14:52.000Z,2026-07-05T02:33:21.000Z,57.3471,10.7576,10.750418333333334,57.32488333333333,10.762266666666667,57.37123166666667,False,219004119,FN 408 KENJA,DNK,a66a343a0-067b-549a-e066-e3fbe976aadd,2.140789490389196,5.288485564194315,10.079151,8,,DK00FX113
479e53b48e9fd0e72c6613ad5835ec63,2026-07-05T19:53:17.000Z,2026-07-06T02:52:18.000Z,57.5347,10.7662,10.743248333333334,57.465608333333336,10.797823333333334,57.602531666666664,False,219001522,SOREN STRANDBY,DNK,56e82f0b6-6312-ba1d-a4e2-6c8834dbd3d8,2.466014666997424,34.11123575352282,2.110296,8,,DK00FX113
3e48ee9d86269346767258aac6bfe2c7,2026-07-05T19:59:04.000Z,2026-07-05T22:58:06.000Z,57.3913,10.7595,10.767241666666678,57.33402,10.75328166666668,57.44813333333333,False,220127000,FN 261 STJERNE,DNK,013ba7567-7f7c-5d39-c59b-1b6822c67083,2.355932237064772,14.132614083646846,8.895595,8,,DK00FX113
ba79c1adca496d1873e2ee59392dfc66,2026-07-05T20:16:00.000Z,2026-07-06T02:54:11.000Z,57.3808,10.7533,10.733498333333333,57.311701666666664,10.775143333333334,57.45407,False,220256000,CHARLOTTE P  FN 131,DNK,f9350d74d-d66f-c031-94cd-b0f227dd5a0f,2.5157142879068854,32.563478797104736,11.375328999999999,9,,DK00FX113
df0adb9c966f21e3e5f910e2010c7076,2026-07-05T23:07:00.000Z,2026-07-06T02:52:03.000Z,57.3706,10.7514,10.768349999999998,57.29792,10.727650000000011,57.44742166666666,False,220127000,FN 261 STJERNE,DNK,013ba7567-7f7c-5d39-c59b-1b6822c67083,2.645291465013019,21.18306194122056,9.010796000000001,6,555790713,DK00FX113
4e26710fc5dbacfb9b69555801988d58,2026-07-06T03:44:01.000Z,2026-07-06T04:20:01.000Z,57.4967,10.5434,10.546616666666665,57.49384166666667,10.54113000000001,57.498218333333334,True,220256000,CHARLOTTE P  FN 131,DNK,f9350d74d-d66f-c031-94cd-b0f227dd5a0f,0.6729729852160894,0.6895239497972447,2.3028380000000004,2,555557024;67881;555538085;555543258;555522471,DK00FX113
4050c4baeb6bb17d225b76e76756223d,2026-07-06T19:12:00.000Z,2026-07-07T01:38:03.000Z,57.5552,10.6642,10.652878333333334,57.50079,10.682158333333334,57.60698166666667,False,219024715,FRU LUNDSGAARD SG 17,DNK,90127c090-07a8-9d1b-f1f7-67079141c112,2.2820290316706124,26.593596166963138,2.109044,3,,DK00FX113
55bb1dc7ecff66eec88206cfbd548b04,2026-07-06T19:33:58.000Z,2026-07-06T22:58:00.000Z,57.3584,10.7627,10.743318333333333,57.312706666666664,10.783113333333333,57.4252,False,220127000,FN 261 STJERNE,DNK,013ba7567-7f7c-5d39-c59b-1b6822c67083,2.5948717676676223,17.08004883720831,10.868514999999999,8,,DK00FX113
a75077b6fc6714eef8d47cc51a3566ec,2026-07-06T19:41:53.000Z,2026-07-07T02:54:01.000Z,57.3776,10.7498,10.718905,57.30712166666667,10.772995,57.45184,False,220256000,CHARLOTTE P  FN 131,DNK,f9350d74d-d66f-c031-94cd-b0f227dd5a0f,2.521065361202486,35.00289349545522,11.033520000000001,9,,DK00FX113
3065cd095a0ab56f930a1be5e81157d3,2026-07-06T19:53:56.000Z,2026-07-06T23:07:12.000Z,57.5394,10.7241,10.719898333333333,57.47544333333333,10.725615,57.601555,False,219003066,FN224 LAERKE VINTHER,DNK,e4e1b2fbf-fa41-ab51-bc90-da92977735d6,2.3353846219869765,14.539291412613085,1.7933320000000001,7,,DK00FX113
5b86b0100efe4eaaecf76f0b1cae7d2d,2026-07-06T20:12:06.000Z,2026-07-06T20:47:07.000Z,57.3658,10.7493,10.75508666666667,57.35417666666667,10.743658333333343,57.37716833333333,False,219005866,FN 72 NEBRASKA,DNK,4d50ffa58-835c-b38b-5f5d-84807d6929d5,2.4472222725550328,2.6483375060570875,6.698568,10,,DK00FX113
1b76fbace987cc885619bddcc6f27c95,2026-07-06T20:13:55.000Z,2026-07-06T21:40:04.000Z,57.5885,10.6305,10.661984999999987,57.558840000000004,10.619616666666673,57.609651666666664,False,219005954,BELLA-EMIL,DNK,452637753-32e2-e9d8-8651-7e3396324805,2.7283018804946035,8.443490979752301,4.6051660000000005,8,,DK00FX113
8b4ab110de6a6c81b2b9307631b96327,2026-07-06T22:06:01.000Z,2026-07-07T02:43:01.000Z,57.5982,10.6865,10.773599999999988,57.545845,10.62336666666667,57.620666666666665,False,219005954,BELLA-EMIL,DNK,452637753-32e2-e9d8-8651-7e3396324805,2.460576927611748,23.271736843543806,6.323377000000001,11,,DK00FX113
acdfceb630b41ebf59cc0288f2e7ed6b,2026-07-06T22:31:57.000Z,2026-07-07T02:55:01.000Z,57.395,10.7543,10.748833,57.31263833333333,10.769068333333333,57.467223,False,219003138,H84 GULDBORG,DNK,757ca9b0e-e2cf-fff6-f4d2-3b00c792efbf,2.2940540601917223,22.650565078666364,10.271213,8,,DK00FX113
fed89700fc68b6b504b02810c7346f10,2026-07-06T23:19:32.000Z,2026-07-07T02:59:11.000Z,57.5327,10.7539,10.719326666666667,57.47301,10.780316666666666,57.606565,False,219003066,FN224 LAERKE VINTHER,DNK,e4e1b2fbf-fa41-ab51-bc90-da92977735d6,2.3531100404889944,14.734707169074184,2.110296,7,,DK00FX113
854bc6c13d144539db5e6c5535e75839,2026-07-06T23:20:05.000Z,2026-07-07T02:48:00.000Z,57.352,10.7577,10.769741666666675,57.307253333333335,10.73888500000001,57.410385,False,220127000,FN 261 STJERNE,DNK,013ba7567-7f7c-5d39-c59b-1b6822c67083,2.4712918842808476,15.658968527610252,9.077929,7,,DK00FX113
8ee8bc8aba87bf36648ebca1eaa610b2,2026-07-06T23:47:37.000Z,2026-07-07T02:50:00.000Z,57.3571,10.7479,10.72781,57.30652333333333,10.759203333333334,57.42232333333333,False,219005866,FN 72 NEBRASKA,DNK,4d50ffa58-835c-b38b-5f5d-84807d6929d5,2.4765363135151355,14.235459622760077,11.375328999999999,9,,DK00FX113
9c5141089d08a3ec24de3c3cbb6b68dc,2026-07-07T00:17:43.000Z,2026-07-07T02:33:01.000Z,57.3578,10.7532,10.76373666666666,57.318041666666666,10.733785000000012,57.40000666666667,False,219004119,FN 408 KENJA,DNK,a66a343a0-067b-549a-e066-e3fbe976aadd,2.209774438599894,10.363785153390829,9.862896000000001,8,,DK00FX113
cb9cd3be07ba993ba3013a7a43f60063,2026-07-07T19:51:03.000Z,2026-07-08T02:52:07.000Z,57.5436,10.7465,10.77667333333332,57.469968333333334,10.724231666666668,57.611025,False,220368000,O 159 RANDI,DNK,23b776e71-126f-9ab4-62f5-3dd2f3acef61,2.5057788841688455,35.08770005413509,1.262484,11,,DK00FX113
74c59e8ca1c953f092712130548d0163,2026-07-07T19:51:11.000Z,2026-07-07T23:10:01.000Z,57.3808,10.7593,10.76820166666667,57.317415,10.741733333333343,57.45036,False,220256000,CHARLOTTE P  FN 131,DNK,f9350d74d-d66f-c031-94cd-b0f227dd5a0f,2.5949238508485895,15.583833539108593,9.278793,8,,DK00FX113
3cce5cc51dedae4c090396195954db19,2026-07-07T20:01:11.000Z,2026-07-08T02:52:00.000Z,57.451,10.7553,10.72798,57.38771833333333,10.781271666666667,57.52014333333333,False,219013885,DORIS VENDELBO,DNK,050513a98-880a-98f7-ccc3-650614d8533f,2.432089570298123,29.963446643550842,3.269279,12,,DK00FX113
fc0cc964daf53081aae410da2882cf15,2026-07-07T20:55:07.000Z,2026-07-08T03:02:01.000Z,57.4187,10.7546,10.736696666666667,57.36094,10.763433,57.474001666666666,False,219003138,H84 GULDBORG,DNK,757ca9b0e-e2cf-fff6-f4d2-3b00c792efbf,2.408868496698705,30.303224861344,5.843249,12,,DK00FX113
8d298c1164f9309867823f4d6d3f2db5,2026-07-07T23:20:00.000Z,2026-07-08T02:52:02.000Z,57.4007,10.7422,10.73233,57.32501,10.751273333333334,57.469995,False,220256000,CHARLOTTE P  FN 131,DNK,f9350d74d-d66f-c031-94cd-b0f227dd5a0f,2.5352112599101986,16.45349088928132,9.213222,10,,DK00FX113
64295576f5eea881b0133d70370225e9,2026-07-08T05:08:03.000Z,2026-07-08T06:28:02.000Z,57.625,10.7127,10.742923333333323,57.62193666666667,10.687856666666676,57.62946,False,331549000,MASILIK,GRL,b1ebeb54a-a90a-5e2c-aacf-8378a3e81c47,1.959259257640368,5.025693040886433,3.715627,14,,DK00FX113
585410b3e9c24d070b3a09a26b05493f,2026-07-08T19:48:20.000Z,2026-07-09T02:54:00.000Z,57.5261,10.7603,10.744646666666666,57.450131666666664,10.784123333333334,57.59536333333333,False,219904000,KATRINE O 111,DNK,1740995e6-623a-c1a5-cb82-31c353e8c37a,2.4320843583387273,34.452345757127816,3.5441149999999997,9,,DK00FX113
05e15850a79a023dc31a2ef5cb29a600,2026-07-08T19:51:03.000Z,2026-07-09T02:57:02.000Z,57.5397,10.7489,10.72285,57.46004,10.779221666666666,57.609335,False,220368000,O 159 RANDI,DNK,23b776e71-126f-9ab4-62f5-3dd2f3acef61,2.5339578317534985,35.592153628451,2.637902,8,,DK00FX113
9906e46c32284c4dc51807e605080ca9,2026-07-08T20:06:34.000Z,2026-07-08T23:53:14.000Z,57.5502,10.7429,10.719375,57.50519,10.764223333333334,57.583128333333335,False,219024715,FRU LUNDSGAARD SG 17,DNK,90127c090-07a8-9d1b-f1f7-67079141c112,2.446929865761808,18.663595075815593,2.389145,7,,DK00FX113
6b343a680ce7ea5f8db0d4da339c3f1b,2026-07-08T20:08:14.000Z,2026-07-08T22:49:06.000Z,57.4014,10.7282,10.713763333333333,57.34645,10.753375,57.45077666666667,False,219005866,FN 72 NEBRASKA,DNK,4d50ffa58-835c-b38b-5f5d-84807d6929d5,2.39444446813913,12.136935861246418,7.579324,11,,DK00FX113
4509e819ef2d6e3816837f41ef39d196,2026-07-08T23:01:00.000Z,2026-07-09T02:50:02.000Z,57.3704,10.7374,10.713665,57.30694833333333,10.757581666666667,57.449416666666664,False,219005866,FN 72 NEBRASKA,DNK,4d50ffa58-835c-b38b-5f5d-84807d6929d5,2.509803915169895,16.93755351234441,10.446149,9,,DK00FX113
a3511cf75b7c01efee25f5693735c771,2026-07-09T00:00:04.000Z,2026-07-09T01:27:01.000Z,57.4976,10.7191,10.7133,57.47613,10.724926666666667,57.52629666666667,False,219024715,FRU LUNDSGAARD SG 17,DNK,90127c090-07a8-9d1b-f1f7-67079141c112,2.274999971078201,5.856097613476182,1.195554,7,,DK00FX113
f97bb1f921878fa9d04a6937f6c58984,2026-07-09T03:40:02.000Z,2026-07-09T04:39:03.000Z,57.4755,10.5385,10.543374999999997,57.47101833333333,10.531391666666678,57.480335,True,219009135,SG64 LAMA II,DNK,ae4a1cd2e-e7ea-7096-8780-63f0f06a8cef,0.8200000056376062,1.6344096094898521,0,1,555522471;555538085;67881;555557024;555543258,DK00FX113
7a9f0720cd85a70b068c3ed7bcbb3bf5,2026-07-09T03:55:00.000Z,2026-07-09T04:28:01.000Z,57.4982,10.5382,10.53735,57.495326666666664,10.538596666666667,57.50062166666667,True,220256000,CHARLOTTE P  FN 131,DNK,f9350d74d-d66f-c031-94cd-b0f227dd5a0f,0.5941176528439803,0.5978034828162972,2.109462,3,555543258;555522471;555557024;67881;555538085,DK00FX113
a5b9b4c2717d84c59a8f008c093f2882,2026-07-09T04:20:19.000Z,2026-07-09T05:26:00.000Z,57.5118,10.5457,10.542098333333334,57.50907,10.549055,57.513693333333336,True,219904000,KATRINE O 111,DNK,1740995e6-623a-c1a5-cb82-31c353e8c37a,0.3328358306368786,0.5011018072492467,2.856264,3,555543258;555522471;555557024,DK00FX113
efe4c9c533f29f2dfabf84281760a271,2026-07-09T04:29:00.000Z,2026-07-09T05:17:03.000Z,57.4914,10.5223,10.541161666666653,57.48945333333333,10.517803333333347,57.493383333333334,True,220368000,O 159 RANDI,DNK,23b776e71-126f-9ab4-62f5-3dd2f3acef61,1.0489795749284783,1.5460937166526665,1.7928410000000001,2,555543258;67881;555522471;555538085;555557024,DK00FX113
822efb77d9bbc62193f7bce9c6a9c1a0,2026-07-09T08:12:49.000Z,2026-07-09T08:33:23.000Z,57.3591,10.758,10.788661999999988,57.355548,10.726396999999992,57.362915,False,265782090,GONDUL,SWE,c87e92467-7b3e-f6a2-8092-e19c35fcb6e5,5.8227272727272705,3.8253253652602206,5.687492,10,,DK00FX113
1e75c44d70cb5320a6ea20c11801aa58,2026-07-09T11:09:57.000Z,2026-07-09T16:10:26.000Z,57.3331,10.5341,10.532572,57.3323,10.538067999999999,57.333812,False,265782090,GONDUL,SWE,c87e92467-7b3e-f6a2-8092-e19c35fcb6e5,0.391919191919192,3.01376324474443,0,1,,DK00FX113
81a618a5044154e24443194b5f08f7cc,2026-07-09T13:46:25.000Z,2026-07-09T14:15:04.000Z,57.4695,10.6019,10.581547,57.469082,10.620722,57.470043,True,219008821,LOUVIKA,DNK,3fdab8c75-5804-914a-aab3-ecdb4c97460f,2.5642857142857145,2.345491184890104,2.391763,3,67881;349827;555557024;555522471;555543258;555538085,DK00FX113
98a768b3562f56438b3664f8903427fb,2026-07-10T02:51:02.000Z,2026-07-10T17:09:17.000Z,57.3331,10.5337,10.534864999999996,57.332732,10.532945000000012,57.333702,False,265782090,GONDUL,SWE,c87e92467-7b3e-f6a2-8092-e19c35fcb6e5,0.11397849462365589,1.4482184542413723,0,1,,DK00FX113
78af15eac837cf4652656c5f3d1e55b5,2026-07-10T05:05:19.000Z,2026-07-13T16:12:00.000Z,57.493,10.5044,10.502113333333334,57.48892166666667,10.506863333333333,57.49458666666666,False,219904000,KATRINE O 111,DNK,1740995e6-623a-c1a5-cb82-31c353e8c37a,0.004210104229288667,1.8703753453169671,0,1,555557024;555522471;67881;555543258;555538085,DK00FX113
d76ac19c61f2d50e37d4a53b6d78aab3,2026-07-10T07:20:33.000Z,2026-07-10T09:21:57.000Z,57.5136,10.535,10.54565199999999,57.466073,10.527553000000012,57.537217,True,219007115,HANNE F,DNK,7841f827e-e271-06fc-f4e8-f4f875ec7202,4.549999999999999,16.852977544344082,0.5979410000000001,2,555557024;67881;555538085;555522471;555543258,DK00FX113
12f60564ec057888258171ace60ff5e2,2026-07-10T19:40:05.000Z,2026-07-10T21:03:48.000Z,57.4939,10.7636,10.75785,57.46223333333333,10.764833333333334,57.52066666666666,False,219005954,BELLA-EMIL,DNK,452637753-32e2-e9d8-8651-7e3396324805,2.5279999828338626,6.688612665792981,2.30288,10,,DK00FX113
f56f2fdcbdd15b83fec25565559e9800,2026-07-10T19:59:01.000Z,2026-07-10T20:43:11.000Z,57.4661,10.7568,10.755093333333333,57.45052333333334,10.760248333333333,57.481141666666666,False,219013885,DORIS VENDELBO,DNK,050513a98-880a-98f7-ccc3-650614d8533f,2.5377778212229405,3.4253275606266516,3.335848,11,,DK00FX113
0d90893977c2feed88ec87a147ea3195,2026-07-10T23:57:07.000Z,2026-07-11T02:52:01.000Z,57.5495,10.7649,10.773179999999996,57.493943333333334,10.755785000000003,57.61033833333333,False,219013885,DORIS VENDELBO,DNK,050513a98-880a-98f7-ccc3-650614d8533f,2.5161849356800143,14.78819624457976,0,10,,DK00FX113
8a44ac64ea6c30f135835c7e4d1618df,2026-07-11T04:10:07.000Z,2026-07-11T04:43:08.000Z,57.4978,10.5262,10.545659999999998,57.495958333333334,10.516413333333333,57.50268333333333,True,219013885,DORIS VENDELBO,DNK,050513a98-880a-98f7-ccc3-650614d8533f,1.8735294061548566,1.8922329448360793,2.636122,2,555557024;555522471;555543258,DK00FX113
85df61d0d8663858de14d8623ccad22c,2026-07-11T04:42:04.000Z,2026-07-11T06:19:23.000Z,57.5158,10.5299,10.540877999999992,57.468982,10.523052000000007,57.538625,True,219007115,HANNE F,DNK,7841f827e-e271-06fc-f4e8-f4f875ec7202,3.821739130434782,10.470544161288847,0,1,555543258;555538085;555522471;67881;555557024,DK00FX113
ac9fe04042faa2ab44ce01deb9e701f3,2026-07-11T09:17:26.000Z,2026-07-11T09:39:56.000Z,57.4502,10.5626,10.563107000000002,57.448718,10.561382000000009,57.45166,False,219033842,ELSE-ANE,DNK,c2f1d583d-d66b-e3bc-94d3-a2e08282fe8d,1.0499999999999998,0.5147792242880298,1.111949,2,555522471;555538085;555543258;555557024,DK00FX113
9bb60c38c5841eb927490d6f2bb926d1,2026-07-11T10:01:55.000Z,2026-07-11T10:53:23.000Z,57.4277,10.5643,10.569041999999996,57.425137,10.560382000000004,57.4299,False,219033842,ELSE-ANE,DNK,c2f1d583d-d66b-e3bc-94d3-a2e08282fe8d,1.6238095238095236,1.7032880182198793,0.598595,2,,DK00FX113
8c732fcb1a53ed0088e5c1bb46523592,2026-07-12T03:59:00.000Z,2026-07-12T04:39:04.000Z,57.4962,10.5242,10.52447833333332,57.49332833333333,10.523306666666656,57.49948833333333,True,220359000,SARAH KAJGAARD,DNK,cd281e305-5a5e-9406-1f34-d572865ff7f1,0.6243902481183773,0.6758466163110046,0.597614,2,555557024;555538085;555522471;67881;555543258,DK00FX113
df3c0ffefc46ffc7c9582807fe75c907,2026-07-12T04:35:48.000Z,2026-07-12T06:19:07.000Z,57.5028,10.5491,10.534136666666667,57.49828,10.56499,57.507345,True,219003138,H84 GULDBORG,DNK,757ca9b0e-e2cf-fff6-f4d2-3b00c792efbf,0.690476195145221,2.1445965249199928,1.632363,3,555543258;555557024;555522471,DK00FX113
af5112e759905132edfd71ba87beb303,2026-07-12T04:40:17.000Z,2026-07-12T06:16:58.000Z,57.4963,10.5161,10.521989999999988,57.492158,10.505117000000013,57.498838,False,219012459,HM 67 LOTTI,DNK,cdca9c2b2-2f96-afb2-e67e-976ee9505b4e,0.5399999999999999,0.6350222186776658,0.597614,2,555557024;555543258;555522471,DK00FX113
8a31e8012e9bb95a7fa11049b42f4f8b,2026-07-13T00:04:04.000Z,2026-07-13T02:59:05.000Z,57.4809,10.7517,10.766369999999995,57.43326666666667,10.726541666666662,57.52735166666667,False,219009135,SG64 LAMA II,DNK,ae4a1cd2e-e7ea-7096-8780-63f0f06a8cef,2.141666684654496,11.809484318787026,1.111949,12,,DK00FX113
5b3ff6af67920a4b8dac5def7cb82d5f,2026-07-13T06:16:05.000Z,2026-07-13T07:34:06.000Z,57.5209,10.5895,10.638239999999996,57.50478,10.541908333333339,57.53427,True,219013885,DORIS VENDELBO,DNK,050513a98-880a-98f7-ccc3-650614d8533f,2.9658227740209315,7.110815876468516,2.524736,2,555557024;555543258;555522471,DK00FX113
e4cecee631a9355368e7e2be238ed90c,2026-07-13T06:35:03.000Z,2026-07-13T07:15:04.000Z,57.5218,10.5886,10.565526666666667,57.51464333333333,10.60275,57.52703,True,220359000,SARAH KAJGAARD,DNK,cd281e305-5a5e-9406-1f34-d572865ff7f1,3.2341463391373795,3.9230206857063767,4.2185060000000005,2,555522471;555543258;555557024,DK00FX113
52db89e62bfc7e167d49c0bce2c3251c,2026-07-13T16:32:24.000Z,2026-07-13T18:35:33.000Z,57.5168,10.5287,10.52338,57.470663,10.540432,57.538485,True,219007115,HANNE F,DNK,7841f827e-e271-06fc-f4e8-f4f875ec7202,3.740909090909091,13.654853676678634,1.1958820000000001,1,555557024;555543258;555538085;555522471;67881,DK00FX113
fbf6c2dc61063c5ec3378023e96cfd1a,2026-07-14T08:07:11.000Z,2026-07-14T09:54:45.000Z,57.5932,10.4287,10.428022,57.592577,10.429086999999999,57.593362,False,219021597,AZUMA,DNK,c9b0b4922-2f6b-e22c-f20f-5bdae5526f5f,0.6536585365853658,0.7842910450308674,0,1,,DK00FX113
8b5624073437d0198916dd09d3c31f9a,2026-07-15T13:10:02.000Z,2026-07-15T13:56:16.000Z,57.4959,10.5303,10.51796,57.493798,10.541928,57.497982,True,219020732,ELIDA,DNK,6bda7c0c4-4ded-3681-688c-056bb1f0f2c8,1.706060606060606,1.8813376189866882,0.597614,2,555557024;555543258;555538085;67881;555522471,DK00FX113
4164fcd7400987356793e9091083115a,2026-07-15T18:00:02.000Z,2026-07-15T18:22:15.000Z,57.4953,10.5245,10.509263,57.494422,10.537212,57.497125,True,219020732,ELIDA,DNK,6bda7c0c4-4ded-3681-688c-056bb1f0f2c8,2.6199999999999997,1.7481132370117434,0,2,67881;555557024;555522471;555543258;555538085,DK00FX113
ac609c3f873a0d395ed110c38616d7ab,2026-07-16T00:20:06.000Z,2026-07-16T00:55:02.000Z,57.6447,10.7488,10.751331666666658,57.63786,10.742016666666672,57.65435333333333,False,219005867,AMALIE BENJAMIN A59,DNK,ccfc43f96-6538-806f-dbba-25394e35fd73,1.913888899816407,2.0214274013779874,3.5709389999999996,13,,DK00FX113
3da2c0dd51daebce81f68f9ede442317,2026-07-16T02:45:07.000Z,2026-07-16T07:30:08.000Z,57.6576,10.62,10.656457999999986,57.621838,10.599995000000007,57.712558,False,219220156,S 543 TAHA,DNK,0a0df7dd4-43c4-b65d-97d8-26c779cb2248,2.3526315789473684,15.91602147229024,1.111949,11,,DK00FX113
899460ef1509d3e99745d4deecfcf9d2,2026-07-16T05:29:07.000Z,2026-07-16T06:02:06.000Z,57.4984,10.5378,10.51461,57.49268,10.559365,57.50744666666667,True,220127000,FN 261 STJERNE,DNK,013ba7567-7f7c-5d39-c59b-1b6822c67083,3.2764705910402183,3.323962939871012,0,2,67881;555543258;555522471;555538085;555557024,DK00FX113
800e1a7a0147147c44724ce6495cd860,2026-07-17T01:13:03.000Z,2026-07-17T07:23:12.000Z,57.6472,10.6101,10.621274999999997,57.62884,10.599097999999998,57.68344,False,219220156,S 543 TAHA,DNK,0a0df7dd4-43c4-b65d-97d8-26c779cb2248,2.58519855595668,24.850821362130272,0.5953200000000001,9,,DK00FX113
dd58a0e992daf4521dc11a830ca3ce1c,2026-07-17T12:08:18.000Z,2026-07-17T14:17:15.000Z,57.4773,10.5857,10.544603,57.466788,10.621195,57.483863,True,219007115,HANNE F,DNK,7841f827e-e271-06fc-f4e8-f4f875ec7202,4.7124999999999995,8.832859806690188,0,1,555522471;555538085;67881;349827;555543258;555557024,DK00FX113
8dfdd14274eb1bf80b0f9b4273e17c95,2026-07-20T19:19:02.000Z,2026-07-21T01:16:02.000Z,57.5301,10.7573,10.794353333333333,57.44287,10.69831666666667,57.587605,False,219006301,FN 308 HELLE LOTTE,DNK,64130f509-9c27-c779-f4bc-cbfaa9ae6e0b,2.2614525498499747,26.835731273472383,2.525666,13,,DK00FX113
cfce1b99ae4c46ebe2e26af4d39dab1b,2026-07-21T02:21:02.000Z,2026-07-21T03:05:01.000Z,57.5098,10.5377,10.525751666666666,57.50545833333333,10.555605,57.51276,True,219006301,FN 308 HELLE LOTTE,DNK,64130f509-9c27-c779-f4bc-cbfaa9ae6e0b,1.5288888851801559,2.049665838125787,2.524581,3,555522471;555543258;555557024,DK00FX113
4b2b8b8ff4914aece34ceb0cacaad94c,2026-07-21T19:27:20.000Z,2026-07-22T03:09:40.000Z,57.5456,10.732,10.710423333333333,57.46924833333333,10.761978333333333,57.611975,False,219904000,KATRINE O 111,DNK,1740995e6-623a-c1a5-cb82-31c353e8c37a,2.318526828062853,33.09417884418817,1.6328420000000001,7,,DK00FX113
eb7c16f0c536d14175688dfebf3852ca,2026-07-21T19:29:31.000Z,2026-07-22T03:15:30.000Z,57.4024,10.724,10.764338333333342,57.32629333333333,10.69234666666668,57.46746666666667,False,219004473,FN283 LIVA,DNK,190232f32-27d8-ebbe-9c29-97b3e922f688,2.3632258222949116,34.60364163203105,8.915777,9,,DK00FX113
9f3e861718f8593ed036a7e9dff97c4b,2026-07-21T19:34:11.000Z,2026-07-22T03:07:50.000Z,57.5323,10.7428,10.760294999999985,57.450806666666665,10.722823333333338,57.610686666666666,False,220256000,CHARLOTTE P  FN 131,DNK,f9350d74d-d66f-c031-94cd-b0f227dd5a0f,2.5243961373389068,37.716288244241575,3.335848,11,,DK00FX113
455743b97a4dbb56154a1271a226f445,2026-07-21T19:41:58.000Z,2026-07-21T23:06:18.000Z,57.5225,10.7606,10.749958333333334,57.46453,10.766893333333334,57.58401166666667,False,219003138,H84 GULDBORG,DNK,757ca9b0e-e2cf-fff6-f4d2-3b00c792efbf,2.371084331604372,14.176369026454413,2.5250459999999997,9,,DK00FX113
fe170dcd670c4d01d4cc1ff7c213f038,2026-07-21T23:23:27.000Z,2026-07-22T03:02:39.000Z,57.5171,10.7417,10.729855,57.437317,10.761256666666666,57.569941666666665,False,219003138,H84 GULDBORG,DNK,757ca9b0e-e2cf-fff6-f4d2-3b00c792efbf,2.2888888887564343,16.26843681208447,2.858421,10,,DK00FX113
dbaadcd0099cb4899d2898019051cab9,2026-07-22T18:55:57.000Z,2026-07-22T22:56:00.000Z,57.5329,10.7654,10.763621666666667,57.44438666666667,10.769416666666666,57.60358,False,219003138,H84 GULDBORG,DNK,757ca9b0e-e2cf-fff6-f4d2-3b00c792efbf,2.424999998544538,20.095252305725634,2.223899,11,,DK00FX113
a2c57b285d35feb00316c26ef21c90d5,2026-07-22T19:10:01.000Z,2026-07-22T22:53:01.000Z,57.5272,10.6857,10.678431666666667,57.45334,10.695846666666666,57.593135,False,219024715,FRU LUNDSGAARD SG 17,DNK,90127c090-07a8-9d1b-f1f7-67079141c112,2.44285715451198,16.046452023387204,2.223899,7,,DK00FX113
19f16c8526adbd984335c6952097818b,2026-07-22T19:10:05.000Z,2026-07-22T23:15:06.000Z,57.5344,10.748,10.757881666666663,57.453655,10.731178333333332,57.60566333333333,False,219003066,FN224 LAERKE VINTHER,DNK,e4e1b2fbf-fa41-ab51-bc90-da92977735d6,2.3361788605286806,17.472273272892433,3.335848,11,,DK00FX113
156f2efb91a72ce72842c42240726efb,2026-07-22T19:17:19.000Z,2026-07-23T03:07:20.000Z,57.5588,10.746,10.717673333333334,57.47555333333333,10.762698333333333,57.63241333333333,False,219904000,KATRINE O 111,DNK,1740995e6-623a-c1a5-cb82-31c353e8c37a,2.3883227556311133,38.49788624084125,1.7933320000000001,7,,DK00FX113
433ec3676c6d0fde79301e3cb5eabaf6,2026-07-22T19:22:44.000Z,2026-07-22T23:10:12.000Z,57.5669,10.7557,10.741933333333334,57.471983333333334,10.761491666666666,57.623016666666665,False,219005954,BELLA-EMIL,DNK,452637753-32e2-e9d8-8651-7e3396324805,2.401639355865658,17.83396803083644,2.110296,8,,DK00FX113
4310533c6b45945ce5947d0dde5f9e45,2026-07-22T19:37:42.000Z,2026-07-23T02:20:18.000Z,57.5493,10.7453,10.723718,57.481742,10.755873,57.609435,False,219009415,R254 KATRINE-KIM,DNK,cea1fec10-06e2-af1d-75bc-60c4a902f23a,2.3835913312693506,33.088575627482086,1.7933320000000001,7,,DK00FX113
dfadeee23e8b5275ecfaac3eacdb88f8,2026-07-22T19:57:13.000Z,2026-07-23T02:50:04.000Z,57.5789,10.756,10.802258333333327,57.48627833333333,10.609733333333338,57.640335,False,220368000,O 159 RANDI,DNK,23b776e71-126f-9ab4-62f5-3dd2f3acef61,2.6200980448584024,35.72286044342819,1.7928410000000001,12,,DK00FX113
fcfa3911a048c28f5768046f8b8e84f4,2026-07-22T23:07:36.000Z,2026-07-23T03:21:59.000Z,57.5266,10.7455,10.723646666666667,57.437601666666666,10.758837,57.59853,False,219003138,H84 GULDBORG,DNK,757ca9b0e-e2cf-fff6-f4d2-3b00c792efbf,2.5080246915051965,21.096861663758457,3.2678409999999998,9,,DK00FX113
f9df888a4005a917d0180e1c3a6124ca,2026-07-22T23:09:00.000Z,2026-07-23T02:22:01.000Z,57.5183,10.6797,10.697428333333335,57.459835,10.667741666666672,57.58214,False,219024715,FRU LUNDSGAARD SG 17,DNK,90127c090-07a8-9d1b-f1f7-67079141c112,2.4871133808622634,15.12356020327067,1.6330820000000001,7,,DK00FX113
bb595da92242f177f6d59729cf154dfe,2026-07-22T23:24:06.000Z,2026-07-23T03:03:05.000Z,57.5177,10.7235,10.733441666666664,57.448298333333334,10.710325000000012,57.59352,False,219003066,FN224 LAERKE VINTHER,DNK,e4e1b2fbf-fa41-ab51-bc90-da92977735d6,2.4500000016255825,16.577768347799434,3.726788,9,,DK00FX113
f20de2b18ddf7432c8bcbf1405073e94,2026-07-22T23:24:28.000Z,2026-07-23T03:07:12.000Z,57.5405,10.749,10.753898333333325,57.46612,10.741600000000005,57.615695,False,219005954,BELLA-EMIL,DNK,452637753-32e2-e9d8-8651-7e3396324805,2.4986841749203825,17.04075957086616,1.6328420000000001,9,,DK00FX113
07b03dffd19b5d442033ba842f924d14,2026-07-22T23:39:03.000Z,2026-07-23T02:42:02.000Z,57.5821,10.7225,10.765933333333322,57.536015,10.70210666666668,57.634455,False,219006301,FN 308 HELLE LOTTE,DNK,64130f509-9c27-c779-f4bc-cbfaa9ae6e0b,2.2016304869042793,12.49616898071164,5.5597460000000005,11,,DK00FX113
d290702d0af5beb60c9e7846019fb184,2026-07-23T00:22:01.000Z,2026-07-23T00:46:02.000Z,57.5707,10.6636,10.662785,57.562985,10.663969999999999,57.5788,False,219005732,HG20 MALENE MEYER,DNK,4b9b34d23-308c-3e16-a782-dc49e5a8c47a,2.3720000743865968,1.761866341524047,4.6051660000000005,8,,DK00FX113
58a188de8240a988523a2e50b00b0e8a,2026-07-23T01:02:00.000Z,2026-07-23T02:16:01.000Z,57.5585,10.6623,10.666896666666673,57.53339666666667,10.658248333333347,57.585195,False,219005732,HG20 MALENE MEYER,DNK,4b9b34d23-308c-3e16-a782-dc49e5a8c47a,2.5426666800181073,5.807676365807619,1.262097,6,,DK00FX113
d505f787774a0b92c9afe376dd5867d1,2026-07-23T04:12:45.000Z,2026-07-23T05:17:20.000Z,57.499,10.5455,10.545964999999995,57.496187,10.544667000000004,57.503133,True,219012459,HM 67 LOTTI,DNK,cdca9c2b2-2f96-afb2-e67e-976ee9505b4e,0.9390243902439023,1.034996782661747,2.636122,2,555543258;555522471;555557024;555538085;67881,DK00FX113
7fab3ee7901bfa7535b276e7255c9749,2026-07-23T19:08:07.000Z,2026-07-24T02:25:00.000Z,57.5219,10.6924,10.683125,57.449685,10.713815,57.59316,False,219024715,FRU LUNDSGAARD SG 17,DNK,90127c090-07a8-9d1b-f1f7-67079141c112,2.426598467485373,33.38217013640892,2.223899,7,,DK00FX113
364f4c45d5614e84a4ccd6abb304e187,2026-07-23T19:25:05.000Z,2026-07-24T02:37:05.000Z,57.5758,10.7159,10.74931833333332,57.50045333333333,10.703255000000013,57.63742,False,219005941,R223 BUSTER,DNK,1fa45f2b8-8272-56e7-89ae-c218cc97d3f8,2.2821759431346984,33.41728381713526,1.632363,9,,DK00FX113
ea94222504e0819f7353f3479ebd053f,2026-07-23T19:25:17.000Z,2026-07-24T02:29:11.000Z,57.56,10.7288,10.712878,57.48742,10.757446999999999,57.621843,False,219009415,R254 KATRINE-KIM,DNK,cea1fec10-06e2-af1d-75bc-60c4a902f23a,2.372755417956655,33.703770898630296,1.195227,6,,DK00FX113
a18fec59e173247db2e45a6480141826,2026-07-23T19:27:06.000Z,2026-07-23T23:08:05.000Z,57.5403,10.7197,10.715828333333333,57.465338333333335,10.725761666666667,57.610996666666665,False,219003066,FN224 LAERKE VINTHER,DNK,e4e1b2fbf-fa41-ab51-bc90-da92977735d6,2.387214611654414,16.385856286601182,2.110296,7,,DK00FX113
97f6b18becc75b5277991fe58eafe798,2026-07-23T19:32:01.000Z,2026-07-24T02:39:02.000Z,57.5789,10.742,10.769696666666675,57.51344666666667,10.712238333333346,57.64147,False,219006301,FN 308 HELLE LOTTE,DNK,64130f509-9c27-c779-f4bc-cbfaa9ae6e0b,2.2391510022066115,30.430441641690773,2.223899,10,,DK00FX113
c24191a1493acbb40b131766bd392123,2026-07-23T20:50:11.000Z,2026-07-23T23:38:02.000Z,57.57,10.6674,10.672214999999994,57.534643333333335,10.665241666666674,57.598283333333335,False,219005732,HG20 MALENE MEYER,DNK,4b9b34d23-308c-3e16-a782-dc49e5a8c47a,2.538993699932999,13.208093302772143,1.262097,6,,DK00FX113
9fe3da8db943739f0cbc345497850326,2026-07-23T22:18:11.000Z,2026-07-23T23:59:10.000Z,57.5857,10.6739,10.67749333333333,57.56659166666667,10.671376666666674,57.602943333333336,False,219015617,FN68 FRYDENSTRAND,DNK,d4564638c-c6f0-0ff6-c16f-a07290ebe530,2.2942857056856165,4.6952605415910975,5.5597460000000005,9,,DK00FX113
e081e5b8a94dc3b493f042ebc0b20567,2026-07-23T23:31:07.000Z,2026-07-24T02:59:06.000Z,57.5241,10.729,10.750926666666658,57.45941,10.72041333333334,57.593781666666665,False,219003066,FN224 LAERKE VINTHER,DNK,e4e1b2fbf-fa41-ab51-bc90-da92977735d6,2.4024038503949474,16.08451826293398,2.5250459999999997,9,,DK00FX113
f43b32f2bbc56ff68c5677e7b311f915,2026-07-24T00:00:02.000Z,2026-07-24T02:44:05.000Z,57.4815,10.6904,10.67237,57.43633833333333,10.715755,57.53129833333333,False,219005732,HG20 MALENE MEYER,DNK,4b9b34d23-308c-3e16-a782-dc49e5a8c47a,2.4190789355259192,13.343199302028157,3.3890569999999998,7,,DK00FX113
6c797cfcc415b344207d5efe035c4836,2026-07-24T00:41:09.000Z,2026-07-24T01:57:01.000Z,57.5124,10.6865,10.696605000000005,57.48724833333333,10.682003333333341,57.53796666666667,False,219015617,FN68 FRYDENSTRAND,DNK,d4564638c-c6f0-0ff6-c16f-a07290ebe530,2.479220777362972,5.752581306223986,0.597614,6,,DK00FX113
0afc10e122829453cc116483e964caeb,2026-07-24T00:47:46.000Z,2026-07-24T02:50:00.000Z,57.4828,10.6935,10.690945,57.45408666666667,10.70452,57.52656833333333,False,219005659,KAREN-PETER RS314,DNK,a79b138f3-3f7a-9e9b-2db2-fca724d8bb38,2.2153061239086855,8.17137755268698,2.302923,7,,DK00FX113
d89f02cfd637d8c17d972166a01c10d4,2026-07-24T02:08:01.000Z,2026-07-24T02:39:03.000Z,57.4724,10.7037,10.709523333333323,57.46505833333333,10.700478333333336,57.47994,False,219015617,FN68 FRYDENSTRAND,DNK,d4564638c-c6f0-0ff6-c16f-a07290ebe530,1.9764705835019842,1.3008743191249081,1.6328420000000001,7,,DK00FX113
939e30aee18f7b2ad9fadebf9d44fd49,2026-07-24T03:27:04.000Z,2026-07-24T04:20:03.000Z,57.5032,10.5446,10.53892,57.50222333333333,10.551761666666666,57.50448,True,220368000,O 159 RANDI,DNK,23b776e71-126f-9ab4-62f5-3dd2f3acef61,0.496153852973993,0.8124477811003389,2.109462,3,555543258;555557024;555522471,DK00FX113
dbfad826ff2f4aad7325736c49e043a4,2026-07-24T04:05:51.000Z,2026-07-24T06:42:27.000Z,57.4969,10.5157,10.505278,57.491995,10.535502,57.504373,False,219012459,HM 67 LOTTI,DNK,cdca9c2b2-2f96-afb2-e67e-976ee9505b4e,0.19130434782608696,0.6899240960865927,0,2,555522471;555543258;555557024,DK00FX113
b0c124ce3d1f0c425a6c0b2cff908635,2026-07-24T04:31:00.000Z,2026-07-24T17:08:01.000Z,57.4927,10.5053,10.50682333333333,57.49243,10.503171666666674,57.49460333333333,False,219904000,KATRINE O 111,DNK,1740995e6-623a-c1a5-cb82-31c353e8c37a,0.020844327566019824,0.6166397711595143,0,2,,DK00FX113
836d643b36a9bc266fd2c981a03efb44,2026-07-24T12:12:16.000Z,2026-07-24T21:15:13.000Z,57.4927,10.5041,10.504253000000006,57.492667,10.485935000000012,57.492752,False,219013005,FN 294 TABITA,DNK,fd1d13da0-0793-ca99-60c5-30329024dfb9,0,2.176529366542954,0,1,,DK00FX113
9626b6a5a4319c8bb4f16e36f22d5b8a,2026-07-24T19:12:32.000Z,2026-07-25T01:43:47.000Z,57.5467,10.6811,10.716514999999987,57.466577,10.649652000000003,57.60342,False,219009415,R254 KATRINE-KIM,DNK,cea1fec10-06e2-af1d-75bc-60c4a902f23a,2.5078767123287666,33.95985900988731,2.110296,7,,DK00FX113
2da3167a28a6eb6debdc75c002dd0bb6,2026-07-24T19:16:20.000Z,2026-07-25T03:03:00.000Z,57.5524,10.743,10.721363333333333,57.47349666666667,10.768636666666668,57.627205000000004,False,219904000,KATRINE O 111,DNK,1740995e6-623a-c1a5-cb82-31c353e8c37a,2.4598290557121363,35.19716324476558,2.110296,7,,DK00FX113
fd7bc9c44c9949978ae55aeb615477e6,2026-07-24T19:21:02.000Z,2026-07-25T03:03:01.000Z,57.538,10.7092,10.734626666666657,57.469445,10.689075000000003,57.603228333333334,False,219006301,FN 308 HELLE LOTTE,DNK,64130f509-9c27-c779-f4bc-cbfaa9ae6e0b,2.2389497168574084,32.075860907739504,2.637309,8,,DK00FX113
6df2a6131961a0c2ea5d06c5569d325e,2026-07-24T19:23:10.000Z,2026-07-24T23:16:01.000Z,57.57,10.7204,10.742828333333335,57.495095,10.70803166666667,57.64461,False,220072000,R177 DUEODDE,DNK,438ea858e-e541-e793-8324-1972af53ee8e,2.400450512632592,17.200271194365456,2.109462,8,,DK00FX113
7c70daeff7ec861f3f72cd1a04511f18,2026-07-24T19:27:03.000Z,2026-07-25T03:01:11.000Z,57.5672,10.6949,10.648985,57.50069833333333,10.739728333333334,57.62666333333333,False,219005941,R223 BUSTER,DNK,1fa45f2b8-8272-56e7-89ae-c218cc97d3f8,2.289011020499927,31.98165906094798,2.109044,3,,DK00FX113
ea3adf7e0f87925788bdc49da320e384,2026-07-24T19:40:45.000Z,2026-07-24T23:12:36.000Z,57.5812,10.6604,10.623966666666666,57.5364,10.73335,57.60843333333333,False,219005954,BELLA-EMIL,DNK,452637753-32e2-e9d8-8651-7e3396324805,2.502941163147196,16.559602683584245,4.2160020000000005,5,,DK00FX113
c5cbebc4acdb2fd2a2885b7953c633c7,2026-07-24T19:49:06.000Z,2026-07-24T21:45:04.000Z,57.3915,10.73,10.716433333333333,57.352916666666665,10.748458333333334,57.42996333333333,False,219005866,FN 72 NEBRASKA,DNK,4d50ffa58-835c-b38b-5f5d-84807d6929d5,2.4508772406661725,11.67463618804592,7.313953000000001,11,,DK00FX113
0624912fbe522d0cd6b8f8d925931651,2026-07-24T19:57:34.000Z,2026-07-24T21:08:55.000Z,57.3929,10.7382,10.743688333333324,57.369593333333334,10.734090000000009,57.416106666666664,False,219002005,CHRISTINA KJAER FN81,DNK,58a5008c7-7a90-a74a-7643-3f1b7ad95a77,2.3124999701976776,5.208332846464735,4.797374,12,,DK00FX113
6c647554651175712d52dd4b8fab4488,2026-07-24T22:18:32.000Z,2026-07-24T22:57:26.000Z,57.4732,10.7124,10.716761666666656,57.459226666666666,10.709828333333348,57.4812,False,219002005,CHRISTINA KJAER FN81,DNK,58a5008c7-7a90-a74a-7643-3f1b7ad95a77,2.012500014156103,2.6403560029439914,2.637902,8,,DK00FX113
996673c7c3be14d6a81f5f429a382c89,2026-07-24T22:33:05.000Z,2026-07-24T22:58:01.000Z,57.4686,10.7165,10.718465000000009,57.461955,10.715176666666679,57.47245,False,219005866,FN 72 NEBRASKA,DNK,4d50ffa58-835c-b38b-5f5d-84807d6929d5,1.8153846372778601,1.2871190628726985,2.637902,8,,DK00FX113
cfd6840b48624f03e211d073afa2c4db,2026-07-24T23:24:58.000Z,2026-07-25T03:09:43.000Z,57.587,10.6612,10.717516666666654,57.52321666666667,10.62745000000001,57.60715833333333,False,219005954,BELLA-EMIL,DNK,452637753-32e2-e9d8-8651-7e3396324805,2.5291261997037715,17.70715560234751,2.38849,7,,DK00FX113
da65251428a86bda014278ea5dd2cb96,2026-07-24T23:28:21.000Z,2026-07-25T02:57:02.000Z,57.5714,10.7176,10.691015,57.51166666666666,10.747591666666667,57.635646666666666,False,220072000,R177 DUEODDE,DNK,438ea858e-e541-e793-8324-1972af53ee8e,2.3825806926335065,18.65969129546448,0.597286,5,,DK00FX113
627a7c08fdd01e06f47767141bdae9df,2026-07-24T23:39:06.000Z,2026-07-25T03:05:04.000Z,57.3704,10.7366,10.75861333333333,57.30529333333333,10.715786666666673,57.44250666666667,False,219005866,FN 72 NEBRASKA,DNK,4d50ffa58-835c-b38b-5f5d-84807d6929d5,2.5132596356104764,17.91076994738938,9.674324,7,,DK00FX113
7e6c33606990425f7d202ee8f9aab5cc,2026-07-25T00:11:13.000Z,2026-07-25T03:13:25.000Z,57.3775,10.7419,10.715241666666667,57.317096666666664,10.759915,57.440868333333334,False,219002005,CHRISTINA KJAER FN81,DNK,58a5008c7-7a90-a74a-7643-3f1b7ad95a77,2.4578947142550818,14.07755286048058,10.447040999999999,9,,DK00FX113
d6b5c4fcccec65b3459dbd07b0fee3fb,2026-07-25T03:59:05.000Z,2026-07-25T04:32:05.000Z,57.5023,10.5335,10.52059,57.500166666666665,10.548516666666666,57.50375666666667,True,219005941,R223 BUSTER,DNK,1fa45f2b8-8272-56e7-89ae-c218cc97d3f8,1.7205882107510284,1.7416394811023308,1.262329,2,555557024;555522471;555543258,DK00FX113
bf26395acea470c7fc86c69bc4e65d55,2026-07-25T04:25:07.000Z,2026-07-25T05:13:00.000Z,57.5019,10.5338,10.503581666666667,57.49448,10.56251,57.50922666666666,True,219006971,FN 220 IDA MARIE,DNK,3b71e97ba-a4ac-6fd8-ac1f-b3ced497dab4,2.6959183702663503,4.13738846922579,0,1,555557024;555522471;555543258,DK00FX113
dfa47e5ad9c0718d1e71605df08a714c,2026-07-25T19:08:00.000Z,2026-07-25T19:48:01.000Z,57.4489,10.7401,10.746796666666654,57.442611666666664,10.735000000000014,57.454325,False,219005956,STEPHANIE DALSOE,DNK,55d89b91d-d45c-b1c5-7535-608cc4d7d592,2.1975609790988084,2.8971792046059677,2.3030500000000003,11,,DK00FX113
8a65fd055f2abe1f390c3133180a5e68,2026-07-25T19:12:01.000Z,2026-07-26T03:02:35.000Z,57.5399,10.7483,10.698081666666667,57.44276166666667,10.820881666666667,57.59185166666666,False,219006301,FN 308 HELLE LOTTE,DNK,64130f509-9c27-c779-f4bc-cbfaa9ae6e0b,2.4359202283845542,32.85436939571455,3.543894,8,,DK00FX113
6cd12cc42f49a6f8e90ca8f8d0262497,2026-07-25T19:23:00.000Z,2026-07-26T03:20:00.000Z,57.5383,10.7189,10.702268333333333,57.45836833333333,10.738446666666666,57.613345,False,219904000,KATRINE O 111,DNK,1740995e6-623a-c1a5-cb82-31c353e8c37a,2.432008398564291,35.60187344147437,1.6330820000000001,7,,DK00FX113
8444a5370e486d3cfc4e6c424124b71f,2026-07-25T19:25:06.000Z,2026-07-26T02:58:03.000Z,57.5689,10.7394,10.691905,57.496125,10.80124,57.60881166666667,False,220072000,R177 DUEODDE,DNK,438ea858e-e541-e793-8324-1972af53ee8e,2.384725582983728,35.3688270867987,1.111949,5,,DK00FX113
5e2f462f825cfed36f4d25bbc3dca6ab,2026-07-25T19:31:14.000Z,2026-07-25T23:06:02.000Z,57.5146,10.7089,10.695768333333334,57.44083666666667,10.71827,57.57971833333333,False,219005941,R223 BUSTER,DNK,1fa45f2b8-8272-56e7-89ae-c218cc97d3f8,2.4355140236493584,16.007666475792913,3.543894,8,,DK00FX113
9ea44b09be0f1209fd1a53152b7bb243,2026-07-25T19:37:58.000Z,2026-07-25T23:10:00.000Z,57.5854,10.721,10.677738333333334,57.553826666666666,10.752156666666666,57.61629,False,219006971,FN 220 IDA MARIE,DNK,3b71e97ba-a4ac-6fd8-ac1f-b3ced497dab4,2.319704465090937,15.199834192311851,3.335848,8,,DK00FX113
6fcea6a0f742bda7d239040c57016e65,2026-07-25T19:40:36.000Z,2026-07-25T23:10:01.000Z,57.5796,10.6463,10.679578333333325,57.541383333333336,10.622181666666677,57.60908166666667,False,219005954,BELLA-EMIL,DNK,452637753-32e2-e9d8-8651-7e3396324805,2.5129770996006395,17.919844744504502,2.223899,7,,DK00FX113
4b0a173f8e843a77a63ad9ed18e15f66,2026-07-25T22:28:34.000Z,2026-07-25T23:59:03.000Z,57.6161,10.7522,10.732138333333333,57.589508333333335,10.76163,57.634811666666664,False,220345000,SG115 CECILIE MATHIL,DNK,58b5fd79c-c1e1-ab38-017b-ed3345596621,2.7268292496844033,6.903763065614852,6.048634,12,,DK00FX113
20dcab9b20ade16abe48ff770772b2e7,2026-07-25T23:18:03.000Z,2026-07-26T02:46:02.000Z,57.5746,10.6652,10.642528333333333,57.532895,10.714325,57.60760333333333,False,219005941,R223 BUSTER,DNK,1fa45f2b8-8272-56e7-89ae-c218cc97d3f8,2.2712918663994546,14.36596242206878,2.634341,4,,DK00FX113
5ea8f25801f7d351330ae0bbeb229945,2026-07-25T23:20:02.000Z,2026-07-26T02:58:14.000Z,57.5833,10.6524,10.686366666666657,57.526183333333336,10.624833333333328,57.60651166666667,False,219005954,BELLA-EMIL,DNK,452637753-32e2-e9d8-8651-7e3396324805,2.5330708552533245,19.00892661357629,1.262097,6,,DK00FX113
ac64ef18e24adfb48bb4b471fb677ac6,2026-07-26T00:30:12.000Z,2026-07-26T03:39:03.000Z,57.4984,10.7419,10.729133333333333,57.44466833333333,10.759256666666667,57.56621666666667,False,220345000,SG115 CECILIE MATHIL,DNK,58b5fd79c-c1e1-ab38-017b-ed3345596621,2.4484042488038544,14.140773943684017,2.858421,10,,DK00FX113
c77472aeaf1d4d8c7315e57c7ba13c27,2026-07-26T04:21:00.000Z,2026-07-26T10:05:20.000Z,57.4942,10.5177,10.508016666666666,57.49213666666667,10.53735,57.503205,False,219904000,KATRINE O 111,DNK,1740995e6-623a-c1a5-cb82-31c353e8c37a,0.18687783097384741,1.117769673929345,0,2,555543258;555538085;555557024;67881;555522471,DK00FX113
ff6e3148062fe147981f19fd950c0609,2026-07-26T04:55:04.000Z,2026-07-26T05:30:03.000Z,57.4954,10.5469,10.545656666666666,57.49079166666667,10.548808333333334,57.500598333333336,True,220345000,SG115 CECILIE MATHIL,DNK,58b5fd79c-c1e1-ab38-017b-ed3345596621,1.038888896505038,1.1161597050691041,2.3028380000000004,2,555538085;555543258;555557024;67881;555522471,DK00FX113
cb2610037cfddfd4a4696bf657504bc6,2026-07-26T18:59:20.000Z,2026-07-26T23:02:00.000Z,57.5839,10.734,10.718616666666666,57.49810166666666,10.785883333333333,57.649831666666664,False,219904000,KATRINE O 111,DNK,1740995e6-623a-c1a5-cb82-31c353e8c37a,2.4312775253855676,17.05023082769224,2.109462,7,,DK00FX113
213a9077fe216b7c5a1dbf2a518bf651,2026-07-26T19:06:01.000Z,2026-07-27T03:48:04.000Z,57.547,10.7312,10.764238333333338,57.455376666666666,10.675630000000012,57.63965,False,220345000,SG115 CECILIE MATHIL,DNK,58b5fd79c-c1e1-ab38-017b-ed3345596621,2.6678160799531643,44.52452773273109,2.30288,10,,DK00FX113
ef7612c3e1bb19c082329a9679229c7a,2026-07-26T19:12:01.000Z,2026-07-26T19:41:00.000Z,57.5339,10.6846,10.682581666666668,57.52166,10.686821666666667,57.5425,False,220256000,CHARLOTTE P  FN 131,DNK,f9350d74d-d66f-c031-94cd-b0f227dd5a0f,2.6499999761581425,1.5305475820165508,0,5,,DK00FX113
53119d80076311ca5ce897a3b873dc97,2026-07-26T19:13:49.000Z,2026-07-27T01:37:46.000Z,57.5463,10.6716,10.645418,57.48313,10.689195,57.605668,False,219009415,R254 KATRINE-KIM,DNK,cea1fec10-06e2-af1d-75bc-60c4a902f23a,2.4704697986577204,32.985851593833544,1.7933320000000001,4,,DK00FX113
975734cf694032d73ba1ad0913c145d9,2026-07-26T19:15:02.000Z,2026-07-27T02:05:01.000Z,57.546,10.7633,10.729413333333333,57.483761666666666,10.809313333333334,57.60695666666667,False,219006301,FN 308 HELLE LOTTE,DNK,64130f509-9c27-c779-f4bc-cbfaa9ae6e0b,2.317534299786775,31.320255273033954,2.3911089999999997,8,,DK00FX113
a5be3e5ec0f662bfc3eefa83f129e35d,2026-07-26T19:32:09.000Z,2026-07-26T20:07:08.000Z,57.5196,10.6901,10.689328333333334,57.50823666666667,10.691175,57.53114333333333,False,220072000,R177 DUEODDE,DNK,438ea858e-e541-e793-8324-1972af53ee8e,2.3583333823415966,2.5500861706016362,0.597286,5,,DK00FX113
e87b819b7e4f4d900d3687efa971c0e6,2026-07-26T19:33:01.000Z,2026-07-26T21:51:30.000Z,57.5843,10.6377,10.623,57.5461,10.6682,57.6107,False,219005954,BELLA-EMIL,DNK,452637753-32e2-e9d8-8651-7e3396324805,2.5505494364015338,11.522427954993118,4.8942120000000005,6,,DK00FX113
ee767d05414bf14f7b811e66631bfed2,2026-07-26T19:42:54.000Z,2026-07-26T21:51:13.000Z,57.3895,10.7441,10.753590000000003,57.360816666666665,10.718531666666678,57.44737833333333,False,219002005,CHRISTINA KJAER FN81,DNK,58a5008c7-7a90-a74a-7643-3f1b7ad95a77,2.44705885999343,9.89070884096996,5.687492,11,,DK00FX113
199b55b9eac0a862061bbe2cd949ac93,2026-07-26T19:53:10.000Z,2026-07-26T21:43:10.000Z,57.5914,10.6753,10.680928333333327,57.551505,10.672738333333342,57.63056666666667,False,220256000,CHARLOTTE P  FN 131,DNK,f9350d74d-d66f-c031-94cd-b0f227dd5a0f,2.6432432247711724,8.940428417130429,3.335848,8,,DK00FX113
2f37489de15898403cc7880bd8e99047,2026-07-26T19:57:05.000Z,2026-07-26T20:52:01.000Z,57.3948,10.7492,10.755821666666662,57.37610166666666,10.741980000000012,57.413143,False,219005866,FN 72 NEBRASKA,DNK,4d50ffa58-835c-b38b-5f5d-84807d6929d5,2.4785714438983373,4.4343728406617355,3.38923,12,,DK00FX113
676fb8e0f8fc1351784e1ac873200e3c,2026-07-26T20:08:01.000Z,2026-07-27T03:26:00.000Z,57.564,10.7605,10.801156666666657,57.47935666666667,10.728423333333325,57.63786833333333,False,219005956,STEPHANIE DALSOE,DNK,55d89b91d-d45c-b1c5-7535-608cc4d7d592,2.500689648143176,34.06469454838977,1.7933320000000001,12,,DK00FX113
ff497fc54847d9904edf354ca79346b0,2026-07-26T20:38:01.000Z,2026-07-27T02:54:00.000Z,57.5953,10.6987,10.657051666666666,57.536008333333335,10.757498333333332,57.64705166666667,False,220072000,R177 DUEODDE,DNK,438ea858e-e541-e793-8324-1972af53ee8e,2.3967552209674103,27.432148591506415,2.5241160000000002,6,,DK00FX113
6aa10e568b6e9663f681a325d4796765,2026-07-26T20:48:17.000Z,2026-07-26T23:12:16.000Z,57.5749,10.7225,10.74408166666666,57.526736666666665,10.715329999999994,57.61881666666667,False,219003066,FN224 LAERKE VINTHER,DNK,e4e1b2fbf-fa41-ab51-bc90-da92977735d6,2.382608697466229,12.120410364827794,3.750854,9,,DK00FX113
460e998d8838566dd85b959c057780a2,2026-07-26T20:57:04.000Z,2026-07-26T21:32:04.000Z,57.5909,10.642,10.63985,57.579861666666666,10.651156666666667,57.59851166666667,False,219005941,R223 BUSTER,DNK,1fa45f2b8-8272-56e7-89ae-c218cc97d3f8,2.6138889127307467,2.8148691096203127,5.685979000000001,9,,DK00FX113
6f80052a48d77e154ff17d51f72753ec,2026-07-26T21:03:00.000Z,2026-07-26T21:24:00.000Z,57.5506,10.6839,10.685024999999996,57.54367,10.682791666666674,57.55810833333334,False,219005659,KAREN-PETER RS314,DNK,a79b138f3-3f7a-9e9b-2db2-fca724d8bb38,2.5047619115738646,1.6125796543024669,2.302626,7,,DK00FX113
e88c1fe310c537d6a7e6ddbef3ba0682,2026-07-26T21:37:59.000Z,2026-07-27T00:33:20.000Z,57.5585,10.6396,10.631668333333334,57.51625333333333,10.669431666666666,57.58723666666667,False,219005659,KAREN-PETER RS314,DNK,a79b138f3-3f7a-9e9b-2db2-fca724d8bb38,2.2707142949104298,10.587602308563069,2.985612,3,,DK00FX113
5e66612ff162bd52c0b4f7f261d53ecd,2026-07-26T22:48:02.000Z,2026-07-27T03:14:00.000Z,57.602,10.6963,10.672166666666667,57.52854833333333,10.762785000000001,57.667226666666664,False,220256000,CHARLOTTE P  FN 131,DNK,f9350d74d-d66f-c031-94cd-b0f227dd5a0f,2.4520325177629316,18.825056085529674,1.262097,6,,DK00FX113
858bc281bfb266a3005a039249a92159,2026-07-26T23:20:00.000Z,2026-07-27T03:11:11.000Z,57.5775,10.6532,10.69237666666666,57.523425,10.626981666666666,57.60621666666667,False,219005954,BELLA-EMIL,DNK,452637753-32e2-e9d8-8651-7e3396324805,2.525174827008814,18.40304549295843,0.5971219999999999,6,,DK00FX113
edc21514b6171417b90aa96fd31b0961,2026-07-26T23:24:01.000Z,2026-07-27T03:07:00.000Z,57.5568,10.7544,10.723865,57.48940666666667,10.780135,57.63036,False,219904000,KATRINE O 111,DNK,1740995e6-623a-c1a5-cb82-31c353e8c37a,2.358035765555022,16.208121541373107,1.7928410000000001,7,,DK00FX113
500134f382dfd620b6a1e6eceed41b55,2026-07-26T23:24:56.000Z,2026-07-27T03:07:05.000Z,57.5349,10.7166,10.73218,57.46361,10.706095000000005,57.608803333333334,False,219003066,FN224 LAERKE VINTHER,DNK,e4e1b2fbf-fa41-ab51-bc90-da92977735d6,2.470982145251973,17.97251892141995,3.190174,8,,DK00FX113
0c041fc7d5fb964551a57b39ccd1e8cd,2026-07-26T23:39:04.000Z,2026-07-27T02:46:02.000Z,57.5823,10.6594,10.691163333333321,57.550126666666664,10.63904500000001,57.60776333333333,False,219005941,R223 BUSTER,DNK,1fa45f2b8-8272-56e7-89ae-c218cc97d3f8,2.2909574714746883,13.057031095588632,3.388826,8,,DK00FX113
627f5f039989733c463a78f5f0dd5fc5,2026-07-27T00:15:16.000Z,2026-07-27T03:05:02.000Z,57.3814,10.7553,10.764839999999992,57.32832666666667,10.736275000000006,57.442521666666664,False,219005866,FN 72 NEBRASKA,DNK,4d50ffa58-835c-b38b-5f5d-84807d6929d5,2.440397334217235,15.41489059511531,8.915777,9,,DK00FX113
c6acc3c95053e591a8ae8764c1922313,2026-07-27T00:45:21.000Z,2026-07-27T02:18:21.000Z,57.4816,10.6693,10.648928333333334,57.463968333333334,10.682631666666667,57.508826666666664,False,219005659,KAREN-PETER RS314,DNK,a79b138f3-3f7a-9e9b-2db2-fca724d8bb38,2.043820229139221,6.24118663669427,2.110713,5,,DK00FX113
e4169f99d5cefec15e3e29de6b37a5a0,2026-07-27T00:45:52.000Z,2026-07-27T02:58:22.000Z,57.3764,10.7624,10.748715,57.33461166666667,10.772118333333333,57.42099,False,219004119,FN 408 KENJA,DNK,a66a343a0-067b-549a-e066-e3fbe976aadd,2.3895833740631742,13.082281155404912,8.976055,9,,DK00FX113
8f3a46b508e8153ceed09b0ff8d2a5de,2026-07-27T01:05:59.000Z,2026-07-27T03:07:21.000Z,57.5776,10.702,10.744856999999996,57.559668,10.680125000000004,57.601803,False,219012511,S300 BUTTERFLY,DNK,cf5279e32-2c84-cac8-926b-07f22f0ec0c1,2.377777777777777,11.060440139942402,5.710062,11,,DK00FX113
8d47006ef9b4138cece6cd5055df3ab0,2026-07-27T01:21:26.000Z,2026-07-27T01:51:54.000Z,57.3769,10.7478,10.743661666666666,57.36681166666666,10.751505,57.38867166666667,False,219002005,CHRISTINA KJAER FN81,DNK,58a5008c7-7a90-a74a-7643-3f1b7ad95a77,2.512499988079071,2.4758586606042283,4.797374,12,,DK00FX113
1604d7c83a9706222c08c0c7c01c702a,2026-07-27T04:10:00.000Z,2026-07-27T05:19:01.000Z,57.5061,10.5324,10.52507,57.505445,10.540761666666667,57.506706666666666,True,220256000,CHARLOTTE P  FN 131,DNK,f9350d74d-d66f-c031-94cd-b0f227dd5a0f,0.43857143414872035,0.9558207820784207,2.524581,3,555557024;555522471;555543258,DK00FX113
c7ff408e84f49fe4adca4cf001acde10,2026-07-27T04:31:07.000Z,2026-07-27T06:06:06.000Z,57.4969,10.5105,10.516721666666655,57.49318,10.506464999999992,57.503659999999996,False,219006971,FN 220 IDA MARIE,DNK,3b71e97ba-a4ac-6fd8-ac1f-b3ced497dab4,0.6024999920278787,0.7244449475805401,0.597614,2,555522471;555557024;555543258,DK00FX113
c71a4fd7779f4b264f01bf2d8a132a29,2026-07-27T04:38:00.000Z,2026-07-28T17:04:00.000Z,57.4927,10.5052,10.506836666666658,57.49251666666667,10.502723333333336,57.49452,False,219904000,KATRINE O 111,DNK,1740995e6-623a-c1a5-cb82-31c353e8c37a,0.007590306315538698,1.0677698915824727,0,2,,DK00FX113
4c9aa48b7b49bfe0943212b5b9f1d052,2026-07-27T19:53:00.000Z,2026-07-28T02:12:03.000Z,57.3924,10.7232,10.69473,57.32209,10.757083333333334,57.45070666666667,False,220256000,CHARLOTTE P  FN 131,DNK,f9350d74d-d66f-c031-94cd-b0f227dd5a0f,2.565714291376727,31.871026035588994,9.073065,10,,DK00FX113
99fac571740f8ecd0d6fbdf6dcd38007,2026-07-28T03:15:00.000Z,2026-07-28T04:39:00.000Z,57.5011,10.5303,10.520581666666667,57.499408333333335,10.542903333333333,57.502685,True,220256000,CHARLOTTE P  FN 131,DNK,f9350d74d-d66f-c031-94cd-b0f227dd5a0f,0.5400000035762785,1.385722658746749,1.262329,2,555543258;555557024;555522471,DK00FX113
b3bc0c7279e77911fa2449142a0ca756,2026-07-28T19:03:40.000Z,2026-07-29T04:01:58.000Z,57.5331,10.6619,10.696708000000001,57.437115,10.533307000000008,57.602753,False,219009415,R254 KATRINE-KIM,DNK,cea1fec10-06e2-af1d-75bc-60c4a902f23a,2.5701570680628265,45.91739509241778,3.543894,8,555543258;555522471;555557024,DK00FX113
9870a15dafe35ecd8997b4a8f9f0f79e,2026-07-28T19:04:06.000Z,2026-07-29T03:17:59.000Z,57.4791,10.7013,10.689216666666667,57.418258333333334,10.715828333333333,57.53822666666667,False,219009135,SG64 LAMA II,DNK,ae4a1cd2e-e7ea-7096-8780-63f0f06a8cef,2.056394109904642,32.468380397037635,4.191311,9,,DK00FX113
c72316171cd3adaf9d7152dc09134ab9,2026-07-28T19:06:01.000Z,2026-07-28T23:02:00.000Z,57.3895,10.7452,10.771645000000007,57.320745,10.728651666666678,57.46553333333333,False,219904000,KATRINE O 111,DNK,1740995e6-623a-c1a5-cb82-31c353e8c37a,2.3553191621252827,17.689618328565,9.278793,8,,DK00FX113
806050e62e49f25fa7e68567cedee276,2026-07-28T19:08:01.000Z,2026-07-28T23:18:00.000Z,57.4365,10.722,10.754788333333323,57.397886666666665,10.697643333333332,57.478955,False,220072000,R177 DUEODDE,DNK,438ea858e-e541-e793-8324-1972af53ee8e,2.4348485295218647,20.836504479892994,1.63452,12,,DK00FX113
5deaae7478667c3756aa1ce56c9d55ae,2026-07-28T19:12:18.000Z,2026-07-28T22:51:18.000Z,57.5606,10.658,10.650213333333333,57.48836333333333,10.66766,57.630181666666665,False,219024715,FRU LUNDSGAARD SG 17,DNK,90127c090-07a8-9d1b-f1f7-67079141c112,2.4932692134036474,16.01512668361231,1.7928410000000001,3,,DK00FX113
128bf5f8a27b3a2523e7d3920bf0e896,2026-07-28T19:17:02.000Z,2026-07-29T03:05:11.000Z,57.523,10.7049,10.683681666666667,57.43807,10.7272,57.59234333333333,False,219006301,FN 308 HELLE LOTTE,DNK,64130f509-9c27-c779-f4bc-cbfaa9ae6e0b,2.2688341381303947,33.79083354391712,3.335848,7,,DK00FX113
c322dcf7ade21d77573c7d6fe7c2d36b,2026-07-28T19:19:01.000Z,2026-07-28T19:56:11.000Z,57.4766,10.693,10.692186666666666,57.46389,10.693783333333334,57.48956833333333,False,219005659,KAREN-PETER RS314,DNK,a79b138f3-3f7a-9e9b-2db2-fca724d8bb38,2.4884615311255818,2.1176664354061616,1.262562,6,,DK00FX113
b526c34bff0e742490b315d64685529c,2026-07-28T19:26:00.000Z,2026-07-28T21:17:06.000Z,57.3732,10.7492,10.736338333333334,57.338456666666666,10.75979,57.415605,False,219004473,FN283 LIVA,DNK,190232f32-27d8-ebbe-9c29-97b3e922f688,2.573076949669764,9.259436776669897,7.988721,10,,DK00FX113
178030b20b047702033f74aa1af60476,2026-07-28T19:27:00.000Z,2026-07-29T03:16:03.000Z,57.3879,10.7261,10.688843333333333,57.31030666666667,10.752738333333333,57.469755,False,220256000,CHARLOTTE P  FN 131,DNK,f9350d74d-d66f-c031-94cd-b0f227dd5a0f,2.512500000753159,38.02563428576772,9.276415,10,,DK00FX113
c5d09c0b840b9632b78e5574c542603a,2026-07-28T19:29:52.000Z,2026-07-28T21:09:53.000Z,57.3845,10.7492,10.76133333333334,57.346983333333334,10.738130000000012,57.418996666666665,False,219002005,CHRISTINA KJAER FN81,DNK,58a5008c7-7a90-a74a-7643-3f1b7ad95a77,2.582142817122595,8.30904217563332,6.698568,10,,DK00FX113
a81ffac144cb37ac1fa0b142c24119d9,2026-07-28T19:34:06.000Z,2026-07-28T23:08:04.000Z,57.5912,10.685,10.668466666666667,57.518765,10.731888333333334,57.654801666666664,False,220127000,FN 261 STJERNE,DNK,013ba7567-7f7c-5d39-c59b-1b6822c67083,2.5211267198475293,16.581557067885022,0.5971219999999999,5,,DK00FX113
26e05383282e1ed014e822564101455f,2026-07-28T20:12:00.000Z,2026-07-28T20:47:06.000Z,57.3962,10.7502,10.74585,57.38396,10.754533,57.40757333333333,False,219005866,FN 72 NEBRASKA,DNK,4d50ffa58-835c-b38b-5f5d-84807d6929d5,2.4676470868727742,2.9579575728367034,3.5445569999999997,13,,DK00FX113
f33e07bbb144599f2104fdacb20e2e51,2026-07-28T20:42:03.000Z,2026-07-28T22:44:01.000Z,57.562,10.6978,10.70659333333333,57.520775,10.691900000000004,57.587555,False,219005659,KAREN-PETER RS314,DNK,a79b138f3-3f7a-9e9b-2db2-fca724d8bb38,2.2239130416318127,8.014055769073035,1.7913679999999998,7,,DK00FX113
27db703b2284422630ac2ea580d511ec,2026-07-28T22:09:10.000Z,2026-07-29T01:25:09.000Z,57.5991,10.6684,10.651965,57.551586666666665,10.69042,57.63635333333333,False,219015617,FN68 FRYDENSTRAND,DNK,d4564638c-c6f0-0ff6-c16f-a07290ebe530,2.272289163825741,11.157049172804268,3.786058,6,,DK00FX113
8dd1cc4a6c0aada2a870939af8cb935b,2026-07-28T22:56:02.000Z,2026-07-28T23:58:01.000Z,57.5533,10.6851,10.696123333333333,57.534218333333335,10.674763333333345,57.57255333333333,False,219005659,KAREN-PETER RS314,DNK,a79b138f3-3f7a-9e9b-2db2-fca724d8bb38,2.2636363641782244,5.6384006947445195,1.631644,7,,DK00FX113
8419c7f98a362fa0feaeb2bb07ab6b2b,2026-07-28T23:03:08.000Z,2026-07-29T02:44:03.000Z,57.5649,10.6548,10.674443333333329,57.50382666666667,10.64654333333334,57.630876666666666,False,219024715,FRU LUNDSGAARD SG 17,DNK,90127c090-07a8-9d1b-f1f7-67079141c112,2.4311926556289736,15.498530337256927,1.262252,4,,DK00FX113
7fdeee9522e73dcb7046e2567e65aac2,2026-07-28T23:24:02.000Z,2026-07-29T03:16:01.000Z,57.4115,10.7274,10.71357,57.338211666666666,10.760846666666666,57.47624666666667,False,219904000,KATRINE O 111,DNK,1740995e6-623a-c1a5-cb82-31c353e8c37a,2.3030303434118053,16.454763732891205,8.574571,10,,DK00FX113
96511e9c4ade7ba3d61e520e2fdd553f,2026-07-28T23:24:06.000Z,2026-07-29T04:41:05.000Z,57.5727,10.6824,10.590096666666666,57.51681,10.732531666666667,57.65618166666667,False,220127000,FN 261 STJERNE,DNK,013ba7567-7f7c-5d39-c59b-1b6822c67083,2.613333355434359,25.60851042054215,4.795354000000001,2,555522471;555543258;555557024,DK00FX113
eed09866b4ba8a0ad8d457421e65664d,2026-07-28T23:33:58.000Z,2026-07-29T02:56:02.000Z,57.4361,10.7254,10.708208333333333,57.40322333333334,10.743308333333333,57.470976666666665,False,220072000,R177 DUEODDE,DNK,438ea858e-e541-e793-8324-1972af53ee8e,2.417647089054382,16.700303690027084,3.73007,11,,DK00FX113
f3c112e3be20e6904fa95d8bb616c439,2026-07-29T00:00:21.000Z,2026-07-29T03:09:03.000Z,57.3893,10.7621,10.773529999999994,57.331355,10.736666666666679,57.45337333333333,False,219005866,FN 72 NEBRASKA,DNK,4d50ffa58-835c-b38b-5f5d-84807d6929d5,2.401785730535076,16.091785136476673,8.895595,8,,DK00FX113
c3b7b463bfe1a0240b0dc8929ea6cf3b,2026-07-29T00:23:58.000Z,2026-07-29T03:03:58.000Z,57.3942,10.742,10.75857666666667,57.343288333333334,10.723733333333342,57.44825,False,219004473,FN283 LIVA,DNK,190232f32-27d8-ebbe-9c29-97b3e922f688,2.3988636054775947,11.879769356968366,7.806697,10,,DK00FX113
e93908940e69a4daa4e0a6f4f90cc7a1,2026-07-29T00:32:03.000Z,2026-07-29T03:10:23.000Z,57.3727,10.7623,10.74479,57.326863333333336,10.770765,57.428088333333335,False,219004119,FN 408 KENJA,DNK,a66a343a0-067b-549a-e066-e3fbe976aadd,2.3471545039153665,12.369010479473092,9.075627,10,,DK00FX113
889dfa8c940fde6aff3d3a7bea55a34a,2026-07-29T00:52:01.000Z,2026-07-29T03:14:02.000Z,57.4825,10.6694,10.636373333333333,57.46761,10.68232,57.50007,False,219005659,KAREN-PETER RS314,DNK,a79b138f3-3f7a-9e9b-2db2-fca724d8bb38,2.272916667784254,8.680238659363502,1.6328420000000001,4,555557024;555522471;555543258,DK00FX113
22679902f03b54b3c57c594acb966033,2026-07-29T01:58:00.000Z,2026-07-29T02:31:03.000Z,57.5171,10.6618,10.665751666666665,57.51002166666667,10.65699166666667,57.53007,False,219015617,FN68 FRYDENSTRAND,DNK,d4564638c-c6f0-0ff6-c16f-a07290ebe530,2.2304347701694653,1.5576177445429857,0.597286,4,,DK00FX113
891d869e1c68c7f9ee454b21fb458332,2026-07-29T03:59:00.000Z,2026-07-29T04:37:00.000Z,57.4937,10.5176,10.518371666666667,57.490415,10.516940000000005,57.496495,False,219005659,KAREN-PETER RS314,DNK,a79b138f3-3f7a-9e9b-2db2-fca724d8bb38,0.6055555649929577,0.6772671715065883,0.597614,2,67881;555557024;555522471;555543258;555538085,DK00FX113
f2ced66a23137293c2013dc2ac77f8b0,2026-07-29T19:08:09.000Z,2026-07-29T23:06:00.000Z,57.4403,10.7237,10.707563333333333,57.402265,10.748328333333333,57.494213333333335,False,220072000,R177 DUEODDE,DNK,438ea858e-e541-e793-8324-1972af53ee8e,2.4242678195487524,18.208105065111603,3.73007,11,,DK00FX113
a2862a169f1d18c660d601d89f0c5fec,2026-07-29T19:12:05.000Z,2026-07-30T02:52:01.000Z,57.5395,10.7199,10.703573333333333,57.455951666666664,10.734811666666667,57.611205,False,219005941,R223 BUSTER,DNK,1fa45f2b8-8272-56e7-89ae-c218cc97d3f8,2.2778741936977176,32.675528248203456,1.6330820000000001,7,,DK00FX113
160834286bae30a74dbbbee41faf869e,2026-07-29T19:12:56.000Z,2026-07-30T02:39:02.000Z,57.5117,10.7097,10.748631999999986,57.430173,10.660742999999997,57.572202,False,219009415,R254 KATRINE-KIM,DNK,cea1fec10-06e2-af1d-75bc-60c4a902f23a,2.3889487870619948,35.73650420894269,1.262872,11,,DK00FX113
6c959432427a06667f19935afd7786d6,2026-07-29T19:15:04.000Z,2026-07-30T02:27:04.000Z,57.5547,10.6662,10.685669999999988,57.48195166666667,10.653471666666661,57.62254166666666,False,219024715,FRU LUNDSGAARD SG 17,DNK,90127c090-07a8-9d1b-f1f7-67079141c112,2.4764434074419466,33.70682337759982,0,6,,DK00FX113
0261b981df6624b224030feb093483e0,2026-07-29T19:17:01.000Z,2026-07-30T02:57:02.000Z,57.5201,10.7405,10.768563333333333,57.44698,10.715030000000013,57.5848,False,219006301,FN 308 HELLE LOTTE,DNK,64130f509-9c27-c779-f4bc-cbfaa9ae6e0b,2.206724556934678,31.736505925427352,3.335848,11,,DK00FX113
d465be8825e0f3582dfdf07f416e3b11,2026-07-29T19:17:30.000Z,2026-07-29T21:49:07.000Z,57.4888,10.7256,10.724271666666667,57.438721666666666,10.729456666666668,57.53821333333333,False,219003138,H84 GULDBORG,DNK,757ca9b0e-e2cf-fff6-f4d2-3b00c792efbf,2.4489361793436895,11.616645443911217,3.2678409999999998,9,,DK00FX113
fca011d37012151d32067f008481da0a,2026-07-29T19:25:04.000Z,2026-07-29T22:00:03.000Z,57.3992,10.758,10.747211666666667,57.35030666666667,10.771971666666667,57.44813166666667,False,219004119,FN 408 KENJA,DNK,a66a343a0-067b-549a-e066-e3fbe976aadd,2.3166666519947556,11.0979340660036,6.778547,11,,DK00FX113
ca54c423d8ec192826cc84ddcf081425,2026-07-29T19:27:00.000Z,2026-07-29T20:18:02.000Z,57.4233,10.6907,10.687171666666666,57.405788333333334,10.700531666666667,57.44166,False,220256000,CHARLOTTE P  FN 131,DNK,f9350d74d-d66f-c031-94cd-b0f227dd5a0f,2.607692296688373,4.132856671738623,4.336856,9,,DK00FX113
777756e7c9b0a137e1e0c8e9389eea78,2026-07-29T19:27:07.000Z,2026-07-30T03:41:06.000Z,57.5923,10.6885,10.667306666666667,57.516513333333336,10.740856666666666,57.66200166666667,False,220127000,FN 261 STJERNE,DNK,013ba7567-7f7c-5d39-c59b-1b6822c67083,2.476446267125039,36.38606936496775,0.5971219999999999,5,,DK00FX113
3739d1032470b6598369b565e4289e20,2026-07-29T19:37:58.000Z,2026-07-29T20:35:26.000Z,57.3938,10.7621,10.75782,57.376531666666665,10.767895,57.412486666666666,False,219002005,CHRISTINA KJAER FN81,DNK,58a5008c7-7a90-a74a-7643-3f1b7ad95a77,2.1946428716182704,4.63892499080663,3.38923,12,,DK00FX113
a25f26ab887e35b987d56a4c6120d2cd,2026-07-29T19:42:05.000Z,2026-07-29T23:04:05.000Z,57.4491,10.7613,10.77150499999999,57.38343833333333,10.75204500000001,57.51193,False,219005866,FN 72 NEBRASKA,DNK,4d50ffa58-835c-b38b-5f5d-84807d6929d5,2.30985224173574,14.500287219965632,3.335848,12,,DK00FX113
013355ab515875497eefad11fa3d151c,2026-07-29T20:29:12.000Z,2026-07-29T22:24:00.000Z,57.3589,10.7263,10.73452499999999,57.31856,10.707336666666663,57.39852,False,220256000,CHARLOTTE P  FN 131,DNK,f9350d74d-d66f-c031-94cd-b0f227dd5a0f,2.5939655098421825,9.151392470169514,10.290984,9,,DK00FX113
af5330a73943096b7d124ceae5362857,2026-07-29T21:05:06.000Z,2026-07-29T22:43:02.000Z,57.5699,10.6962,10.701705000000004,57.535035,10.694330000000008,57.603795,False,219005732,HG20 MALENE MEYER,DNK,4b9b34d23-308c-3e16-a782-dc49e5a8c47a,2.5333332979317857,7.695619076006918,2.5241160000000002,8,,DK00FX113
e33288027331343d26c76e075a665c79,2026-07-29T22:16:17.000Z,2026-07-30T03:58:38.000Z,57.5286,10.7522,10.772519999999986,57.45744,10.68695333333332,57.59331,False,219003138,H84 GULDBORG,DNK,757ca9b0e-e2cf-fff6-f4d2-3b00c792efbf,2.461829654801907,30.346529194706036,2.223899,10,,DK00FX113
8045d506d753e7781d9c0d6e3cec7bd8,2026-07-29T22:52:03.000Z,2026-07-30T03:37:03.000Z,57.3902,10.7564,10.77173666666667,57.321466666666666,10.741911666666681,57.47933333333334,False,219004119,FN 408 KENJA,DNK,a66a343a0-067b-549a-e066-e3fbe976aadd,2.1869731957942116,17.790425367825165,9.278793,8,,DK00FX113
6b89ee7140d8581b3328074ec44dfc92,2026-07-29T22:59:06.000Z,2026-07-29T23:59:05.000Z,57.5801,10.6931,10.70090833333333,57.561625,10.687871666666666,57.598345,False,219005732,HG20 MALENE MEYER,DNK,4b9b34d23-308c-3e16-a782-dc49e5a8c47a,2.249180320833549,4.1750268865637175,4.6051660000000005,9,,DK00FX113
928edba2213cc5427b2c07b4219eb9a0,2026-07-29T23:11:02.000Z,2026-07-30T03:18:01.000Z,57.4014,10.7186,10.68823,57.31778833333333,10.745551666666668,57.466255,False,220256000,CHARLOTTE P  FN 131,DNK,f9350d74d-d66f-c031-94cd-b0f227dd5a0f,2.524193520747844,19.414479348571273,9.073065,10,,DK00FX113
99e8f8372f6fa7c64ec5ac936d59173b,2026-07-29T23:18:00.000Z,2026-07-30T00:51:10.000Z,57.4245,10.7008,10.69368,57.397865,10.717858333333334,57.453725,False,220072000,R177 DUEODDE,DNK,438ea858e-e541-e793-8324-1972af53ee8e,2.39148940177674,7.114610745236744,4.7457780000000005,10,,DK00FX113
e1456441cdc6de5649585b8e66b6a6da,2026-07-29T23:31:00.000Z,2026-07-30T05:05:01.000Z,57.4741,10.7258,10.76178333333334,57.36639666666667,10.624928333333344,57.542451666666665,False,220204000,EMIL,DNK,57f2941d3-388b-cab3-de82-4d66cfe92770,2.5379104285275744,26.28461310592804,4.487984,12,,DK00FX113
97f7c4f1e84d5f8b5094b07e66c32a6c,2026-07-29T23:33:00.000Z,2026-07-30T02:31:01.000Z,57.5536,10.6627,10.651728333333333,57.49663833333334,10.677938333333334,57.61070333333333,False,219015617,FN68 FRYDENSTRAND,DNK,d4564638c-c6f0-0ff6-c16f-a07290ebe530,2.3592178641750814,12.860745852750885,2.109044,3,,DK00FX113
129a13cde0ccb2d39b5f91426747fe79,2026-07-29T23:35:05.000Z,2026-07-30T03:26:07.000Z,57.4285,10.7413,10.731856666666667,57.349383333333336,10.7524,57.50248333333333,False,220295000,HM 126 LILLEHOLM,DNK,4ae3b220c-caa9-4930-dba5-c004a9c3c0be,2.4538793130938332,17.433695830200275,7.089446,11,,DK00FX113
ac0e52fc942a1542e6adaac93c533a48,2026-07-29T23:43:54.000Z,2026-07-30T03:26:51.000Z,57.5949,10.6828,10.639981666666667,57.53758333333333,10.771756666666667,57.63357666666667,False,219005954,BELLA-EMIL,DNK,452637753-32e2-e9d8-8651-7e3396324805,2.481428572535515,20.65511901300303,3.263048,5,,DK00FX113
7c715894bccab9081df395405cfafb80,2026-07-30T00:00:06.000Z,2026-07-30T03:24:07.000Z,57.4111,10.7616,10.752413333333333,57.346035,10.779173333333333,57.47689666666667,False,219002005,CHRISTINA KJAER FN81,DNK,58a5008c7-7a90-a74a-7643-3f1b7ad95a77,2.283977928411895,15.883171177445158,6.778547,11,,DK00FX113
f76284c5cfa0268256b6c71955a16d23,2026-07-30T01:02:00.000Z,2026-07-30T02:44:00.000Z,57.439,10.7258,10.727589999999992,57.40510666666667,10.722373333333337,57.47297666666667,False,220072000,R177 DUEODDE,DNK,438ea858e-e541-e793-8324-1972af53ee8e,2.3679612377314894,7.5466812571413735,2.112799,11,,DK00FX113
0afa80ab1ff7dacac4ae532e8f97f612,2026-07-30T03:22:58.000Z,2026-07-30T04:07:25.000Z,57.5104,10.5653,10.556818,57.508917,10.58157,57.51405,True,219009415,R254 KATRINE-KIM,DNK,cea1fec10-06e2-af1d-75bc-60c4a902f23a,2.6679999999999997,3.59188762077516,3.7241619999999998,2,555557024;555543258;555522471,DK00FX113
418475a50dafdf51c9639c070e5767f1,2026-07-30T03:38:00.000Z,2026-07-30T04:03:00.000Z,57.5036,10.5355,10.532115,57.50224,10.538541666666667,57.50532333333334,True,219015617,FN68 FRYDENSTRAND,DNK,d4564638c-c6f0-0ff6-c16f-a07290ebe530,0.6307692338640873,0.5261693691791307,1.632363,3,555557024;555543258;555522471,DK00FX113
7286b6469921861824929c65190b9f02,2026-07-30T04:04:06.000Z,2026-07-30T05:28:07.000Z,57.5088,10.5561,10.621526666666654,57.496205,10.529938333333348,57.52019833333333,True,220127000,FN 261 STJERNE,DNK,013ba7567-7f7c-5d39-c59b-1b6822c67083,2.690588248389609,7.0445555729314675,2.223899,2,555557024;555543258;555522471,DK00FX113
5c36651233eeebf5ec5ae03f34428645,2026-07-30T04:40:03.000Z,2026-07-30T05:13:05.000Z,57.5098,10.5741,10.595948333333325,57.505228333333335,10.55462,57.511825,True,220295000,HM 126 LILLEHOLM,DNK,4ae3b220c-caa9-4930-dba5-c004a9c3c0be,2.620588225476882,2.6694339185244673,3.543453,2,555543258;555522471;555557024,DK00FX113
1529ab56d7e137ff13dc41c105df87f7,2026-07-30T19:08:02.000Z,2026-07-31T01:57:01.000Z,57.4222,10.7269,10.683068333333333,57.361608333333336,10.761146666666667,57.49019,False,219006301,FN 308 HELLE LOTTE,DNK,64130f509-9c27-c779-f4bc-cbfaa9ae6e0b,2.1948148238438137,28.652172208798813,7.746339,10,,DK00FX113
8a34465a205b1a6a8bb6a1e6ea8edd95,2026-07-30T19:14:08.000Z,2026-07-30T19:46:00.000Z,57.4998,10.6722,10.673733333333331,57.489731666666664,10.670320000000004,57.51089,False,219024715,FRU LUNDSGAARD SG 17,DNK,90127c090-07a8-9d1b-f1f7-67079141c112,2.451612880153041,2.456423639454478,0.597614,4,,DK00FX113
94c64ce0ec2c4b8de558f1fdcf769847,2026-07-30T19:18:03.000Z,2026-07-31T02:13:23.000Z,57.5858,10.6744,10.75021666666666,57.50514833333333,10.62612333333334,57.62201666666667,False,219005954,BELLA-EMIL,DNK,452637753-32e2-e9d8-8651-7e3396324805,2.558609263786416,35.55223988478788,2.524581,9,,DK00FX113
ad971078940f75ba0cda4ef82d8e3fe9,2026-07-30T19:18:57.000Z,2026-07-31T01:43:55.000Z,57.5103,10.6812,10.654012999999999,57.450925,10.702062,57.570877,False,219009415,R254 KATRINE-KIM,DNK,cea1fec10-06e2-af1d-75bc-60c4a902f23a,2.4161971830985913,29.11684648336475,2.8574960000000003,5,,DK00FX113
d93f967cd66891f75d051986cdaad263,2026-07-30T19:19:50.000Z,2026-07-30T23:12:01.000Z,57.4181,10.737,10.722339999999999,57.351235,10.749635,57.49673666666666,False,219005956,STEPHANIE DALSOE,DNK,55d89b91d-d45c-b1c5-7535-608cc4d7d592,2.342307713041957,16.962049296621267,7.313953000000001,11,,DK00FX113
7792169e72fa8df26a3ea036eb417541,2026-07-30T19:21:07.000Z,2026-07-31T03:50:06.000Z,57.5595,10.7104,10.65571,57.46277166666667,10.744133333333334,57.64031,False,220127000,FN 261 STJERNE,DNK,013ba7567-7f7c-5d39-c59b-1b6822c67083,2.5996062882303255,43.862633015024805,1.6330820000000001,5,,DK00FX113
32b01597b91973d2d13d93c5888ff41d,2026-07-30T19:23:05.000Z,2026-07-31T02:22:04.000Z,57.5244,10.687,10.638736666666667,57.46400666666667,10.72405,57.58551833333333,False,219005941,R223 BUSTER,DNK,1fa45f2b8-8272-56e7-89ae-c218cc97d3f8,2.3071599259510247,31.481342415887855,2.5250459999999997,4,,DK00FX113
6258eef214fee7cc00b6a0e0cc2ef302,2026-07-30T19:25:15.000Z,2026-07-30T22:53:05.000Z,57.4364,10.7562,10.725775,57.368898333333334,10.77302,57.49216333333333,False,219005866,FN 72 NEBRASKA,DNK,4d50ffa58-835c-b38b-5f5d-84807d6929d5,2.2698564777533967,15.954245513015124,5.052573000000001,12,,DK00FX113
f7e475fa8a40c3a2192dd12a874c3b70,2026-07-30T19:25:56.000Z,2026-07-30T22:28:16.000Z,57.3936,10.7356,10.75759500000001,57.331066666666665,10.722156666666677,57.444775,False,219002005,CHRISTINA KJAER FN81,DNK,58a5008c7-7a90-a74a-7643-3f1b7ad95a77,2.1934426260776196,12.166520663821466,8.915777,9,,DK00FX113
d086cca6311bb04a77da3ffdc91bfffc,2026-07-30T19:32:00.000Z,2026-07-31T02:54:00.000Z,57.3912,10.7416,10.719135,57.319448333333334,10.751271666666666,57.470893333333336,False,220072000,R177 DUEODDE,DNK,438ea858e-e541-e793-8324-1972af53ee8e,2.336561780431947,33.36706583424452,10.447040999999999,9,,DK00FX113
ab4557b0ab3cf3686d032999a997fc7d,2026-07-30T19:34:00.000Z,2026-07-30T23:19:20.000Z,57.3711,10.7466,10.726871666666666,57.33287833333333,10.758653333333333,57.42839166666667,False,219904000,KATRINE O 111,DNK,1740995e6-623a-c1a5-cb82-31c353e8c37a,2.40663716671741,16.878632381476827,9.213222,10,,DK00FX113
c613858d324488f78bf263da60b7f39a,2026-07-30T19:41:57.000Z,2026-07-30T23:10:05.000Z,57.5459,10.7022,10.690295,57.47895666666667,10.713365,57.59085666666667,False,219005732,HG20 MALENE MEYER,DNK,4b9b34d23-308c-3e16-a782-dc49e5a8c47a,2.4627451043502955,18.365700792914346,0,6,,DK00FX113
3607734b2d865d0f374077d9091f2a33,2026-07-30T19:57:07.000Z,2026-07-30T22:30:02.000Z,57.57,10.6551,10.649681666666666,57.5184,10.66877,57.61508666666667,False,219024715,FRU LUNDSGAARD SG 17,DNK,90127c090-07a8-9d1b-f1f7-67079141c112,2.6456953618700148,12.081413108107084,1.7913679999999998,4,,DK00FX113
ca7ded44d67da916b3e293bb558daa77,2026-07-30T22:16:01.000Z,2026-07-30T23:32:11.000Z,57.3554,10.7285,10.722633333333333,57.32891,10.731916666666667,57.374495,False,220256000,CHARLOTTE P  FN 131,DNK,f9350d74d-d66f-c031-94cd-b0f227dd5a0f,2.2605263151620565,5.444144033280226,9.387165000000001,10,,DK00FX113
14b194b604feaab56cf27ea8b2e4b2ec,2026-07-30T22:39:08.000Z,2026-07-30T23:08:11.000Z,57.4386,10.7166,10.719930000000005,57.429445,10.714006666666677,57.448195,False,219002005,CHRISTINA KJAER FN81,DNK,58a5008c7-7a90-a74a-7643-3f1b7ad95a77,2.400000027247838,2.2912959618314908,2.6402759999999996,10,,DK00FX113
bc64b34fe60a1eea77186558992addfb,2026-07-30T22:42:01.000Z,2026-07-31T02:18:01.000Z,57.5366,10.6501,10.640536666666666,57.47274,10.672776666666667,57.60823166666667,False,219024715,FRU LUNDSGAARD SG 17,DNK,90127c090-07a8-9d1b-f1f7-67079141c112,2.4766355012064767,16.83137869568248,1.6328420000000001,4,,DK00FX113
518b05ab644efeaced0ff0ad836a445c,2026-07-30T23:11:05.000Z,2026-07-30T23:59:04.000Z,57.4612,10.7313,10.729335,57.445325,10.73482,57.47809,False,219005866,FN 72 NEBRASKA,DNK,4d50ffa58-835c-b38b-5f5d-84807d6929d5,2.4387755170160412,3.6564396335101974,3.726788,9,,DK00FX113
96460d061bae05666753736df518051f,2026-07-30T23:24:31.000Z,2026-07-31T03:32:01.000Z,57.4467,10.7492,10.761306666666655,57.36274,10.738400000000013,57.52249166666667,False,219005956,STEPHANIE DALSOE,DNK,55d89b91d-d45c-b1c5-7535-608cc4d7d592,2.3140495945353163,18.263014759387453,5.591957000000001,11,,DK00FX113
ba309b3709bd23f8c0bc7c2d73f3a207,2026-07-30T23:26:25.000Z,2026-07-31T01:52:05.000Z,57.5071,10.6902,10.685786666666667,57.46246333333333,10.692718333333334,57.556505,False,219005732,HG20 MALENE MEYER,DNK,4b9b34d23-308c-3e16-a782-dc49e5a8c47a,2.2873239422767924,11.039566021087323,1.262562,6,,DK00FX113
a6e11cf1e215cd5c38b0cba1c5424cef,2026-07-30T23:45:48.000Z,2026-07-31T02:03:59.000Z,57.3586,10.738,10.761408333333321,57.32789666666667,10.725265000000007,57.40494666666667,False,219002005,CHRISTINA KJAER FN81,DNK,58a5008c7-7a90-a74a-7643-3f1b7ad95a77,2.035384626571948,9.348096741721161,8.915777,9,,DK00FX113
6c3a3ea992dd25cd608b6511ed92d269,2026-07-31T01:28:02.000Z,2026-07-31T01:52:00.000Z,57.4852,10.6647,10.660591666666667,57.480981666666665,10.668865,57.49252333333333,False,219015617,FN68 FRYDENSTRAND,DNK,d4564638c-c6f0-0ff6-c16f-a07290ebe530,1.7479999876022339,1.49134051075693,1.195554,4,,DK00FX113
def00b703c50d3d3647518566e043891,2026-07-31T02:57:57.000Z,2026-07-31T04:27:22.000Z,57.4949,10.5277,10.535239999999988,57.492185,10.506693000000013,57.496407,True,219009415,R254 KATRINE-KIM,DNK,cea1fec10-06e2-af1d-75bc-60c4a902f23a,1.3777777777777775,0.8556073198269081,1.7928410000000001,2,555522471;555543258;555557024;67881;555538085,DK00FX113
791af782739e0e1ef0ee895e14590096,2026-07-31T05:08:07.000Z,2026-07-31T05:32:06.000Z,57.4948,10.5264,10.513218333333333,57.493,10.537818333333334,57.49591,True,220127000,FN 261 STJERNE,DNK,013ba7567-7f7c-5d39-c59b-1b6822c67083,2.1479999828338623,1.7855654832327696,0,2,555522471;555538085;555543258;67881;555557024,DK00FX113
d35c0786dd346100c02d4a744fed0e87,2026-07-31T10:59:55.000Z,2026-07-31T21:51:24.000Z,57.4929,10.5037,10.50286,57.492633,10.505005,57.49316,False,219021597,AZUMA,DNK,c9b0b4922-2f6b-e22c-f20f-5bdae5526f5f,0.12298387096774194,1.7224143190280403,0,1,,DK00FX113
d4475377869cca0ff89ec9d1f9fdef67,2026-07-31T18:47:00.000Z,2026-07-31T22:55:01.000Z,57.4502,10.6944,10.71776833333334,57.411878333333334,10.66993500000001,57.50566333333333,False,219005659,KAREN-PETER RS314,DNK,a79b138f3-3f7a-9e9b-2db2-fca724d8bb38,2.2648044793798956,17.9207221497246,2.6408690000000004,11,,DK00FX113
d99cecef1dc04ab71b946a68728bf397,2026-07-31T19:04:01.000Z,2026-08-01T03:07:02.000Z,57.5206,10.7158,10.694265,57.41585,10.74986,57.59565,False,219006301,FN 308 HELLE LOTTE,DNK,64130f509-9c27-c779-f4bc-cbfaa9ae6e0b,2.2152778346746906,34.201781452699194,4.191311,9,,DK00FX113
72607b9cd8d50f52af6948f31f595336,2026-07-31T19:13:46.000Z,2026-07-31T20:11:56.000Z,57.4309,10.7214,10.722912000000008,57.413962,10.711833000000013,57.44958,False,219009415,R254 KATRINE-KIM,DNK,cea1fec10-06e2-af1d-75bc-60c4a902f23a,2.3617021276595755,5.1628689042525355,2.6408690000000004,11,,DK00FX113
120b6b312ae447cb294f21cbac263b96,2026-07-31T19:17:05.000Z,2026-07-31T22:58:03.000Z,57.549,10.7018,10.711606666666654,57.474085,10.69221833333333,57.61577666666667,False,219005941,R223 BUSTER,DNK,1fa45f2b8-8272-56e7-89ae-c218cc97d3f8,2.421818185326726,17.260012085216076,1.6328420000000001,7,,DK00FX113
cb118d46065b4ec80ee6765acd8ae792,2026-07-31T19:21:14.000Z,2026-08-01T03:29:00.000Z,57.3582,10.7479,10.730808333333334,57.312178333333335,10.761096666666667,57.425601666666665,False,219904000,KATRINE O 111,DNK,1740995e6-623a-c1a5-cb82-31c353e8c37a,2.4857740529411507,37.88628100753985,11.375328999999999,9,,DK00FX113
2989fc0f3562c821c12fc1386b1f138c,2026-07-31T19:30:04.000Z,2026-08-01T03:29:03.000Z,57.5898,10.7115,10.80293499999999,57.513666666666666,10.670233333333329,57.640366666666665,False,219005954,BELLA-EMIL,DNK,452637753-32e2-e9d8-8651-7e3396324805,2.4644384874020977,42.934475473932444,2.856264,12,,DK00FX113
4f97496bab11d5a1b946c0b62f36cec9,2026-07-31T19:33:48.000Z,2026-07-31T23:59:37.000Z,57.4254,10.7199,10.708546666666667,57.33068333333333,10.749083333333333,57.477331666666664,False,219002005,CHRISTINA KJAER FN81,DNK,58a5008c7-7a90-a74a-7643-3f1b7ad95a77,2.3626506296266983,23.698602176157706,9.595481,10,,DK00FX113
f7ce3859d7700a71b7c2cece509823a5,2026-07-31T19:35:42.000Z,2026-07-31T20:52:01.000Z,57.37,10.7492,10.737391666666667,57.3444,10.76321,57.39097833333334,False,219004119,FN 408 KENJA,DNK,a66a343a0-067b-549a-e066-e3fbe976aadd,2.311666683355967,4.7661717273684605,7.988721,10,,DK00FX113
0562e06fdb302ab5a487c23c1dc58dad,2026-07-31T20:28:56.000Z,2026-08-01T02:58:57.000Z,57.4852,10.6927,10.663297,57.422723,10.732032,57.54257,False,219009415,R254 KATRINE-KIM,DNK,cea1fec10-06e2-af1d-75bc-60c4a902f23a,2.386567164179103,32.0893196120686,5.687079,7,,DK00FX113
c107a37b4ce36206449c6324e107a84b,2026-07-31T20:36:01.000Z,2026-07-31T23:13:01.000Z,57.5781,10.7189,10.707488333333334,57.52506833333333,10.746933333333333,57.620963333333336,False,219003066,FN224 LAERKE VINTHER,DNK,e4e1b2fbf-fa41-ab51-bc90-da92977735d6,2.3745098106222233,11.597504663239013,2.10821,7,,DK00FX113
ee5f9ee71341edc9a0636b7d3e01d663,2026-07-31T23:07:04.000Z,2026-08-01T03:03:17.000Z,57.5433,10.7015,10.682236666666666,57.477621666666664,10.748201666666667,57.611286666666665,False,219005941,R223 BUSTER,DNK,1fa45f2b8-8272-56e7-89ae-c218cc97d3f8,2.2592105555037656,16.707162271947556,0,5,,DK00FX113
f0572e30269912e301843757d11fdcb7,2026-07-31T23:33:00.000Z,2026-08-01T03:26:00.000Z,57.5258,10.7258,10.711996666666666,57.45244,10.740978333333333,57.600656666666666,False,219003066,FN224 LAERKE VINTHER,DNK,e4e1b2fbf-fa41-ab51-bc90-da92977735d6,2.3346491239049967,18.438491224497835,2.8574960000000003,8,,DK00FX113
0b2b007396480dc6967c69a694e98a22,2026-08-01T00:47:02.000Z,2026-08-01T03:18:00.000Z,57.3792,10.7319,10.695541666666667,57.34229,10.763998333333333,57.42283,False,219004119,FN 408 KENJA,DNK,a66a343a0-067b-549a-e066-e3fbe976aadd,2.1624000058174127,12.711415957449285,8.842816000000001,10,,DK00FX113
3d7732d1d2e50e74d1fe6a33efd99087,2026-08-01T01:01:20.000Z,2026-08-01T03:17:58.000Z,57.3619,10.7473,10.764790000000005,57.33020166666667,10.719771666666674,57.41008166666666,False,219002005,CHRISTINA KJAER FN81,DNK,58a5008c7-7a90-a74a-7643-3f1b7ad95a77,2.1491803214198257,9.614556051242529,8.915777,9,,DK00FX113
4bf4a9d497137e177856b6cdafd0e45f,2026-08-01T01:19:51.000Z,2026-08-01T03:54:01.000Z,57.4593,10.6895,10.648193333333333,57.437555,10.705941666666666,57.47613333333334,False,219005659,KAREN-PETER RS314,DNK,a79b138f3-3f7a-9e9b-2db2-fca724d8bb38,2.1448275966505563,10.690376360470585,3.7879180000000003,6,,DK00FX113
24fdd0f844d31b65dde1ffc8658e291f,2026-08-01T04:31:01.000Z,2026-08-01T05:11:00.000Z,57.4924,10.5252,10.522665,57.48972833333333,10.538751666666666,57.49462166666667,True,219005659,KAREN-PETER RS314,DNK,a79b138f3-3f7a-9e9b-2db2-fca724d8bb38,1.0853658492972216,1.268928366846176,0.597614,2,555543258;67881;555522471;555557024;555538085,DK00FX113
bc714908ce10df5bc0c58b3707946a08,2026-08-01T06:21:58.000Z,2026-08-01T09:05:23.000Z,57.6655,10.6047,10.615387999999996,57.6342,10.602474999999998,57.712258,False,219220156,S 543 TAHA,DNK,0a0df7dd4-43c4-b65d-97d8-26c779cb2248,2.48503937007874,11.846554177972719,0.5953200000000001,9,,DK00FX113
647903cc0eebf934376a134982f6006f,2026-08-01T07:26:36.000Z,2026-08-01T07:50:35.000Z,57.317,10.5825,10.564148,57.308587,10.594503,57.328063,False,219018409,KAJEMI,DNK,ec9ad9e22-202f-fe50-b6b8-e7846c893b22,6.611111111111111,4.8228923525132945,2.527373,2,,DK00FX113
c1f6616cc2004dacfed5eb150848eb3a,2026-08-01T19:02:07.000Z,2026-08-01T20:13:07.000Z,57.4592,10.6843,10.674726666666666,57.43929833333333,10.698868333333333,57.482425,False,219024715,FRU LUNDSGAARD SG 17,DNK,90127c090-07a8-9d1b-f1f7-67079141c112,2.238028170357289,5.122868707651506,3.3890569999999998,7,,DK00FX113
76613034dedf34f66b5fb7d4937db2a5,2026-08-01T19:10:00.000Z,2026-08-02T03:31:01.000Z,57.3572,10.7436,10.72429,57.31233,10.767188333333333,57.413113333333335,False,219904000,KATRINE O 111,DNK,1740995e6-623a-c1a5-cb82-31c353e8c37a,2.369660667316644,41.14155902384796,11.033520000000001,9,,DK00FX113
4b3fb343188d63987eb5bc171e976ce3,2026-08-01T19:16:28.000Z,2026-08-02T02:48:29.000Z,57.5052,10.679,10.720641999999998,57.429438,10.652905000000004,57.565827,False,219009415,R254 KATRINE-KIM,DNK,cea1fec10-06e2-af1d-75bc-60c4a902f23a,2.3821596244131467,33.47671123585958,2.6402759999999996,10,,DK00FX113
c3e7551c775b3dd0445f27a48d3c8675,2026-08-01T19:29:15.000Z,2026-08-01T21:58:03.000Z,57.6256,10.7411,10.700278333333333,57.58022833333333,10.776566666666668,57.67357833333333,False,219005941,R223 BUSTER,DNK,1fa45f2b8-8272-56e7-89ae-c218cc97d3f8,2.3891892078760515,11.353239233930694,6.0488919999999995,11,,DK00FX113
c3e64f14ef919b5fc51fe27caad1b2ef,2026-08-01T19:55:10.000Z,2026-08-01T21:13:11.000Z,57.3571,10.7375,10.74489166666666,57.33264333333333,10.734476666666666,57.381945,False,219006835,FN 484 SPIRHOLM,DNK,e20b2985b-b57d-ad13-214b-774683cf03c8,2.2544303845755658,5.868417503993161,9.075627,10,,DK00FX113
30d295d36c0f177c4265434e0bba296d,2026-08-01T20:06:02.000Z,2026-08-01T21:58:03.000Z,57.511,10.7626,10.777583333333325,57.474351666666664,10.745868333333334,57.54825666666667,False,219003066,FN224 LAERKE VINTHER,DNK,e4e1b2fbf-fa41-ab51-bc90-da92977735d6,2.3088495530913358,8.440344556314518,1.262484,11,,DK00FX113
a22e41484546c99995c6a1c00136d325,2026-08-01T20:55:37.000Z,2026-08-01T22:36:05.000Z,57.4262,10.7001,10.688028333333333,57.418438333333334,10.720536666666666,57.446375,False,219005659,KAREN-PETER RS314,DNK,a79b138f3-3f7a-9e9b-2db2-fca724d8bb38,1.8574257404497354,6.8930811062861626,4.191311,9,,DK00FX113
7aad842e5dea4e8d5af32cf3c4e1921c,2026-08-01T22:14:15.000Z,2026-08-02T03:37:04.000Z,57.6029,10.7034,10.592436666666666,57.52820833333333,10.797838333333333,57.683863333333335,False,219005941,R223 BUSTER,DNK,1fa45f2b8-8272-56e7-89ae-c218cc97d3f8,2.374754093514113,22.451164184042174,5.487211,3,555543258;555522471;555557024,DK00FX113
2d511c34da4e00fcce0dc025748ece38,2026-08-01T22:18:00.000Z,2026-08-02T02:46:00.000Z,57.5182,10.663,10.703544999999991,57.44981166666667,10.645068333333342,57.58414333333333,False,219024715,FRU LUNDSGAARD SG 17,DNK,90127c090-07a8-9d1b-f1f7-67079141c112,2.2295719988151275,18.293026602899612,2.525201,8,,DK00FX113
37c4436f2d4842abc14b67f04df1183e,2026-08-01T23:18:05.000Z,2026-08-01T23:59:36.000Z,57.4844,10.6674,10.681876666666653,57.473355,10.658353333333338,57.49769666666667,False,219005659,KAREN-PETER RS314,DNK,a79b138f3-3f7a-9e9b-2db2-fca724d8bb38,2.161904766446068,4.033759554477203,0,5,,DK00FX113
44b6bb5676eb5c77870ac22086e8d9a9,2026-08-01T23:28:02.000Z,2026-08-02T03:33:11.000Z,57.503,10.7513,10.78423166666667,57.43049833333333,10.738580000000013,57.580358333333336,False,219003066,FN224 LAERKE VINTHER,DNK,e4e1b2fbf-fa41-ab51-bc90-da92977735d6,2.276016246254851,17.7033196660574,1.262872,13,,DK00FX113
f8fdcd99ff569aad26e524052f3e50ab,2026-08-02T00:00:00.000Z,2026-08-02T03:33:00.000Z,57.3685,10.7407,10.713066666666666,57.313563333333335,10.767706666666667,57.432941666666665,False,219006835,FN 484 SPIRHOLM,DNK,e20b2985b-b57d-ad13-214b-774683cf03c8,2.193925248128232,14.571976837405435,10.446149,9,,DK00FX113
f85632dd5f2ea1f46ece5e90e3c2da2f,2026-08-02T00:01:16.000Z,2026-08-02T00:45:53.000Z,57.332,10.7448,10.743843333333333,57.317946666666664,10.746033333333333,57.34766833333333,False,220072000,R177 DUEODDE,DNK,438ea858e-e541-e793-8324-1972af53ee8e,2.306250043213367,3.3221211732776124,10.167950000000001,9,,DK00FX113
6a1d51e684619ee4950c6ae6dda99d4c,2026-08-02T00:11:36.000Z,2026-08-02T04:03:06.000Z,57.4791,10.6724,10.704596666666674,57.451885,10.62888000000001,57.51217333333334,False,219005659,KAREN-PETER RS314,DNK,a79b138f3-3f7a-9e9b-2db2-fca724d8bb38,1.9470873816137744,15.272609767431543,2.525201,8,555522471;555557024;67881;349827;555543258;555538085,DK00FX113
a8d2e816894b02036829543ff87402a9,2026-08-02T00:58:32.000Z,2026-08-02T03:03:16.000Z,57.3628,10.753,10.759629999999987,57.321196666666665,10.751711666666665,57.39890666666667,False,220072000,R177 DUEODDE,DNK,438ea858e-e541-e793-8324-1972af53ee8e,2.1472000236511217,9.054535104839221,9.862896000000001,8,,DK00FX113
0cbcfab38acfc56d1ab0d91eea5ed5a4,2026-08-02T01:47:15.000Z,2026-08-02T02:58:02.000Z,57.3488,10.7424,10.738205,57.322865,10.748256666666666,57.37011833333333,False,219002005,CHRISTINA KJAER FN81,DNK,58a5008c7-7a90-a74a-7643-3f1b7ad95a77,2.0666666666666673,5.293291298420085,10.167950000000001,9,,DK00FX113
ecf4938d4cd660d37e8c451ab777a2ed,2026-08-02T03:49:04.000Z,2026-08-02T04:22:04.000Z,57.5089,10.5491,10.574385000000007,57.497465,10.523016666666678,57.52016833333333,True,219005941,R223 BUSTER,DNK,1fa45f2b8-8272-56e7-89ae-c218cc97d3f8,3.9117646988700425,3.9737057015169537,3.7248180000000004,1,555522471;555557024;555543258,DK00FX113
9f38e868d1f6dba5d016f3d0134cf69b,2026-08-02T04:36:26.000Z,2026-08-02T05:15:06.000Z,57.4986,10.5289,10.541380000000004,57.49752,10.520325000000014,57.49968833333333,True,219005659,KAREN-PETER RS314,DNK,a79b138f3-3f7a-9e9b-2db2-fca724d8bb38,1.7720000165700915,1.345829572992616,2.109462,3,555557024;555543258;555522471,DK00FX113
755c9ddee2bb5c9eb05a8c07cad2c8f1,2026-08-02T04:40:02.000Z,2026-08-02T09:27:01.000Z,57.4922,10.5085,10.506505,57.492105,10.532878333333333,57.493748333333336,False,219006301,FN 308 HELLE LOTTE,DNK,64130f509-9c27-c779-f4bc-cbfaa9ae6e0b,0.18366013131305303,0.736234361116341,0,2,67881;555543258;555522471;555538085;555557024,DK00FX113
fe18dcf33cf97c37afa74bfb75c56068,2026-08-02T05:08:00.000Z,2026-08-02T16:25:00.000Z,57.4923,10.5067,10.502728333333334,57.491888333333335,10.521138333333333,57.49604166666666,False,219904000,KATRINE O 111,DNK,1740995e6-623a-c1a5-cb82-31c353e8c37a,0.050458715482406886,0.954205604157316,0,1,555557024;555543258;67881;555522471,DK00FX113
5a6bfd4798a0229ba85381a1fb533aa1,2026-08-02T19:04:00.000Z,2026-08-03T03:35:20.000Z,57.359,10.7501,10.769031666666677,57.310988333333334,10.730361666666681,57.416965,False,219904000,KATRINE O 111,DNK,1740995e6-623a-c1a5-cb82-31c353e8c37a,2.413725467990429,40.115918269531385,9.077929,7,,DK00FX113
f2b1213c3bb5357ad41346505e439449,2026-08-02T19:06:00.000Z,2026-08-02T20:50:03.000Z,57.3487,10.7551,10.753876666666667,57.315185,10.75824,57.38595333333333,False,220072000,R177 DUEODDE,DNK,438ea858e-e541-e793-8324-1972af53ee8e,2.4500000306538174,9.43671495677805,10.079151,8,,DK00FX113
241d8be9e54047df4ae6df4ae7757254,2026-08-02T19:08:17.000Z,2026-08-02T19:33:07.000Z,57.4056,10.7348,10.743179999999995,57.398401666666665,10.72596333333334,57.413068333333335,False,219024715,FRU LUNDSGAARD SG 17,DNK,90127c090-07a8-9d1b-f1f7-67079141c112,2.223076921242934,2.0870609883896467,2.113216,12,,DK00FX113
29da6af6b0d6d9f1184a042b5aad67c1,2026-08-02T19:15:02.000Z,2026-08-03T02:44:00.000Z,57.4508,10.745,10.707232,57.38617,10.795937,57.491743,False,219009415,R254 KATRINE-KIM,DNK,cea1fec10-06e2-af1d-75bc-60c4a902f23a,2.3152631578947362,32.585189859351665,4.226850000000001,11,,DK00FX113
00dbc0dccdc450c26652209f668791cd,2026-08-02T20:27:16.000Z,2026-08-03T02:47:46.000Z,57.4497,10.7021,10.67548,57.410131666666665,10.725131666666666,57.491065,False,219005659,KAREN-PETER RS314,DNK,a79b138f3-3f7a-9e9b-2db2-fca724d8bb38,1.9812949693245852,20.021922721881232,4.918076,9,,DK00FX113
a9a9f19d4ac318b20b82b504ec4d1a41,2026-08-02T20:41:58.000Z,2026-08-02T22:52:57.000Z,57.4175,10.7353,10.729768333333332,57.373508333333334,10.738265,57.45528,False,219024715,FRU LUNDSGAARD SG 17,DNK,90127c090-07a8-9d1b-f1f7-67079141c112,2.083969464283863,9.43146033400437,5.052573000000001,12,,DK00FX113
8591b63c66b32a11f561070d1bca0a75,2026-08-02T21:01:21.000Z,2026-08-03T02:48:03.000Z,57.3698,10.7586,10.747446666666667,57.321266666666666,10.775391666666666,57.43743833333333,False,220072000,R177 DUEODDE,DNK,438ea858e-e541-e793-8324-1972af53ee8e,2.2604361662055097,27.09346040522386,10.079151,8,,DK00FX113
5984373f6d555d063f25efeaa74f94eb,2026-08-02T23:24:00.000Z,2026-08-02T23:59:00.000Z,57.5637,10.6946,10.699391666666656,57.552688333333336,10.691988333333342,57.5745,False,219015617,FN68 FRYDENSTRAND,DNK,d4564638c-c6f0-0ff6-c16f-a07290ebe530,2.3333333366447024,2.487981634084331,3.543011,8,,DK00FX113
38402e393d08058571e260d225ef7ba8,2026-08-02T23:26:06.000Z,2026-08-02T23:59:05.000Z,57.5656,10.6885,10.69039166666667,57.55498,10.687201666666681,57.576233333333334,False,219005732,HG20 MALENE MEYER,DNK,4b9b34d23-308c-3e16-a782-dc49e5a8c47a,2.2882352927151857,2.3744798259001354,3.388826,8,,DK00FX113
5de35fc01de1da1cf74eaba5ca282366,2026-08-02T23:30:20.000Z,2026-08-03T02:22:00.000Z,57.5094,10.6973,10.72913166666666,57.47208833333333,10.673415000000006,57.53664,False,219024715,FRU LUNDSGAARD SG 17,DNK,90127c090-07a8-9d1b-f1f7-67079141c112,2.1517441927693595,13.363711454353746,2.637309,8,,DK00FX113
1da43c5102667239de42a43532281ece,2026-08-02T23:33:00.000Z,2026-08-03T03:14:02.000Z,57.4045,10.7585,10.76912999999999,57.330821666666665,10.743831666666665,57.47474,False,219003066,FN224 LAERKE VINTHER,DNK,e4e1b2fbf-fa41-ab51-bc90-da92977735d6,2.192307699589708,16.41537608338728,8.895595,8,,DK00FX113
ce2a16454d1b157386fb4cf8b2fd4e69,2026-08-03T01:13:20.000Z,2026-08-03T02:29:09.000Z,57.4791,10.6989,10.706716666666665,57.45794,10.696165000000008,57.504306666666665,False,219015617,FN68 FRYDENSTRAND,DNK,d4564638c-c6f0-0ff6-c16f-a07290ebe530,2.172727269785745,5.34118288998131,2.110713,7,,DK00FX113
0c0d8c0ac16c29661baa4e214feef60c,2026-08-03T03:51:06.000Z,2026-08-03T04:30:05.000Z,57.5006,10.5171,10.515816666666666,57.49857166666666,10.525538333333333,57.502696666666665,True,219005659,KAREN-PETER RS314,DNK,a79b138f3-3f7a-9e9b-2db2-fca724d8bb38,0.852500003576279,0.9538439067484951,1.262329,2,555557024;555522471;555543258,DK00FX113
01aa7974d1e0e0a43c2ac78876ec8f8e,2026-08-03T05:18:05.000Z,2026-08-03T05:58:05.000Z,57.5087,10.5377,10.536526666666667,57.50631166666667,10.539046666666666,57.51123166666667,True,220368000,O 159 RANDI,DNK,23b776e71-126f-9ab4-62f5-3dd2f3acef61,0.46829269063181994,0.5584974271548224,2.856264,3,555522471;555543258;555557024,DK00FX113
f31a15053914afc3444c2bff045d9227,2026-08-03T08:04:06.000Z,2026-08-03T10:04:06.000Z,57.4782,10.5964,10.646276999999998,57.466977,10.543833000000006,57.50117,True,219007115,HANNE F,DNK,7841f827e-e271-06fc-f4e8-f4f875ec7202,4.3950000000000005,15.719844054449794,1.7938230000000002,4,349827;555543258;555538085;555522471;67881;555557024,DK00FX113
0d57236fc4d40f91875c94677058a957,2026-08-03T14:28:47.000Z,2026-08-03T14:49:15.000Z,57.4666,10.5457,10.546857999999986,57.465495,10.544084999999995,57.46798,True,219007115,HANNE F,DNK,7841f827e-e271-06fc-f4e8-f4f875ec7202,2.0210526315789474,0.5741982127972473,0.5979410000000001,2,67881;555543258;555538085;555557024;555522471,DK00FX113
b56122cdfa332ab04f19f1669bfc05a7,2026-08-03T23:05:06.000Z,2026-08-04T00:14:00.000Z,57.5685,10.7135,10.716111666666677,57.546276666666664,10.711281666666679,57.59113833333333,False,219005862,KRONKVIST,DNK,08a2b0841-1740-afb3-7197-32152dc8181f,2.280000039509365,5.019865495716746,4.102203,9,,DK00FX113
41f1fc7f666b69324f9df6abf2cc8b9f,2026-08-03T23:33:05.000Z,2026-08-03T23:53:25.000Z,57.6453,10.7653,10.769501666666656,57.63856166666667,10.760825000000011,57.65185666666667,False,219005867,AMALIE BENJAMIN A59,DNK,ccfc43f96-6538-806f-dbba-25394e35fd73,2.42380952835083,1.5665511659318478,4.469435000000001,13,,DK00FX113
789c2fcffac40887c59eb3abdafa3a31,2026-08-03T23:34:35.000Z,2026-08-04T00:46:06.000Z,57.4449,10.7105,10.70334,57.43546666666666,10.717045,57.45220666666667,False,219005659,KAREN-PETER RS314,DNK,a79b138f3-3f7a-9e9b-2db2-fca724d8bb38,2.40555559264289,2.665329236948206,3.543894,8,,DK00FX113
03a6095e600ead65618c5b750c01ba40,2026-08-04T00:56:07.000Z,2026-08-04T01:27:06.000Z,57.5094,10.7274,10.725451666666666,57.499735,10.728408333333334,57.519346666666664,False,219005862,KRONKVIST,DNK,08a2b0841-1740-afb3-7197-32152dc8181f,2.321874976158142,2.2316064654294503,2.636122,7,,DK00FX113
edb799948e950c67939ac86d8b729332,2026-08-04T01:07:31.000Z,2026-08-04T04:01:02.000Z,57.4942,10.6886,10.645340000000001,57.445278333333334,10.699653333333334,57.52865,False,219009135,SG64 LAMA II,DNK,ae4a1cd2e-e7ea-7096-8780-63f0f06a8cef,2.1485714425359452,12.863037640045254,2.8574960000000003,5,,DK00FX113
398d48b5c625213b29ac0d8cc6cc80b7,2026-08-04T01:17:06.000Z,2026-08-04T02:48:15.000Z,57.5041,10.6983,10.701393333333328,57.47291833333333,10.694874999999996,57.529471666666666,False,219005659,KAREN-PETER RS314,DNK,a79b138f3-3f7a-9e9b-2db2-fca724d8bb38,2.1380434969197144,6.356926471096222,1.1958820000000001,6,,DK00FX113
2d774dac3a38f9de40d11bc63758dab5,2026-08-04T01:36:00.000Z,2026-08-04T02:12:00.000Z,57.4797,10.7063,10.705828333333333,57.46731666666667,10.706581666666667,57.492176666666666,False,219015617,FN68 FRYDENSTRAND,DNK,d4564638c-c6f0-0ff6-c16f-a07290ebe530,2.4945945997495906,2.7671761927835252,1.6328420000000001,7,,DK00FX113
4a16e5d50a10f978e7c98a767702e500,2026-08-04T04:03:25.000Z,2026-08-04T05:04:08.000Z,57.516,10.5544,10.599571999999995,57.508858000000004,10.522031999999996,57.529075,True,219020732,ELIDA,DNK,6bda7c0c4-4ded-3681-688c-056bb1f0f2c8,2.9117647058823533,5.270011649742384,3.543453,2,555557024;555522471;555543258,DK00FX113
6a9650ea0b9bdd5ea0167f865ed1278d,2026-08-04T04:34:01.000Z,2026-08-04T06:13:00.000Z,57.5049,10.5368,10.524985000000001,57.494205,10.548866666666667,57.514361666666666,True,220256000,CHARLOTTE P  FN 131,DNK,f9350d74d-d66f-c031-94cd-b0f227dd5a0f,0.8969999945163727,2.6769650667557325,0.597614,2,67881;555538085;555557024;555543258;555522471,DK00FX113
0652ee58af8c1c4067bc793fcbbf8194,2026-08-04T05:20:00.000Z,2026-08-04T06:19:00.000Z,57.4995,10.537,10.546463333333321,57.493555,10.527128333333337,57.504935,True,219003066,FN224 LAERKE VINTHER,DNK,e4e1b2fbf-fa41-ab51-bc90-da92977735d6,0.730000001192093,1.7199026284339014,2.3028380000000004,2,67881;555543258;555538085;555557024;555522471,DK00FX113
ec851021cd2170d1a48a55ac97ba6f6a,2026-08-04T06:24:00.000Z,2026-08-04T06:45:01.000Z,57.5074,10.5237,10.525103333333334,57.499935,10.521511666666669,57.51103333333333,True,220256000,CHARLOTTE P  FN 131,DNK,f9350d74d-d66f-c031-94cd-b0f227dd5a0f,2.2772727012634277,1.4732686665706916,1.632363,3,555557024;555543258;555522471,DK00FX113
ee601c3989535547fdec47723b6679ba,2026-08-04T19:29:41.000Z,2026-08-04T22:28:02.000Z,57.3979,10.756,10.768139999999988,57.3384,10.731196666666676,57.4546,False,219003066,FN224 LAERKE VINTHER,DNK,e4e1b2fbf-fa41-ab51-bc90-da92977735d6,2.4168539321824407,13.48064604252538,7.783645000000001,9,,DK00FX113
bc717850fb0baedd606208b01d805dc3,2026-08-04T19:38:04.000Z,2026-08-04T23:24:03.000Z,57.4531,10.7159,10.691623333333334,57.38356,10.732785,57.52258333333333,False,219006971,FN 220 IDA MARIE,DNK,3b71e97ba-a4ac-6fd8-ac1f-b3ced497dab4,2.3086758247793533,16.918022360656874,5.839861,10,,DK00FX113
a2670384450d0b65c542ee7776417780,2026-08-04T23:50:13.000Z,2026-08-05T03:55:03.000Z,57.4408,10.7438,10.843313333333327,57.39779166666667,10.687005,57.46324333333333,False,219006971,FN 220 IDA MARIE,DNK,3b71e97ba-a4ac-6fd8-ac1f-b3ced497dab4,2.420704857368302,18.733104691482342,4.337962,12,,DK00FX113
07bacf251a97fad1468c6501c10f7143,2026-08-05T04:53:01.000Z,2026-08-05T06:13:00.000Z,57.4967,10.5323,10.522675,57.48769166666667,10.538961666666667,57.50418666666667,True,220256000,CHARLOTTE P  FN 131,DNK,f9350d74d-d66f-c031-94cd-b0f227dd5a0f,1.1679012330225955,2.757334451980106,0.597614,2,555538085;555522471;67881;555557024;555543258,DK00FX113
e6a2f42c97caa6785aed1c50dd4d2d9a,2026-08-05T05:37:13.000Z,2026-08-05T06:11:04.000Z,57.4956,10.5481,10.546813333333333,57.49120166666667,10.550616666666667,57.500495,True,220368000,O 159 RANDI,DNK,23b776e71-126f-9ab4-62f5-3dd2f3acef61,1.0285714370863779,1.084171187112677,2.3028380000000004,2,555543258;555522471;555557024;555538085;67881,DK00FX113
47a12437d18570d4c427dfe97a672822,2026-08-05T18:51:06.000Z,2026-08-05T21:17:02.000Z,57.4278,10.7368,10.702201666666667,57.38894,10.75378,57.48415166666667,False,220072000,R177 DUEODDE,DNK,438ea858e-e541-e793-8324-1972af53ee8e,2.4460869602535085,8.604388821946634,4.746789,11,,DK00FX113
d7bf92b607228b1f0d45e0c60b87ab16,2026-08-05T19:30:00.000Z,2026-08-05T20:05:01.000Z,57.46,10.7393,10.727636666666667,57.45147,10.753331666666666,57.46911166666667,False,219004119,FN 408 KENJA,DNK,a66a343a0-067b-549a-e066-e3fbe976aadd,2.338888903458913,2.509844763506308,3.726788,9,,DK00FX113
cfa74e6d8b801d14d153616db91a3b27,2026-08-05T20:10:03.000Z,2026-08-05T21:34:25.000Z,57.45,10.7665,10.715995,57.445236666666666,10.81684,57.45831166666667,False,219006971,FN 220 IDA MARIE,DNK,3b71e97ba-a4ac-6fd8-ac1f-b3ced497dab4,2.4317647709566006,6.32962552903172,3.266403,8,,DK00FX113
5cd4003b47f40466e930019de91769f5,2026-08-05T21:11:56.000Z,2026-08-05T21:58:05.000Z,57.5742,10.6898,10.687736666666666,57.558445,10.691965,57.59037333333333,False,219005732,HG20 MALENE MEYER,DNK,4b9b34d23-308c-3e16-a782-dc49e5a8c47a,2.5041666626930237,3.5584587890747206,4.4876570000000005,9,,DK00FX113
ba4e83ba650d63199ed5ad26b20d8eef,2026-08-05T21:18:01.000Z,2026-08-05T21:43:00.000Z,57.3713,10.7652,10.761645,57.36302166666667,10.768421666666667,57.37972,False,219003066,FN224 LAERKE VINTHER,DNK,e4e1b2fbf-fa41-ab51-bc90-da92977735d6,2.4769230714211097,1.901590370830752,5.591957000000001,11,,DK00FX113
2dccccdde11406c8a5548fb826a7bc1b,2026-08-05T21:29:02.000Z,2026-08-05T22:51:02.000Z,57.4178,10.7216,10.708023333333333,57.39277333333333,10.742623333333333,57.44355,False,220072000,R177 DUEODDE,DNK,438ea858e-e541-e793-8324-1972af53ee8e,2.4109756917488285,6.0865577380289215,4.226850000000001,11,,DK00FX113
c9128f9c0736b78bf5a5417d5351892e,2026-08-05T21:44:07.000Z,2026-08-06T03:53:48.000Z,57.4353,10.7367,10.684903333333333,57.399185,10.872163333333333,57.462498333333336,False,219006971,FN 220 IDA MARIE,DNK,3b71e97ba-a4ac-6fd8-ac1f-b3ced497dab4,2.4040000235040977,27.82414065546022,5.282332,9,,DK00FX113
977d45b4c4ecbc085a2fea551941d45b,2026-08-05T22:24:05.000Z,2026-08-05T23:59:04.000Z,57.5858,10.688,10.696844999999996,57.56557166666666,10.68517,57.61208,False,219005732,HG20 MALENE MEYER,DNK,4b9b34d23-308c-3e16-a782-dc49e5a8c47a,2.2693548284230687,4.3227377727910925,5.6863909999999995,10,,DK00FX113
4f67db2e888642f825ad9a53b4fa7bc5,2026-08-05T22:27:01.000Z,2026-08-05T23:16:06.000Z,57.5722,10.6939,10.702156666666667,57.55770833333333,10.689928333333341,57.582166666666666,False,219004119,FN 408 KENJA,DNK,a66a343a0-067b-549a-e066-e3fbe976aadd,1.9159999883174899,2.9459144733573988,4.6051660000000005,9,,DK00FX113
911ad798363909eca0b043ec454db3c0,2026-08-05T23:01:02.000Z,2026-08-06T02:37:02.000Z,57.5186,10.7004,10.730213333333324,57.44869333333333,10.689803333333344,57.58327666666667,False,220072000,R177 DUEODDE,DNK,438ea858e-e541-e793-8324-1972af53ee8e,2.414594614505768,14.92929913541832,3.726788,9,,DK00FX113
dfbbec0e33f290f6bef373d7ceb74155,2026-08-05T23:22:06.000Z,2026-08-06T03:39:06.000Z,57.5862,10.7319,10.787298333333325,57.52379166666667,10.680575000000005,57.663491666666665,False,220295000,HM 126 LILLEHOLM,DNK,4ae3b220c-caa9-4930-dba5-c004a9c3c0be,2.6498054023614657,20.83557677192897,3.543342,11,,DK00FX113
01435ec9a749d7332cb48d1a5c7bf87d,2026-08-05T23:31:05.000Z,2026-08-06T01:01:05.000Z,57.5706,10.7077,10.668063333333333,57.56996,10.761361666666666,57.57405,False,219005941,R223 BUSTER,DNK,1fa45f2b8-8272-56e7-89ae-c218cc97d3f8,2.241111149142186,6.198313137930442,5.5916760000000005,9,,DK00FX113
9371496479e7061a2b520672e2f2347b,2026-08-05T23:35:03.000Z,2026-08-06T01:38:02.000Z,57.5375,10.7008,10.694338333333333,57.499925,10.712293333333333,57.57443166666667,False,219004119,FN 408 KENJA,DNK,a66a343a0-067b-549a-e066-e3fbe976aadd,2.2548387050628658,8.543542747863032,1.111949,5,,DK00FX113
350a9c2f9b4a9317d1dd5fdeebc46f09,2026-08-05T23:39:40.000Z,2026-08-06T03:16:01.000Z,57.4109,10.7611,10.74787,57.336108333333335,10.772421666666666,57.47844333333333,False,219003066,FN224 LAERKE VINTHER,DNK,e4e1b2fbf-fa41-ab51-bc90-da92977735d6,2.460512818128635,16.447286523441214,7.875449,10,,DK00FX113
84657d08233680ee1c291a0a1612b25e,2026-08-06T00:01:58.000Z,2026-08-06T03:38:36.000Z,57.4226,10.7334,10.77398333333332,57.35709833333333,10.71475666666666,57.47034166666667,False,219002005,CHRISTINA KJAER FN81,DNK,58a5008c7-7a90-a74a-7643-3f1b7ad95a77,2.2160377553049138,17.01862640925771,5.5597460000000005,11,,DK00FX113
7a4c8ac2899994feb38635b913f7b5d7,2026-08-06T03:23:20.000Z,2026-08-06T04:07:20.000Z,57.4934,10.5535,10.555059999999997,57.48902,10.552746666666678,57.49795,True,219904000,KATRINE O 111,DNK,1740995e6-623a-c1a5-cb82-31c353e8c37a,0.7444444484180874,1.0005297196527876,2.524891,2,555557024;555543258;67881;555522471;555538085,DK00FX113
a8db09bd763337082647c3ba70030168,2026-08-06T04:40:17.000Z,2026-08-11T15:02:02.000Z,57.4927,10.5054,10.506946666666664,57.492383333333336,10.502866666666677,57.494548333333334,False,219904000,KATRINE O 111,DNK,1740995e6-623a-c1a5-cb82-31c353e8c37a,0.002300907572593036,1.2696325889018003,0,2,,DK00FX113
73bba1235569e1b2bfa8665040028726,2026-08-06T04:46:05.000Z,2026-08-06T07:02:05.000Z,57.5053,10.5585,10.570726666666673,57.50027,10.532945000000012,57.50853333333333,True,220295000,HM 126 LILLEHOLM,DNK,4ae3b220c-caa9-4930-dba5-c004a9c3c0be,1.005109484450226,4.1684842565540405,3.7248180000000004,1,555557024;555522471;555543258,DK00FX113
a8f384495200c1b5f43662e95edb63a0,2026-08-06T04:55:04.000Z,2026-08-06T06:34:04.000Z,57.4925,10.5092,10.502805,57.49198,10.527783333333334,57.494521666666664,False,220368000,O 159 RANDI,DNK,23b776e71-126f-9ab4-62f5-3dd2f3acef61,0.6054545514962888,0.9259688938772174,0,1,555543258;555522471;555557024;555538085;67881,DK00FX113
dfff5d957e1d80e5675260bc93bc331a,2026-08-06T04:59:00.000Z,2026-08-06T05:32:00.000Z,57.4939,10.5445,10.545279999999991,57.49012333333334,10.543881666666664,57.49768666666667,True,220256000,CHARLOTTE P  FN 131,DNK,f9350d74d-d66f-c031-94cd-b0f227dd5a0f,0.8411764660302329,0.8490546793775934,2.3028380000000004,2,555543258;555557024;555538085;555522471;67881,DK00FX113
9e97357c9fb2ffd23bcbce592d296335,2026-08-06T05:59:04.000Z,2026-08-06T06:34:07.000Z,57.4953,10.5177,10.516545,57.49173166666667,10.518818333333334,57.498665,False,220127000,FN 261 STJERNE,DNK,013ba7567-7f7c-5d39-c59b-1b6822c67083,0.9388888776302337,1.0061091740511996,0.597614,2,555538085;555557024;555522471;67881;555543258,DK00FX113
aa64f3d372da0ac1e947cb09efbecd90,2026-08-06T19:09:14.000Z,2026-08-06T23:06:12.000Z,57.3811,10.7335,10.75144499999999,57.32599333333334,10.699241666666666,57.471936666666664,False,219002005,CHRISTINA KJAER FN81,DNK,58a5008c7-7a90-a74a-7643-3f1b7ad95a77,2.2831683524764403,17.427668073669306,8.976055,9,,DK00FX113
78511277b54e478f3c68d4c4d19a4def,2026-08-06T19:09:55.000Z,2026-08-06T23:22:14.000Z,57.4885,10.7392,10.753073333333333,57.40484166666667,10.725466666666676,57.574081666666665,False,220368000,O 159 RANDI,DNK,23b776e71-126f-9ab4-62f5-3dd2f3acef61,2.5265536739327814,21.156878441281997,1.63452,12,,DK00FX113
7252c836137cfaea6b52ee7516095e75,2026-08-06T19:12:01.000Z,2026-08-06T23:17:04.000Z,57.4673,10.7654,10.778848333333343,57.38701833333333,10.747045000000014,57.544585,False,219005956,STEPHANIE DALSOE,DNK,55d89b91d-d45c-b1c5-7535-608cc4d7d592,2.4057522645566314,18.910370179161713,2.303178,13,,DK00FX113
21bddb367da3a25961f31739ea884843,2026-08-06T19:19:05.000Z,2026-08-06T23:49:06.000Z,57.4862,10.7435,10.720391666666666,57.40273,10.760646666666666,57.546965,False,220127000,FN 261 STJERNE,DNK,013ba7567-7f7c-5d39-c59b-1b6822c67083,2.4288537886302914,20.828065491521365,3.194773,11,,DK00FX113
9ca8533df54fcb00153b3940ae73ff8b,2026-08-06T19:21:55.000Z,2026-08-06T22:04:12.000Z,57.4419,10.7463,10.739351666666666,57.389116666666666,10.749718333333334,57.50087666666667,False,220359000,SARAH KAJGAARD,DNK,cd281e305-5a5e-9406-1f34-d572865ff7f1,2.5083333271922483,15.871481701038414,2.859346,13,,DK00FX113
c7144bc071bc6c065e1e686c1048aa74,2026-08-06T19:23:57.000Z,2026-08-06T21:58:14.000Z,57.4357,10.7633,10.779643333333325,57.383385,10.739778333333334,57.486738333333335,False,220295000,HM 126 LILLEHOLM,DNK,4ae3b220c-caa9-4930-dba5-c004a9c3c0be,2.5243589816949297,12.896457076416384,3.38923,12,,DK00FX113
c6e463c7182d8329e96788f7b6c5d9e5,2026-08-06T22:16:03.000Z,2026-08-07T03:31:03.000Z,57.5374,10.7332,10.711273333333333,57.47552666666667,10.75568,57.58768,False,220359000,SARAH KAJGAARD,DNK,cd281e305-5a5e-9406-1f34-d572865ff7f1,2.5059027611795366,24.621048967513868,1.195554,7,,DK00FX113
38efc83b688e4d0e27791f7f45a3fa2e,2026-08-06T22:46:02.000Z,2026-08-07T05:10:15.000Z,57.4302,10.7633,10.735703333333333,57.33717166666667,10.785445,57.538288333333334,False,220295000,HM 126 LILLEHOLM,DNK,4ae3b220c-caa9-4930-dba5-c004a9c3c0be,2.5218666626612323,29.875321103245145,7.988721,10,,DK00FX113
3d240d10fa1c8db8dc66a6022ca78dde,2026-08-06T23:35:11.000Z,2026-08-07T03:50:00.000Z,57.4439,10.757,10.741530000000001,57.36018,10.78183,57.53035833333333,False,219005956,STEPHANIE DALSOE,DNK,55d89b91d-d45c-b1c5-7535-608cc4d7d592,2.4843373396190778,19.4978736831066,5.843249,12,,DK00FX113
89fa3f24291f2288cc238e678deb1858,2026-08-06T23:35:29.000Z,2026-08-07T03:58:35.000Z,57.4205,10.7331,10.6958,57.341901666666665,10.759851666666666,57.501486666666665,False,219002005,CHRISTINA KJAER FN81,DNK,58a5008c7-7a90-a74a-7643-3f1b7ad95a77,2.5605263239458984,21.633775125395807,8.842816000000001,10,,DK00FX113
2ca8218d9c24ff16fca4d3d7ba640d38,2026-08-06T23:37:27.000Z,2026-08-07T03:21:23.000Z,57.4789,10.7237,10.715465,57.40521,10.738733333333334,57.56225166666667,False,220368000,O 159 RANDI,DNK,23b776e71-126f-9ab4-62f5-3dd2f3acef61,2.5496932293739802,20.00508142676495,2.6408690000000004,11,,DK00FX113
590a7ee5fabeafd40e4eb851ae737923,2026-08-07T00:00:05.000Z,2026-08-07T03:46:07.000Z,57.4419,10.7506,10.711248333333334,57.375445,10.782438333333333,57.51474,False,220127000,FN 261 STJERNE,DNK,013ba7567-7f7c-5d39-c59b-1b6822c67083,2.4381818354129785,16.75185869632647,4.904278000000001,11,,DK00FX113
017d5277671c37c89d1391c78bd807ee,2026-08-07T11:25:06.000Z,2026-08-07T12:41:06.000Z,57.6108,10.6966,10.717016666666666,57.59236166666667,10.668810000000008,57.633066666666664,False,219021235,HAVFISKEN,DNK,f770e03eb-b317-8f20-fb64-b93d0f9e4c82,2.6428571591129546,6.179444457049032,5.70575,12,,DK00FX113
10429a97386d800857f670c6a25c7e5a,2026-08-07T18:59:47.000Z,2026-08-07T23:25:46.000Z,57.5882,10.7306,10.671786666666666,57.54335833333333,10.782895,57.62007166666667,False,219006971,FN 220 IDA MARIE,DNK,3b71e97ba-a4ac-6fd8-ac1f-b3ced497dab4,2.341921452872096,19.569107010453813,2.302626,6,,DK00FX113
01cba667d1afed3beebb7950271a860a,2026-08-07T20:40:19.000Z,2026-08-07T22:19:07.000Z,57.4666,10.7442,10.74005,57.430326666666666,10.748263333333334,57.497215,False,219002005,CHRISTINA KJAER FN81,DNK,58a5008c7-7a90-a74a-7643-3f1b7ad95a77,2.417142902101789,8.413596640584794,1.6340400000000002,11,,DK00FX113
352a47c5fb7e04d0d24d2b7a2b7de1f2,2026-08-07T22:32:01.000Z,2026-08-08T03:20:02.000Z,57.4412,10.7628,10.811321666666657,57.39799166666667,10.71809833333333,57.486018333333334,False,220072000,R177 DUEODDE,DNK,438ea858e-e541-e793-8324-1972af53ee8e,2.473563227331501,19.087898687206454,2.6414630000000003,12,,DK00FX113
b4a12e2c3cb2d81a439b12ef8b3f54de,2026-08-08T11:57:07.000Z,2026-08-08T13:07:06.000Z,57.6792,10.7577,10.751678333333333,57.664001666666664,10.771468333333333,57.703046666666665,False,219021235,HAVFISKEN,DNK,f770e03eb-b317-8f20-fb64-b93d0f9e4c82,2.5028168844505094,5.3498718429415115,2.102366,11,,DK00FX113
4d722ba2768b987d8cf83f7a9b31038a,2026-08-08T18:53:26.000Z,2026-08-08T19:26:02.000Z,57.4595,10.7413,10.730253333333334,57.45063666666667,10.751056666666667,57.46808333333333,False,219004119,FN 408 KENJA,DNK,a66a343a0-067b-549a-e066-e3fbe976aadd,2.3205882240744193,2.327370813494067,3.726788,9,,DK00FX113
2de4e9576c8b757100e20f524290fbbb,2026-08-08T18:59:27.000Z,2026-08-08T22:45:07.000Z,57.5924,10.7134,10.700465,57.51354666666667,10.749241666666666,57.65561,False,219024715,FRU LUNDSGAARD SG 17,DNK,90127c090-07a8-9d1b-f1f7-67079141c112,2.5168268990058156,20.165201594334174,1.194573,6,,DK00FX113
bf40f66723eae588dd0696e44c59d938,2026-08-08T23:03:06.000Z,2026-08-09T02:57:03.000Z,57.5445,10.7454,10.719046666666667,57.483125,10.75468,57.62188166666667,False,219024715,FRU LUNDSGAARD SG 17,DNK,90127c090-07a8-9d1b-f1f7-67079141c112,2.4334883731465,18.594832245885772,1.7933320000000001,7,,DK00FX113
a0417843a77b5684bc0dda510da92511,2026-08-08T23:35:01.000Z,2026-08-08T23:59:02.000Z,57.592,10.7271,10.739231666666655,57.58794833333334,10.717064999999991,57.597498333333334,False,219004119,FN 408 KENJA,DNK,a66a343a0-067b-549a-e066-e3fbe976aadd,2.3560000133514403,1.7597436687350927,6.307,13,,DK00FX113
506068fb1a774745b18d793c3b3d14bd,2026-08-09T04:08:07.000Z,2026-08-09T04:32:01.000Z,57.4968,10.5205,10.51951,57.49444333333334,10.521411666666667,57.49932833333333,True,219024715,FRU LUNDSGAARD SG 17,DNK,90127c090-07a8-9d1b-f1f7-67079141c112,0.7880000019073486,0.5558970731228652,0.597614,2,555557024;555543258;555522471,DK00FX113
2c7d3ba8d51ebaea0b3dfcbd953d5575,2026-08-09T07:58:48.000Z,2026-08-09T08:55:08.000Z,57.6782,10.7153,10.65512,57.662343,10.789452,57.693885,False,219006719,S71 HEIDI TERESA,DNK,2a39bfdc6-62c5-a904-f6e0-d9a3d0649baa,5.264285714285714,8.747594055536027,0,8,,DK00FX113
b54a223c0c6e33c0c101622c90a59b3d,2026-08-09T18:51:01.000Z,2026-08-09T22:43:01.000Z,57.3968,10.7577,10.720196666666666,57.32218,10.777368333333333,57.467441666666666,False,219003066,FN224 LAERKE VINTHER,DNK,e4e1b2fbf-fa41-ab51-bc90-da92977735d6,2.428508762727703,18.36980071458012,10.447040999999999,9,,DK00FX113
16d26828c512a6750d494aaafa9e9203,2026-08-09T23:26:01.000Z,2026-08-10T03:45:37.000Z,57.4153,10.758,10.769804999999991,57.32834666666667,10.742511666666672,57.498826666666666,False,219003066,FN224 LAERKE VINTHER,DNK,e4e1b2fbf-fa41-ab51-bc90-da92977735d6,2.3829787220092524,20.234818908258354,8.895595,8,,DK00FX113
b29afc13fe2250304351054b83892079,2026-08-10T04:46:15.000Z,2026-08-10T06:17:04.000Z,57.4951,10.5343,10.541734999999989,57.49167833333333,10.520375000000001,57.49892833333333,True,220368000,O 159 RANDI,DNK,23b776e71-126f-9ab4-62f5-3dd2f3acef61,0.5064935147181735,1.10908846235685,1.7928410000000001,2,555538085;555557024;555522471;67881;555543258,DK00FX113
6f097d81f9846f09416a4ce26fe1e913,2026-08-10T10:38:07.000Z,2026-08-10T11:09:07.000Z,57.5256,10.5027,10.510298333333338,57.51313833333333,10.48836833333334,57.538325,True,219002585,FN 4 LAERKE,DNK,705d7679a-aaae-a574-ab8a-8e0d33eced6c,3.3499999865889545,3.2142428424779714,2.223899,2,555557024;555522471;555543258,DK00FX113
1f85b158cbc4545ebafeee84b5e030f7,2026-08-10T18:59:38.000Z,2026-08-10T23:04:02.000Z,57.513,10.7145,10.69598,57.43473,10.756176666666667,57.57980833333333,False,220127000,FN 261 STJERNE,DNK,013ba7567-7f7c-5d39-c59b-1b6822c67083,2.3225352352773645,17.12250911316157,3.760231,9,,DK00FX113
a803deda2d139667598e358f339540a6,2026-08-10T19:10:02.000Z,2026-08-10T20:19:34.000Z,57.4683,10.7081,10.713329999999985,57.445386666666664,10.692453333333333,57.49386,False,220345000,SG115 CECILIE MATHIL,DNK,58b5fd79c-c1e1-ab38-017b-ed3345596621,2.6620689630508414,5.783035714970399,2.8574960000000003,8,,DK00FX113
4f66344ddcc7d3eef0018be5ec0a47bd,2026-08-10T19:15:35.000Z,2026-08-11T03:47:34.000Z,57.5128,10.7016,10.752221666666657,57.402348333333336,10.66655,57.59416,False,220368000,O 159 RANDI,DNK,23b776e71-126f-9ab4-62f5-3dd2f3acef61,2.660869565562925,41.72467257040609,1.63452,12,,DK00FX113
450f1795e85bf2f1309259612410e936,2026-08-10T19:16:20.000Z,2026-08-10T21:32:32.000Z,57.3932,10.7652,10.769011666666671,57.338078333333335,10.751921666666675,57.431695,False,220256000,CHARLOTTE P  FN 131,DNK,f9350d74d-d66f-c031-94cd-b0f227dd5a0f,2.6225806551594895,10.813971878845484,7.783645000000001,9,,DK00FX113
f24ec9cab2616c60f49536ed401e4262,2026-08-10T21:18:00.000Z,2026-08-10T21:43:01.000Z,57.5634,10.6673,10.671676666666656,57.55482833333333,10.664368333333329,57.572086666666664,False,219005956,STEPHANIE DALSOE,DNK,55d89b91d-d45c-b1c5-7535-608cc4d7d592,2.5653845713688774,1.9791451783540488,3.388826,7,,DK00FX113
ac087cd6418bf0562dc35bd269b150c9,2026-08-10T22:39:01.000Z,2026-08-11T03:56:01.000Z,57.515,10.7081,10.750994999999989,57.408966666666664,10.664133333333325,57.614036666666664,False,219005956,STEPHANIE DALSOE,DNK,55d89b91d-d45c-b1c5-7535-608cc4d7d592,2.5139534564509347,24.695216184107846,1.1978440000000001,12,,DK00FX113
c9179dc1a119cdfbad28dd6d63ad488d,2026-08-10T22:46:23.000Z,2026-08-11T01:08:04.000Z,57.3887,10.7346,10.727411666666667,57.331813333333336,10.738416666666666,57.427283333333335,False,220256000,CHARLOTTE P  FN 131,DNK,f9350d74d-d66f-c031-94cd-b0f227dd5a0f,2.380327883558195,10.773396838296112,9.213222,10,,DK00FX113
7306248ed8f420528c4aed013e679b6e,2026-08-10T23:20:05.000Z,2026-08-11T03:54:26.000Z,57.4723,10.7409,10.708938333333334,57.386738333333334,10.772958333333333,57.56214833333333,False,220127000,FN 261 STJERNE,DNK,013ba7567-7f7c-5d39-c59b-1b6822c67083,2.479365073144436,21.558654831024167,4.226850000000001,11,,DK00FX113
a5900353774e72816ea9388141acab38,2026-08-11T02:26:01.000Z,2026-08-11T03:05:01.000Z,57.4943,10.5386,10.542721666666665,57.493431666666666,10.534375000000011,57.495313333333335,True,220256000,CHARLOTTE P  FN 131,DNK,f9350d74d-d66f-c031-94cd-b0f227dd5a0f,0.45500000417232517,0.5469941296799633,1.7928410000000001,2,555557024;67881;555522471;555538085;555543258,DK00FX113
13e7070c123f7a4a6e159c16e07ce735,2026-08-11T22:24:02.000Z,2026-08-11T22:49:29.000Z,57.6052,10.7412,10.728063333333333,57.60116,10.751008333333333,57.60771166666667,False,219015617,FN68 FRYDENSTRAND,DNK,d4564638c-c6f0-0ff6-c16f-a07290ebe530,1.9307692303107338,1.5633594056329132,5.045446,13,,DK00FX113
091f4551b1b9ab61251f781ac67a5dd7,2026-08-11T23:31:12.000Z,2026-08-12T03:54:01.000Z,57.5102,10.7617,10.818794999999994,57.42775833333334,10.729890000000012,57.593916666666665,False,219003066,FN224 LAERKE VINTHER,DNK,e4e1b2fbf-fa41-ab51-bc90-da92977735d6,2.420454555162881,19.492323409236647,3.19324,14,,DK00FX113
08e9b582a6469741d764bb47e5399edf,2026-08-12T02:21:05.000Z,2026-08-12T03:16:05.000Z,57.5357,10.7189,10.715003333333334,57.519598333333334,10.728393333333333,57.54437166666666,False,219005659,KAREN-PETER RS314,DNK,a79b138f3-3f7a-9e9b-2db2-fca724d8bb38,1.8600000251423228,3.242279594561221,2.38849,7,,DK00FX113
6d0196cdf32a88467c7cedd0845544e6,2026-08-12T08:17:49.000Z,2026-08-12T08:46:01.000Z,57.6318,10.7162,10.729784999999993,57.626968,10.704853000000014,57.639092,False,219021597,AZUMA,DNK,c9b0b4922-2f6b-e22c-f20f-5bdae5526f5f,3.8699999999999997,3.56387419793693,2.627808,13,,DK00FX113
4809419981d06e178fc1de2661f04536,2026-08-12T09:30:27.000Z,2026-08-12T10:31:06.000Z,57.6025,10.7298,10.755293333333327,57.592525,10.709291666666672,57.61403333333333,False,219021235,HAVFISKEN,DNK,f770e03eb-b317-8f20-fb64-b93d0f9e4c82,2.008064495940362,3.6634094328701736,6.949175,14,,DK00FX113
dbd32e7c905636fdec282e3bb6fd4f1f,2026-08-12T13:12:02.000Z,2026-08-12T15:25:52.000Z,57.6778,10.7177,10.6112,57.644955,10.826898,57.703435,False,219027667,NORDFISK,DNK,8b894c919-972c-5a35-4ece-1a279d6f7775,3.405376344086022,16.24459243768804,0,7,555557022;555543209;555522504,DK00FX113
c40b3a08144e9b7d7e29bcf9981ca99f,2026-08-12T18:45:50.000Z,2026-08-12T22:58:01.000Z,57.395,10.7594,10.778788333333324,57.317058333333335,10.731556666666677,57.47275833333333,False,219003066,FN224 LAERKE VINTHER,DNK,e4e1b2fbf-fa41-ab51-bc90-da92977735d6,2.374603219921627,19.748625659156314,8.696933000000001,7,,DK00FX113
b81756772724b06810fdfa8ab80f62f1,2026-08-12T20:43:59.000Z,2026-08-12T21:43:15.000Z,57.4602,10.7002,10.69724,57.445101666666666,10.703548333333334,57.479765,False,219005659,KAREN-PETER RS314,DNK,a79b138f3-3f7a-9e9b-2db2-fca724d8bb38,2.0750000189457625,4.013649049797624,2.525201,8,,DK00FX113
492c7bc9ca0aab8760e37c1cfcf2a021,2026-08-12T23:24:01.000Z,2026-08-13T03:52:01.000Z,57.4281,10.7613,10.750755,57.335545,10.776686666666667,57.511273333333335,False,219003066,FN224 LAERKE VINTHER,DNK,e4e1b2fbf-fa41-ab51-bc90-da92977735d6,2.4226766268559996,20.080253708726296,7.875449,10,,DK00FX113
26b353a6be54786b36af4fe1894418e0,2026-08-12T23:33:06.000Z,2026-08-12T23:59:15.000Z,57.5217,10.6764,10.675313333333333,57.51260333333333,10.677196666666667,57.530845,False,219005659,KAREN-PETER RS314,DNK,a79b138f3-3f7a-9e9b-2db2-fca724d8bb38,2.481481507972435,2.136321346026606,0,5,,DK00FX113
0e83ed72abae4de39c1b6f4d0ce33747,2026-08-13T00:41:15.000Z,2026-08-13T03:14:05.000Z,57.4964,10.6949,10.70899,57.45815666666667,10.673558333333347,57.545941666666664,False,219005659,KAREN-PETER RS314,DNK,a79b138f3-3f7a-9e9b-2db2-fca724d8bb38,2.1470588528934664,10.585741741744114,2.110713,7,,DK00FX113
ad398c0d990bb2111c02868089a4f3b2,2026-08-13T04:11:47.000Z,2026-08-13T05:26:13.000Z,57.5089,10.5363,10.516947,57.503722,10.592508,57.523868,True,219020732,ELIDA,DNK,6bda7c0c4-4ded-3681-688c-056bb1f0f2c8,2.191071428571429,5.733353733822217,1.262329,2,555557024;555543258;555522471,DK00FX113
f560dcd6bd6a1d9aa495778471cf47a4,2026-08-13T05:16:00.000Z,2026-08-13T06:32:20.000Z,57.5077,10.5543,10.556128333333334,57.50482,10.55152000000001,57.51197,True,219904000,KATRINE O 111,DNK,1740995e6-623a-c1a5-cb82-31c353e8c37a,0.36753247387997523,0.5494948853746978,3.187873,2,555522471;555543258;555557024,DK00FX113
6122f6a090bbecbaf2ca310af870cdeb,2026-08-13T06:52:01.000Z,2026-08-13T08:39:58.000Z,57.4351,10.5629,10.556533,57.426933,10.568663,57.455865,False,219033842,ELSE-ANE,DNK,c2f1d583d-d66b-e3bc-94d3-a2e08282fe8d,2.0506849315068485,5.1401006898330985,0,2,555543258;67881;555522471;555538085;555557024,DK00FX113
38f07b289df4c4f82b7037c5c6c92cce,2026-08-13T07:17:27.000Z,2026-08-13T11:34:30.000Z,57.4936,10.6075,10.640997999999996,57.468858,10.559197000000012,57.508365,True,219007115,HANNE F,DNK,7841f827e-e271-06fc-f4e8-f4f875ec7202,3.254545454545455,13.113571383024306,1.6328420000000001,4,555557024;555522471;349827;555543258;555538085;67881,DK00FX113
626da7c038983a5d0418b2a2e8106bdf,2026-08-13T22:57:45.000Z,2026-08-13T23:27:05.000Z,57.5907,10.6131,10.610078333333334,57.58772333333334,10.625075,57.59489833333333,False,219005862,KRONKVIST,DNK,08a2b0841-1740-afb3-7197-32152dc8181f,2.3483871010042012,1.966101386781512,4.447797,9,,DK00FX113
4577de72bd48199f1561fbc1be6a9a2c,2026-08-14T03:55:00.000Z,2026-08-16T07:13:00.000Z,57.4941,10.5026,10.501883333333334,57.49382333333333,10.529568333333334,57.50409,False,219904000,KATRINE O 111,DNK,1740995e6-623a-c1a5-cb82-31c353e8c37a,0.012309820158085035,1.161014941260187,0,1,555522471;555543258;555557024,DK00FX113
64c5bc84d4fed731b520d046cafc4b95,2026-08-14T06:47:43.000Z,2026-08-14T07:22:43.000Z,57.4836,10.5249,10.530573000000004,57.479855,10.51124200000001,57.491078,True,219033842,ELSE-ANE,DNK,c2f1d583d-d66b-e3bc-94d3-a2e08282fe8d,1.5636363636363637,0.6810626545319703,1.262484,2,555522471;67881;555538085;555543258;555557024,DK00FX113
83b69b901017d7e052202fc7f9c1800f,2026-08-15T08:15:00.000Z,2026-08-15T15:00:03.000Z,57.6481,10.6417,10.574705,57.62182333333333,10.68705,57.65873333333333,False,220204000,EMIL,DNK,57f2941d3-388b-cab3-de82-4d66cfe92770,1.3564039397122236,11.946238036004742,2.628402,7,,DK00FX113
b71925320fc0fd3a4c560765404e1ddb,2026-08-15T08:47:17.000Z,2026-08-15T17:44:07.000Z,57.3333,10.5325,10.530545,57.33265,10.533587,57.334033,False,219021597,AZUMA,DNK,c9b0b4922-2f6b-e22c-f20f-5bdae5526f5f,0.10000000000000003,1.2075215505854489,0,1,,DK00FX113
b42d061576b4a11f06f916a33fc62997,2026-08-15T18:34:00.000Z,2026-08-15T19:02:45.000Z,57.4234,10.7656,10.761408,57.41725666666667,10.773146666666667,57.433135,False,220204000,EMIL,DNK,57f2941d3-388b-cab3-de82-4d66cfe92770,2.8791666527589155,2.2169070509164563,0,12,,DK00FX113
7f71e581bb3b77639b2a96209e574bc7,2026-08-15T19:51:51.000Z,2026-08-15T21:19:59.000Z,57.4997,10.749,10.742675,57.46849,10.755561666666667,57.53292833333333,False,220204000,EMIL,DNK,57f2941d3-388b-cab3-de82-4d66cfe92770,3.0264705945463732,7.214039886874687,2.110296,8,,DK00FX113
d588ecd7918e656b171f14e6f9616844,2026-08-15T21:34:01.000Z,2026-08-16T05:22:00.000Z,57.4893,10.7331,10.759406666666678,57.37813,10.68670666666668,57.590963333333335,False,220204000,EMIL,DNK,57f2941d3-388b-cab3-de82-4d66cfe92770,2.926836164927078,38.00260118648582,3.38923,12,,DK00FX113
d80a692485642a2183efcddaf92c28d1,2026-08-16T13:51:23.000Z,2026-08-16T15:21:22.000Z,57.3709,10.6099,10.588918,57.363935,10.615697,57.376682,False,211187700,ARTEMIS,DEU,66ef7e9cf-f790-d0bf-dc1b-2ba88841e017,3.64390243902439,3.9514287676418993,4.486359,4,,DK00FX113
6abac236cf6a1e19d76581c7c99db5d3,2026-08-16T18:17:11.000Z,2026-08-16T23:27:01.000Z,57.5251,10.7556,10.763454999999993,57.42639333333333,10.734655000000004,57.61938333333333,False,219005956,STEPHANIE DALSOE,DNK,55d89b91d-d45c-b1c5-7535-608cc4d7d592,2.4766891767849795,22.658383012608823,1.111949,12,,DK00FX113
0e1e07ca9ab0e663dbfcca8b5a7c85fc,2026-08-16T18:48:00.000Z,2026-08-17T04:52:00.000Z,57.5001,10.7543,10.689788333333333,57.39330666666667,10.783968333333334,57.59849166666667,False,220204000,EMIL,DNK,57f2941d3-388b-cab3-de82-4d66cfe92770,2.719133551650097,50.20276074069492,5.283518,10,,DK00FX113
7ecde282ff9f2e71a149dca3dedb0014,2026-08-16T18:51:57.000Z,2026-08-16T23:10:00.000Z,57.5337,10.7556,10.741938333333334,57.445435,10.784105,57.618255,False,219003066,FN224 LAERKE VINTHER,DNK,e4e1b2fbf-fa41-ab51-bc90-da92977735d6,2.468871604607727,19.636772217329337,3.5441149999999997,9,,DK00FX113
f3803b8d5b30f5478ee9e01631dc778c,2026-08-16T19:05:45.000Z,2026-08-16T20:24:17.000Z,57.3874,10.7458,10.739108333333334,57.36239333333333,10.75382,57.411226666666664,False,219005866,FN 72 NEBRASKA,DNK,4d50ffa58-835c-b38b-5f5d-84807d6929d5,2.2739725994737174,5.504507506375804,5.843249,12,,DK00FX113
89696fe3a26bf2d0295cb1f22ba1600b,2026-08-16T19:05:55.000Z,2026-08-17T02:35:54.000Z,57.5054,10.7576,10.776481666666655,57.40754166666667,10.739270000000005,57.576935,False,220368000,O 159 RANDI,DNK,23b776e71-126f-9ab4-62f5-3dd2f3acef61,2.599152541766731,42.167383869803636,0.5989220000000001,13,,DK00FX113
7989245f60b9457213eda186a3561a33,2026-08-16T19:10:13.000Z,2026-08-16T20:15:12.000Z,57.3728,10.7475,10.754933333333327,57.353285,10.741428333333346,57.392203333333335,False,219004119,FN 408 KENJA,DNK,a66a343a0-067b-549a-e066-e3fbe976aadd,2.2269230897610006,4.414779497906757,6.778547,11,,DK00FX113
c41bed304e1738f5609e18ccb1db6e89,2026-08-16T21:03:53.000Z,2026-08-16T22:23:03.000Z,57.4361,10.7461,10.741243333333333,57.409085,10.757536666666667,57.460991666666665,False,220072000,R177 DUEODDE,DNK,438ea858e-e541-e793-8324-1972af53ee8e,2.4203390428575418,5.87574089214834,1.63428,12,,DK00FX113
7be7da91a37514dceca05c8da3add05b,2026-08-16T23:39:00.000Z,2026-08-17T04:01:00.000Z,57.5286,10.7383,10.759376666666668,57.45055833333333,10.72851833333334,57.60982333333333,False,219005956,STEPHANIE DALSOE,DNK,55d89b91d-d45c-b1c5-7535-608cc4d7d592,2.2639535189021487,18.108236066550802,3.335848,11,,DK00FX113
9a0ff2e1397f88e12c8dc826ad9cdf63,2026-08-17T00:00:04.000Z,2026-08-17T00:25:02.000Z,57.5549,10.752,10.753916666666669,57.54635833333333,10.750200000000007,57.56334666666667,False,220329000,HM281 MERCY,DNK,596b57828-8420-dbfe-6012-7eb06d865015,2.4923076996436486,1.9024133746948984,5.346467,11,,DK00FX113
ec59d33a627712f800d865bccdb28473,2026-08-17T00:45:01.000Z,2026-08-17T03:52:01.000Z,57.5229,10.7399,10.766848333333343,57.464515,10.73532666666668,57.58367166666667,False,220295000,HM 126 LILLEHOLM,DNK,4ae3b220c-caa9-4930-dba5-c004a9c3c0be,2.42553191077202,13.889638088296746,2.223899,10,,DK00FX113
b648a713c00ea94dde59def801e3a501,2026-08-17T00:45:03.000Z,2026-08-17T03:22:22.000Z,57.4789,10.7402,10.73647,57.432795,10.747723333333333,57.532808333333335,False,220329000,HM281 MERCY,DNK,596b57828-8420-dbfe-6012-7eb06d865015,2.3955695935631094,11.619794912345727,1.6340400000000002,11,,DK00FX113
e07e322744171afe22bfcf831ae92b6b,2026-08-17T00:49:54.000Z,2026-08-17T03:49:25.000Z,57.3917,10.7445,10.731081666666666,57.337295,10.76122,57.45158166666667,False,219005866,FN 72 NEBRASKA,DNK,4d50ffa58-835c-b38b-5f5d-84807d6929d5,2.3467532862510003,16.599499666041904,8.144656,11,,DK00FX113
cc92d182c468d208941631f979809700,2026-08-17T03:49:13.000Z,2026-08-17T04:24:03.000Z,57.4747,10.697,10.710388333333327,57.458875,10.682363333333342,57.492365,False,220329000,HM281 MERCY,DNK,596b57828-8420-dbfe-6012-7eb06d865015,3.803333338101705,4.083923042755341,2.110713,7,,DK00FX113
15a7a2035048ff2bf5228f2727bffb35,2026-08-17T04:55:00.000Z,2026-08-17T05:24:00.000Z,57.5144,10.6078,10.62571166666666,57.51135,10.588661666666667,57.51865,True,220295000,HM 126 LILLEHOLM,DNK,4ae3b220c-caa9-4930-dba5-c004a9c3c0be,2.7099999666213983,2.403528216470451,2.986431,2,555543258;555522471;555557024,DK00FX113
83bd7b8c6982c7e1ab316e2f68ed66cb,2026-08-17T18:40:03.000Z,2026-08-17T21:26:03.000Z,57.3934,10.7498,10.737936666666666,57.33935,10.763476666666667,57.445085,False,219004119,FN 408 KENJA,DNK,a66a343a0-067b-549a-e066-e3fbe976aadd,2.3274509844437143,12.253354416321145,7.988721,10,,DK00FX113
d1710515b7b8b5cc09fe0cc1ff9fb144,2026-08-17T22:52:02.000Z,2026-08-17T23:17:02.000Z,57.5061,10.7384,10.741025000000008,57.50221333333333,10.734516666666678,57.50725666666666,False,219004119,FN 408 KENJA,DNK,a66a343a0-067b-549a-e066-e3fbe976aadd,1.1307692456130796,0.8451657230465712,2.109462,8,,DK00FX113
9aeadef8736e9fb89139c6b9c4413193,2026-08-17T23:26:00.000Z,2026-08-18T02:18:01.000Z,57.4421,10.6858,10.674131666666666,57.413086666666665,10.69619,57.480955,False,219024715,FRU LUNDSGAARD SG 17,DNK,90127c090-07a8-9d1b-f1f7-67079141c112,2.538095235824586,13.74200367136972,5.503075,8,,DK00FX113
c2b61d054dcb72983c04420180f4315c,2026-08-18T09:38:13.000Z,2026-08-18T11:07:12.000Z,57.676,10.7244,10.796165000000002,57.660027,10.664733000000012,57.688973,False,219006719,S71 HEIDI TERESA,DNK,2a39bfdc6-62c5-a904-f6e0-d9a3d0649baa,3.1359550561797747,9.25615829517972,4.886179,13,,DK00FX113
439c97d0c90a43da68c28d99850eedd2,2026-08-18T12:13:53.000Z,2026-08-18T13:31:08.000Z,57.432,10.5398,10.543351999999999,57.430747,10.535663,57.433247,False,219024685,SVNRIB740026,DNK,2f26b9e2e-ee31-75ab-8fda-f24f1d3d2595,2.4974999999999996,4.036525553546269,0,0,,DK00FX113
b787201ad839156c1d1507d85d07afd8,2026-08-18T18:21:32.000Z,2026-08-19T02:51:03.000Z,57.5243,10.7383,10.79473999999999,57.430838,10.70116200000001,57.59991,False,219009415,R254 KATRINE-KIM,DNK,cea1fec10-06e2-af1d-75bc-60c4a902f23a,2.447975077881621,42.17063218254172,1.6340400000000002,13,,DK00FX113
d99f70d9e921b1151e490d5f11ee9126,2026-08-18T18:23:46.000Z,2026-08-19T04:11:54.000Z,57.5957,10.713,10.842231666666663,57.518895,10.632966666666675,57.62798333333333,False,219005954,BELLA-EMIL,DNK,452637753-32e2-e9d8-8651-7e3396324805,2.4812121054891376,47.409422086213056,5.349155,14,,DK00FX113
dc6826210cc9987a496872137ba16aa3,2026-08-18T23:11:36.000Z,2026-08-19T03:01:05.000Z,57.5192,10.7549,10.8065,57.45843833333333,10.715708333333339,57.58949666666667,False,219005941,R223 BUSTER,DNK,1fa45f2b8-8272-56e7-89ae-c218cc97d3f8,2.2479381942257435,17.335698969703007,3.265924,13,,DK00FX113
c4413653d404acf514158904a7a81a7b,2026-08-19T10:25:13.000Z,2026-08-19T13:15:16.000Z,57.4462,10.5679,10.503212,57.344515,10.594978,57.497858,False,211879660,FREYA,DEU,af4401a29-9330-155c-2246-6bab555ffcd0,4.020967741935483,20.971698129586112,2.116136,0,555538085;555522471;555557024;67881;349827;555543258,DK00FX113
ed4f913a37274cdbb94f937085f60f58,2026-08-19T14:43:45.000Z,2026-08-19T15:49:11.000Z,57.4505,10.5738,10.592854999999986,57.428963,10.53571199999999,57.465732,True,219033842,ELSE-ANE,DNK,c2f1d583d-d66b-e3bc-94d3-a2e08282fe8d,3.677272727272727,7.285108053196158,1.795786,3,67881;555557024;555543258;555538085;349827;555522471,DK00FX113
83d0006b1975c7a3c4c58eea7046d40d,2026-08-19T18:23:46.000Z,2026-08-20T04:12:35.000Z,57.5951,10.7146,10.636800000000001,57.517205,10.839288333333334,57.628416666666666,False,219005954,BELLA-EMIL,DNK,452637753-32e2-e9d8-8651-7e3396324805,2.4996721145559526,48.27190688522378,2.38849,4,,DK00FX113
2f7bd3954c39d6910c159aa43724edb3,2026-08-20T02:25:28.000Z,2026-08-20T03:43:07.000Z,57.5701,10.6547,10.650241666666666,57.544261666666664,10.667328333333334,57.58786166666667,False,219015617,FN68 FRYDENSTRAND,DNK,d4564638c-c6f0-0ff6-c16f-a07290ebe530,2.2722222227603197,5.500182862108206,2.855339,6,,DK00FX113
08e29ed98d7b96dd275ce9c12a88d988,2026-08-20T03:00:03.000Z,2026-08-20T04:20:03.000Z,57.5075,10.542,10.547885000000008,57.50711833333333,10.537021666666675,57.508273333333335,True,220368000,O 159 RANDI,DNK,23b776e71-126f-9ab4-62f5-3dd2f3acef61,0.29135803271223015,0.6799100916465105,3.2644859999999998,3,555543258;555522471;555557024,DK00FX113
74f72422e6e2a794703c1e470c2eb179,2026-08-20T04:54:29.000Z,2026-08-20T05:26:00.000Z,57.4466,10.5938,10.59013,57.44618,10.600552,57.447083,True,219033842,ELSE-ANE,DNK,c2f1d583d-d66b-e3bc-94d3-a2e08282fe8d,2.175,0.7601582820476236,2.111548,3,555557024;349827;67881;555543258;555538085;555522471,DK00FX113
d83d30faa9c656b1404dbc9b275639e2,2026-08-20T08:02:37.000Z,2026-08-20T09:05:18.000Z,57.432,10.5422,10.546762999999999,57.431178,10.537698000000006,57.432895,False,219024685,SVNRIB740026,DNK,2f26b9e2e-ee31-75ab-8fda-f24f1d3d2595,2.2095238095238097,1.5336221787745992,0,1,,DK00FX113
6e5b0a9b3bc5f5f6f483c7499924805c,2026-08-20T09:17:08.000Z,2026-08-20T09:41:08.000Z,57.4338,10.6346,10.629283333333333,57.42746833333333,10.64912,57.43827666666667,False,219035786,BZL122 UNCREWED,DNK,f2c362592-2f43-f987-aad1-a4a5183a0a81,3.4640000268816946,1.9976670630750386,4.190167000000001,5,,DK00FX113
e2c129d33354ba1369379c44c2b6dc05,2026-08-20T09:58:48.000Z,2026-08-20T10:29:17.000Z,57.4343,10.649,10.635178333333334,57.424418333333335,10.654838333333334,57.441965,False,219035786,BZL122 UNCREWED,DNK,f2c362592-2f43-f987-aad1-a4a5183a0a81,2.849999993573875,2.7258223469375285,4.9168009999999995,6,,DK00FX113
dcedae17a82226b2ce752d828d446a42,2026-08-20T18:45:11.000Z,2026-08-20T23:15:08.000Z,57.5603,10.7272,10.751914999999997,57.46899666666667,10.715323333333345,57.64073833333333,False,219003066,FN224 LAERKE VINTHER,DNK,e4e1b2fbf-fa41-ab51-bc90-da92977735d6,2.3748971584402483,19.709675500879168,1.6328420000000001,9,,DK00FX113
03b528948d7c483d112ce5ee880d0a0e,2026-08-20T22:19:55.000Z,2026-08-21T01:25:54.000Z,57.6205,10.7586,10.674376666666667,57.607373333333335,10.836525,57.62983166666667,False,219005954,BELLA-EMIL,DNK,452637753-32e2-e9d8-8651-7e3396324805,2.4630952590987794,13.423067880140989,2.302244,11,,DK00FX113
cb8bebf1fabd512f9b1bde6633f85410,2026-08-20T23:25:59.000Z,2026-08-21T04:03:01.000Z,57.5423,10.7638,10.775051666666656,57.452513333333336,10.753860000000003,57.63337833333333,False,219003066,FN224 LAERKE VINTHER,DNK,e4e1b2fbf-fa41-ab51-bc90-da92977735d6,2.402173967205961,21.827869670246425,3.3890279999999997,12,,DK00FX113
511aca0573ed78415ca07b6eda5aae76,2026-08-20T23:26:49.000Z,2026-08-21T00:22:25.000Z,57.6017,10.7498,10.743616666666666,57.58636666666666,10.764911666666666,57.623685,False,220368000,O 159 RANDI,DNK,23b776e71-126f-9ab4-62f5-3dd2f3acef61,2.4527777698304916,5.29046071897675,6.307,13,,DK00FX113
d12d351dbb4e5a2f169573f39e1b024f,2026-08-21T01:58:14.000Z,2026-08-21T02:52:04.000Z,57.5106,10.5283,10.52741,57.50833,10.529231666666666,57.513585,True,220368000,O 159 RANDI,DNK,23b776e71-126f-9ab4-62f5-3dd2f3acef61,0.40727273307063355,0.5525404859257224,2.524581,3,555522471;555543258;555557024,DK00FX113
581aa163c1507951b8a9cae3d62b39ee,2026-08-21T03:38:04.000Z,2026-08-21T05:39:01.000Z,57.5145,10.5474,10.541563333333333,57.50748333333333,10.554473333333334,57.52165166666666,True,219904000,KATRINE O 111,DNK,1740995e6-623a-c1a5-cb82-31c353e8c37a,0.5032786922376664,1.747418443685837,2.856264,3,555522471;555557024;555543258,DK00FX113
8f6fa1629c4fca5ef9e764072e2a0944,2026-08-21T19:27:02.000Z,2026-08-21T21:28:00.000Z,57.4059,10.7396,10.731745,57.36510666666667,10.751371666666667,57.44401166666667,False,219004119,FN 408 KENJA,DNK,a66a343a0-067b-549a-e066-e3fbe976aadd,2.3867257379852553,9.827580852415915,5.052573000000001,12,,DK00FX113
87920a1f9dfbb69af28c0899451cc154,2026-08-21T23:01:54.000Z,2026-08-22T00:10:39.000Z,57.5021,10.7394,10.730508333333333,57.48448833333333,10.747206666666667,57.51031666666667,False,219004119,FN 408 KENJA,DNK,a66a343a0-067b-549a-e066-e3fbe976aadd,1.693181841888211,2.7825745798064188,2.3911089999999997,8,,DK00FX113
fcf624482532255dbf3c6ca64461df2c,2026-08-22T00:22:03.000Z,2026-08-22T05:19:07.000Z,57.3863,10.7657,10.738566666666667,57.31916,10.855468333333333,57.47700666666667,False,219004119,FN 408 KENJA,DNK,a66a343a0-067b-549a-e066-e3fbe976aadd,2.3715447410638255,23.19336979594366,10.167950000000001,9,,DK00FX113
74ce94037758748fac3a4a0fc9cf5047,2026-08-22T18:32:05.000Z,2026-08-23T03:48:04.000Z,57.5729,10.6947,10.739374999999995,57.46942666666666,10.668216666666666,57.651788333333336,False,219005941,R223 BUSTER,DNK,1fa45f2b8-8272-56e7-89ae-c218cc97d3f8,2.287709540966729,40.66716740444032,2.110296,8,,DK00FX113
d830bc0a414465af7c585e376b8da03e,2026-08-22T19:47:11.000Z,2026-08-22T21:05:02.000Z,57.4153,10.7335,10.725215,57.38662166666667,10.74256,57.43868666666667,False,219004119,FN 408 KENJA,DNK,a66a343a0-067b-549a-e066-e3fbe976aadd,2.3867647507611442,5.870899299715931,3.269279,12,,DK00FX113
0b50f26c103f849ad8bc17f6f4557034,2026-08-23T00:00:02.000Z,2026-08-23T05:28:04.000Z,57.3949,10.7488,10.717503333333333,57.319093333333335,10.843846666666666,57.493118333333335,False,219004119,FN 408 KENJA,DNK,a66a343a0-067b-549a-e066-e3fbe976aadd,2.29705886512666,24.792344842016487,10.447040999999999,9,,DK00FX113
76b978771f0450b5223528932ed9379d,2026-08-23T05:01:05.000Z,2026-08-23T05:39:05.000Z,57.498,10.5238,10.518613333333333,57.495488333333334,10.542478333333333,57.50436,True,219005941,R223 BUSTER,DNK,1fa45f2b8-8272-56e7-89ae-c218cc97d3f8,1.5615384727716446,1.6489048177274155,1.262329,2,555557024;555522471;555543258,DK00FX113
ab918b9f80a8b7d671655e6b3dd38c34,2026-08-23T18:15:01.000Z,2026-08-23T22:30:00.000Z,57.5559,10.7439,10.755418333333324,57.466195,10.734228333333334,57.644331666666666,False,220256000,CHARLOTTE P  FN 131,DNK,f9350d74d-d66f-c031-94cd-b0f227dd5a0f,2.521484369877725,20.913646177722015,1.262484,10,,DK00FX113
12aeb0d179197f1819dc8f4be38a0160,2026-08-23T18:17:02.000Z,2026-08-24T02:52:02.000Z,57.5393,10.7242,10.735301666666658,57.45073,10.71454833333334,57.617401666666666,False,219006301,FN 308 HELLE LOTTE,DNK,64130f509-9c27-c779-f4bc-cbfaa9ae6e0b,2.2174418857970886,37.47664285269355,3.5441149999999997,9,,DK00FX113
f91d8fc5e902b2d0f4cc75ce1b79880f,2026-08-23T18:23:05.000Z,2026-08-23T23:00:04.000Z,57.5414,10.7138,10.730281666666656,57.447635,10.704049999999995,57.62032166666667,False,219005941,R223 BUSTER,DNK,1fa45f2b8-8272-56e7-89ae-c218cc97d3f8,2.3327338382494522,20.216037331343937,3.726788,9,,DK00FX113
d6fc3e23d8d69fd54d2b077494ba0c46,2026-08-23T18:32:13.000Z,2026-08-24T02:48:28.000Z,57.5157,10.7441,10.68606,57.421808,10.788982,57.578982,False,219009415,R254 KATRINE-KIM,DNK,cea1fec10-06e2-af1d-75bc-60c4a902f23a,2.412439024390243,42.08050721915188,4.191311,9,,DK00FX113
aaeabd218ed004c58f153ba351d36d15,2026-08-23T23:01:01.000Z,2026-08-24T04:07:00.000Z,57.5667,10.7441,10.734456666666667,57.469303333333336,10.776196666666667,57.66412166666667,False,220256000,CHARLOTTE P  FN 131,DNK,f9350d74d-d66f-c031-94cd-b0f227dd5a0f,2.3795138948804,22.386828437301713,2.637309,8,,DK00FX113
d3c0c3ec15cab93f24d8846a75c770ac,2026-08-23T23:09:04.000Z,2026-08-24T02:46:04.000Z,57.5393,10.7311,10.728475,57.473525,10.733236666666667,57.611045,False,219005941,R223 BUSTER,DNK,1fa45f2b8-8272-56e7-89ae-c218cc97d3f8,2.2839449861796073,16.388366639308195,2.637309,8,,DK00FX113
657054ec7ee244f6b63e84379d2c1362,2026-08-23T23:14:01.000Z,2026-08-23T23:59:01.000Z,57.5939,10.7158,10.721531666666664,57.57904833333333,10.710216666666668,57.604955,False,219015617,FN68 FRYDENSTRAND,DNK,d4564638c-c6f0-0ff6-c16f-a07290ebe530,2.3608695618484323,3.1929714046443354,6.609612,12,,DK00FX113
6444bd2f554597bc8d27a95205e01c41,2026-08-24T00:00:11.000Z,2026-08-24T04:12:05.000Z,57.5588,10.759,10.81337666666667,57.469566666666665,10.745368333333346,57.62397833333333,False,219005954,BELLA-EMIL,DNK,452637753-32e2-e9d8-8651-7e3396324805,2.4377451156284295,20.45098554078283,2.637309,12,,DK00FX113
595b0bfdab1ad48b2fdd1c014fb57ad1,2026-08-24T01:51:01.000Z,2026-08-24T02:57:02.000Z,57.4786,10.7163,10.721564999999998,57.456325,10.713748333333342,57.501185,False,219015617,FN68 FRYDENSTRAND,DNK,d4564638c-c6f0-0ff6-c16f-a07290ebe530,2.453731346486219,5.019641928813361,2.637902,8,,DK00FX113
dc134ba52cf80582b6f5bfbe090ffd7d,2026-08-24T18:06:03.000Z,2026-08-24T21:30:04.000Z,57.5575,10.7479,10.759831666666656,57.48328166666667,10.740755000000007,57.631515,False,220368000,O 159 RANDI,DNK,23b776e71-126f-9ab4-62f5-3dd2f3acef61,2.655121940519752,16.99443038481893,0.597777,9,,DK00FX113
ae5df9fd8603b9bff0393d44edc5ee22,2026-08-24T18:08:01.000Z,2026-08-24T23:10:01.000Z,57.5938,10.7391,10.779325,57.489756666666665,10.729665000000011,57.68434666666667,False,220256000,CHARLOTTE P  FN 131,DNK,f9350d74d-d66f-c031-94cd-b0f227dd5a0f,2.4363036247419054,22.945806746283132,0.597614,10,,DK00FX113
a874fa32eeb921b9036300474d0607b0,2026-08-24T18:08:07.000Z,2026-08-24T19:05:09.000Z,57.5054,10.6993,10.703264999999988,57.489533333333334,10.690993333333324,57.525596666666665,False,219005659,KAREN-PETER RS314,DNK,a79b138f3-3f7a-9e9b-2db2-fca724d8bb38,2.269767450731853,2.9947016520048217,0.597614,6,,DK00FX113
803dacfdc6cc08fadf75007d97604615,2026-08-24T18:11:03.000Z,2026-08-24T23:04:04.000Z,57.5891,10.7339,10.7262,57.4841,10.764866666666666,57.676316666666665,False,219005954,BELLA-EMIL,DNK,452637753-32e2-e9d8-8651-7e3396324805,2.4934707688506914,22.66346674611658,2.3911089999999997,8,,DK00FX113
271700d81b078a0a1668a74c27044a0c,2026-08-24T18:15:18.000Z,2026-08-24T23:04:08.000Z,57.589,10.7455,10.73542,57.488838333333334,10.784771666666666,57.679048333333334,False,219001522,SOREN STRANDBY,DNK,56e82f0b6-6312-ba1d-a4e2-6c8834dbd3d8,2.526551696349836,22.360591351455042,1.7928410000000001,8,,DK00FX113
d4b8d9feca7ef84332287dd8f037a0b9,2026-08-24T18:21:01.000Z,2026-08-24T22:09:02.000Z,57.5489,10.7265,10.741488333333336,57.468535,10.723810000000014,57.62828,False,219003066,FN224 LAERKE VINTHER,DNK,e4e1b2fbf-fa41-ab51-bc90-da92977735d6,2.561571990558674,17.996344909023268,2.110296,8,,DK00FX113
0bc806b7de2132a6b6dcadbabd8fc050,2026-08-24T23:14:02.000Z,2026-08-25T04:13:45.000Z,57.5845,10.7336,10.72325,57.47116666666667,10.7605,57.668171666666666,False,219005954,BELLA-EMIL,DNK,452637753-32e2-e9d8-8651-7e3396324805,2.4678048779324775,23.781597986093516,2.110296,7,,DK00FX113
6e54c5d54ea8fb68448f4c634969d844,2026-08-24T23:15:16.000Z,2026-08-25T04:09:18.000Z,57.5786,10.743,10.781299999999987,57.48435666666666,10.734051666666659,57.670315,False,219001522,SOREN STRANDBY,DNK,56e82f0b6-6312-ba1d-a4e2-6c8834dbd3d8,2.4586440684936806,23.99518978464879,0.597777,11,,DK00FX113
2ebe23c1584041a6b4e2eb1432a25b57,2026-08-24T23:26:00.000Z,2026-08-25T04:13:01.000Z,57.5849,10.7257,10.713468333333333,57.490095,10.763155,57.677886666666666,False,220256000,CHARLOTTE P  FN 131,DNK,f9350d74d-d66f-c031-94cd-b0f227dd5a0f,2.4881532764912504,23.03509435448744,1.195227,6,,DK00FX113
e91fc311f69e7145de4abf784d5cdfc0,2026-08-24T23:39:02.000Z,2026-08-25T04:07:02.000Z,57.5524,10.7346,10.784436666666664,57.46615833333333,10.71762000000001,57.63836666666667,False,219003066,FN224 LAERKE VINTHER,DNK,e4e1b2fbf-fa41-ab51-bc90-da92977735d6,2.4576208013141008,20.12954001503202,1.262484,11,,DK00FX113
d6b22add9482754e0ba4618c54c75f4e,2026-08-25T00:37:08.000Z,2026-08-25T03:24:09.000Z,57.4641,10.7023,10.69456,57.43208333333333,10.707713333333333,57.50483,False,219005659,KAREN-PETER RS314,DNK,a79b138f3-3f7a-9e9b-2db2-fca724d8bb38,2.1839285810877165,12.009382550795847,4.335749,9,,DK00FX113
16b0c7a483aa9d61696d65a6743b2485,2026-08-25T03:21:07.000Z,2026-08-25T03:46:00.000Z,57.4537,10.6973,10.6939,57.449855,10.698943333333334,57.457275,False,219009135,SG64 LAMA II,DNK,ae4a1cd2e-e7ea-7096-8780-63f0f06a8cef,1.4307692363285103,1.0721573229047316,2.302923,7,,DK00FX113
afde253021d7617d428793b544edb5db,2026-08-25T04:29:13.000Z,2026-08-25T05:45:30.000Z,57.5206,10.5664,10.516123,57.510103,10.63716,57.533047,True,219020732,ELIDA,DNK,6bda7c0c4-4ded-3681-688c-056bb1f0f2c8,3.3333333333333326,8.74443046648184,2.302753,3,555557024;555543258;555522471,DK00FX113
81b9f79cc1136304a88728a909ef86fb,2026-08-25T05:18:04.000Z,2026-08-25T05:51:04.000Z,57.4944,10.5102,10.524533333333324,57.49271666666667,10.50318333333334,57.49646666666667,False,219005954,BELLA-EMIL,DNK,452637753-32e2-e9d8-8651-7e3396324805,1.8852941201013682,1.9072296200218997,0.597614,2,555522471;555557024;555543258,DK00FX113
6093c683a7b064564c1248ad9ed9eafb,2026-08-25T08:28:07.000Z,2026-08-25T10:52:00.000Z,57.634,10.6966,10.71201666666667,57.615626666666664,10.671490000000006,57.64066166666667,False,219035786,BZL122 UNCREWED,DNK,f2c362592-2f43-f987-aad1-a4a5183a0a81,1.5376237582157153,4.504533162974119,2.522568,13,,DK00FX113
c517ee7a2940039906a3ace0ffe76ead,2026-08-25T11:06:04.000Z,2026-08-25T12:02:26.000Z,57.6691,10.7239,10.668338,57.660252,10.78459,57.681072,False,219006719,S71 HEIDI TERESA,DNK,2a39bfdc6-62c5-a904-f6e0-d9a3d0649baa,4.3125,8.599033499613093,0,8,,DK00FX113
1707cb34d52ea0f007eb22e5a38b8d26,2026-08-25T12:18:12.000Z,2026-08-25T12:54:01.000Z,57.4512,10.5899,10.587016666666667,57.45006333333333,10.592743333333333,57.451908333333336,True,219035785,BZL121 UNCREWED,DNK,df74ee5c7-7174-ec81-024b-db16abb5a98d,2.7499999977075134,1.9597556504963145,2.111548,3,349827;67881;555543258;555522471;555557024;555538085,DK00FX113
e396d2fa67df131f1758f72c57bad217,2026-08-25T18:08:02.000Z,2026-08-25T23:13:00.000Z,57.5893,10.7405,10.773888333333332,57.4818,10.731130000000007,57.68636333333333,False,220256000,CHARLOTTE P  FN 131,DNK,f9350d74d-d66f-c031-94cd-b0f227dd5a0f,2.5006535954140365,23.435748359660405,0,10,,DK00FX113
895802ed16bf9e9ab9fd512bdfda948e,2026-08-25T18:17:07.000Z,2026-08-25T23:14:14.000Z,57.5909,10.7355,10.728166666666667,57.47881666666667,10.762883333333333,57.67961833333333,False,219005954,BELLA-EMIL,DNK,452637753-32e2-e9d8-8651-7e3396324805,2.510798094138292,23.330320281199217,2.3911089999999997,8,,DK00FX113
19b954a9262d3278cea67fb562a29b32,2026-08-25T23:28:00.000Z,2026-08-26T04:18:06.000Z,57.5821,10.7417,10.76605833333332,57.49120833333333,10.734555,57.67885833333333,False,220256000,CHARLOTTE P  FN 131,DNK,f9350d74d-d66f-c031-94cd-b0f227dd5a0f,2.4336769722683735,22.06573774891631,0,10,,DK00FX113
bf8b93183c4820890918df62f957518c,2026-08-25T23:28:02.000Z,2026-08-26T04:15:52.000Z,57.5813,10.7301,10.72535,57.483783333333335,10.753053333333334,57.67189833333333,False,219005954,BELLA-EMIL,DNK,452637753-32e2-e9d8-8651-7e3396324805,2.455339823533031,22.222184671645945,2.3911089999999997,8,,DK00FX113
f8f96d9dba99af7eea46e25e1f20d839,2026-08-26T02:53:34.000Z,2026-08-26T03:29:04.000Z,57.5364,10.6794,10.677036666666666,57.52809666666667,10.682633333333333,57.542716666666664,False,219009135,SG64 LAMA II,DNK,ae4a1cd2e-e7ea-7096-8780-63f0f06a8cef,1.586486475693213,1.8221948517945652,1.111949,6,,DK00FX113
85114b86b5e6dfc2f4d53a8cfa7f52fd,2026-08-26T04:25:09.000Z,2026-08-26T06:00:00.000Z,57.6836,10.324,10.352231666666654,57.67948833333333,10.294038333333333,57.689715,False,219004596,RS 64 ELSE,DNK,488cffdeb-be71-3d73-2acf-35f6d31bb4c4,1.4265060332345676,5.1223657354162215,11.082718999999999,2,555522470;555557161,DK00FX113
19c6d783fefc6bb4d3d820c2f68c73f8,2026-08-26T05:20:01.000Z,2026-08-26T06:21:01.000Z,57.5026,10.5268,10.530386666666658,57.50228833333333,10.521713333333338,57.503816666666665,True,220256000,CHARLOTTE P  FN 131,DNK,f9350d74d-d66f-c031-94cd-b0f227dd5a0f,0.39354839404263803,0.6756204278618074,1.632363,3,555522471;555543258;555557024,DK00FX113
fce8e7df7364415d8e667b1b03d837ec,2026-08-26T18:11:01.000Z,2026-08-26T19:35:05.000Z,57.5375,10.7603,10.74586,57.50881666666667,10.765301666666666,57.56628666666667,False,219904000,KATRINE O 111,DNK,1740995e6-623a-c1a5-cb82-31c353e8c37a,2.5505882361355954,7.2858634902464985,2.524581,9,,DK00FX113
cc89624851b9db06f513617193d4f1f2,2026-08-26T18:38:02.000Z,2026-08-26T21:24:01.000Z,57.5328,10.6955,10.70204000000001,57.474445,10.690083333333348,57.59096666666667,False,219015617,FN68 FRYDENSTRAND,DNK,d4564638c-c6f0-0ff6-c16f-a07290ebe530,2.5473053826543386,13.212157503019293,1.1958820000000001,6,,DK00FX113
8f140ae973b5bc2333f39742428fe689,2026-08-26T21:50:00.000Z,2026-08-26T22:45:02.000Z,57.6017,10.7034,10.70728166666666,57.585303333333336,10.701841666666667,57.610685,False,219015617,FN68 FRYDENSTRAND,DNK,d4564638c-c6f0-0ff6-c16f-a07290ebe530,2.0803571348743786,3.3819592600463917,5.3528329999999995,12,,DK00FX113
a4370bc8e5af89407381279dd60ff73f,2026-08-26T23:05:55.000Z,2026-08-27T04:21:56.000Z,57.5919,10.6938,10.637016666666666,57.5294,10.794033333333333,57.67398333333333,False,219005954,BELLA-EMIL,DNK,452637753-32e2-e9d8-8651-7e3396324805,2.4206751149917958,25.141982147754028,2.634341,4,,DK00FX113
035c10c8df539e3718b67779353a656d,2026-08-27T00:22:09.000Z,2026-08-27T03:58:09.000Z,57.4893,10.729,10.76076333333333,57.45579166666667,10.699156666666681,57.51316,False,219005659,KAREN-PETER RS314,DNK,a79b138f3-3f7a-9e9b-2db2-fca724d8bb38,2.4175115490014676,18.002101987600007,2.30288,10,,DK00FX113
4d41701070478e5324757d238332ee1d,2026-08-27T00:37:22.000Z,2026-08-27T03:07:12.000Z,57.4891,10.726,10.697855,57.46581333333334,10.749771666666666,57.51094333333333,False,219015617,FN68 FRYDENSTRAND,DNK,d4564638c-c6f0-0ff6-c16f-a07290ebe530,2.286754961292079,10.566751709373309,1.1958820000000001,6,,DK00FX113
ee2b337bb757b2f053aa255a172ad51d,2026-08-27T00:45:02.000Z,2026-08-27T04:11:08.000Z,57.5023,10.7028,10.681735,57.44898666666667,10.715506666666666,57.54374833333333,False,219009135,SG64 LAMA II,DNK,ae4a1cd2e-e7ea-7096-8780-63f0f06a8cef,1.9782608224141998,15.120818508627385,2.223899,7,,DK00FX113
0778c2fcd15d542cc75d4ff167739d65,2026-08-28T20:13:54.000Z,2026-08-28T20:35:03.000Z,57.5593,10.7262,10.725295,57.551453333333335,10.726765,57.56698,False,220345000,SG115 CECILIE MATHIL,DNK,58b5fd79c-c1e1-ab38-017b-ed3345596621,2.6454545042731548,1.7202879275231744,4.475983,10,,DK00FX113
8e5ecba23b5f61821c4e289d1e55acb3,2026-08-29T18:17:53.000Z,2026-08-30T03:32:01.000Z,57.5634,10.7139,10.773238333333325,57.47694166666667,10.66395833333334,57.628975,False,219006301,FN 308 HELLE LOTTE,DNK,64130f509-9c27-c779-f4bc-cbfaa9ae6e0b,2.2923423961341918,39.496459062141234,0,10,,DK00FX113
55555f95c4e0e7db6497f6cf6dfac043,2026-08-30T01:19:21.000Z,2026-08-30T04:23:53.000Z,57.4159,10.7614,10.774990000000003,57.36238,10.755501666666675,57.47285,False,219004119,FN 408 KENJA,DNK,a66a343a0-067b-549a-e066-e3fbe976aadd,2.3173913193353712,13.96880758387556,5.5597460000000005,11,,DK00FX113
c8a6aff507519e51d4d0860560751fd8,2026-08-30T04:25:47.000Z,2026-08-30T09:05:36.000Z,57.6418,10.5985,10.53232,57.62938,10.609702,57.67203,False,219220156,S 543 TAHA,DNK,0a0df7dd4-43c4-b65d-97d8-26c779cb2248,2.2280487804878053,17.51398286196237,4.7225079999999995,4,,DK00FX113
3a5d0c2c0d228ae8f9c7233bfd18eda4,2026-08-30T04:27:01.000Z,2026-08-30T05:43:01.000Z,57.5029,10.5266,10.570841666666666,57.49774333333333,10.508205000000004,57.50827,True,219006301,FN 308 HELLE LOTTE,DNK,64130f509-9c27-c779-f4bc-cbfaa9ae6e0b,2.0649350788686176,4.75025412073015,3.7248180000000004,1,555557024;555543258;555522471,DK00FX113
37747cf51142f6c97498267232778e22,2026-08-30T05:03:00.000Z,2026-08-30T05:32:00.000Z,57.6487,10.3216,10.327538333333337,57.646005,10.315311666666673,57.65176833333334,False,219011136,HG 345 AMANDA,DNK,6a0069a61-1c62-8ad2-408e-d07e7328bfe8,1.3433333347241079,0.9798039829508244,8.942688,0,555522470;555557161,DK00FX113
844f4ecccbf363471c77ba6d36c16208,2026-08-30T11:54:59.000Z,2026-08-30T13:07:44.000Z,57.6313,10.6025,10.622267999999991,57.616078,10.542247000000003,57.649025,False,219220156,S 543 TAHA,DNK,0a0df7dd4-43c4-b65d-97d8-26c779cb2248,4.320370370370369,9.39332065536138,1.2613230000000002,9,,DK00FX113
b09cacdfdf4710f6e680a991f72f676f,2026-08-30T17:53:56.000Z,2026-08-30T19:53:56.000Z,57.4171,10.6997,10.683571666666667,57.37847333333333,10.718295,57.45174,False,219011325,ROSA-GRY,DNK,a6a222d31-1fdf-7ed9-a1bb-275bac442bcc,2.5626168362448145,10.022571094408296,6.3408999999999995,10,,DK00FX113
566afaff5e44aeab0dfcd5dd5c315f05,2026-08-30T17:58:00.000Z,2026-08-30T21:40:51.000Z,57.5927,10.6871,10.740398333333331,57.51701166666667,10.674056666666672,57.66122166666667,False,220256000,CHARLOTTE P  FN 131,DNK,f9350d74d-d66f-c031-94cd-b0f227dd5a0f,2.5780487758357356,17.710340975318058,3.582735,9,,DK00FX113
8eaa22e7ef2b21b08c6c8ecb4261cc25,2026-08-30T18:06:01.000Z,2026-08-31T01:12:02.000Z,57.558,10.7169,10.695248333333334,57.47922833333333,10.752485,57.617595,False,219006301,FN 308 HELLE LOTTE,DNK,64130f509-9c27-c779-f4bc-cbfaa9ae6e0b,2.3448087650407246,32.42096607628966,0.597777,6,,DK00FX113
2a11e06c7df935ba3c38ceff1e80c3c8,2026-08-30T18:08:53.000Z,2026-08-31T01:18:31.000Z,57.5851,10.7378,10.809775000000002,57.50703,10.698235000000011,57.639381666666665,False,220072000,R177 DUEODDE,DNK,438ea858e-e541-e793-8324-1972af53ee8e,2.469230778366751,33.30144000858124,3.2644859999999998,12,,DK00FX113
9cee228bbe04b60770fa881cc460c5ce,2026-08-30T18:12:17.000Z,2026-08-30T21:34:38.000Z,57.5868,10.707,10.756888333333336,57.517671666666665,10.68741833333334,57.647235,False,219001522,SOREN STRANDBY,DNK,56e82f0b6-6312-ba1d-a4e2-6c8834dbd3d8,2.583510630942407,16.093875024665838,3.388913,10,,DK00FX113
e27d2f95ee4b55b8ad217e19e48a2055,2026-08-30T18:21:15.000Z,2026-08-30T22:30:03.000Z,57.5811,10.6926,10.666745,57.497975,10.744853333333333,57.65828,False,220368000,O 159 RANDI,DNK,23b776e71-126f-9ab4-62f5-3dd2f3acef61,2.7212435383870823,20.98261874947347,1.262252,4,,DK00FX113
683900c62b931c878babc9d0a627e9d4,2026-08-30T18:35:25.000Z,2026-08-30T21:23:57.000Z,57.5837,10.6554,10.6341,57.537333333333336,10.679083333333333,57.61131666666667,False,219005954,BELLA-EMIL,DNK,452637753-32e2-e9d8-8651-7e3396324805,2.5277310960433077,13.716591592107033,3.7221930000000003,5,,DK00FX113
0fc86861306a6a731bcafc0564545fde,2026-08-30T21:55:02.000Z,2026-08-31T04:18:01.000Z,57.5955,10.6992,10.762691666666655,57.50441166666667,10.669681666666662,57.681855,False,220256000,CHARLOTTE P  FN 131,DNK,f9350d74d-d66f-c031-94cd-b0f227dd5a0f,2.4841059677253488,24.975121645608958,1.262329,9,,DK00FX113
e5f078e21279a4dfaa108ca45b81372d,2026-08-30T22:39:20.000Z,2026-08-31T04:10:51.000Z,57.5914,10.716,10.807581666666664,57.50199833333333,10.682293333333348,57.680398333333336,False,219001522,SOREN STRANDBY,DNK,56e82f0b6-6312-ba1d-a4e2-6c8834dbd3d8,2.402675595969261,22.76195602354621,2.636122,12,,DK00FX113
2b96799b1ab20d7f764ff8ebc09f75dd,2026-08-30T23:01:55.000Z,2026-08-30T23:40:47.000Z,57.6591,10.7472,10.724973333333333,57.653978333333335,10.769763333333334,57.664633333333335,False,220368000,O 159 RANDI,DNK,23b776e71-126f-9ab4-62f5-3dd2f3acef61,2.459259258376228,3.2578449629348625,1.628529,11,,DK00FX113
f1622935baac5086d272dda032d84731,2026-08-30T23:28:45.000Z,2026-08-31T00:10:03.000Z,57.4845,10.7339,10.739014999999995,57.47334166666667,10.728483333333344,57.49868,False,219904000,KATRINE O 111,DNK,1740995e6-623a-c1a5-cb82-31c353e8c37a,2.300000022351742,2.9512590411773525,2.110296,8,,DK00FX113
ca90f5bddac58dfa923396712908f13b,2026-08-30T23:53:33.000Z,2026-08-31T04:24:15.000Z,57.5671,10.6953,10.66903,57.47869333333333,10.7468,57.646458333333335,False,220368000,O 159 RANDI,DNK,23b776e71-126f-9ab4-62f5-3dd2f3acef61,2.5312796267570477,21.909132294694857,0.597777,5,,DK00FX113
2e637c14c367aaa06afaec70a92843df,2026-08-31T00:00:04.000Z,2026-08-31T03:14:01.000Z,57.5306,10.6997,10.669545,57.499775,10.734291666666667,57.56339166666667,False,219011325,ROSA-GRY,DNK,a6a222d31-1fdf-7ed9-a1bb-275bac442bcc,2.4897436048740005,14.875012150747182,1.262252,4,,DK00FX113
98f2b1f2e70ed8ced4975a98ba927187,2026-08-31T00:01:43.000Z,2026-08-31T04:13:14.000Z,57.5625,10.688,10.726723333333325,57.490285,10.643599999999992,57.6047,False,219005954,BELLA-EMIL,DNK,452637753-32e2-e9d8-8651-7e3396324805,2.4412214082615993,20.50645256780176,2.390454,8,,DK00FX113
02a6ebcfe03d114e13d7867ea0cd6611,2026-08-31T02:15:02.000Z,2026-08-31T15:47:01.000Z,57.4949,10.5087,10.528931666666665,57.492025,10.50263000000001,57.5166,False,219006301,FN 308 HELLE LOTTE,DNK,64130f509-9c27-c779-f4bc-cbfaa9ae6e0b,0.1529093374459121,3.4470410274417973,1.195227,2,555557024;555543258;555522471,DK00FX113
9ac0f6596e46f2ff997e123356eb4993,2026-08-31T05:10:00.000Z,2026-08-31T07:00:00.000Z,57.5081,10.524,10.517845,57.5028,10.530911666666666,57.514653333333335,True,220256000,CHARLOTTE P  FN 131,DNK,f9350d74d-d66f-c031-94cd-b0f227dd5a0f,1.2336956586526786,3.4764356209860914,1.262329,2,555543258;555522471;555557024,DK00FX113
e301a25d7a6df269139167e94aae769a,2026-08-31T05:18:03.000Z,2026-08-31T05:41:05.000Z,57.4996,10.5444,10.540216666666666,57.498083333333334,10.551583333333333,57.50171666666667,True,219005954,BELLA-EMIL,DNK,452637753-32e2-e9d8-8651-7e3396324805,1.8176470539149117,1.0970101538327148,2.109462,3,555557024;555543258;555522471,DK00FX113
b65f45afbde59b75b48c84878a25c6cf,2026-08-31T05:24:16.000Z,2026-08-31T06:23:18.000Z,57.5089,10.5308,10.532211666666655,57.500928333333334,10.52633666666668,57.51653666666667,True,219001522,SOREN STRANDBY,DNK,56e82f0b6-6312-ba1d-a4e2-6c8834dbd3d8,1.636666652560234,3.037140982412156,1.632363,3,555543258;555557024;555522471,DK00FX113
7a6c6db33a6c95ff591f8bec296ca69d,2026-08-31T05:50:04.000Z,2026-08-31T06:30:04.000Z,57.4993,10.5306,10.535014999999987,57.493856666666666,10.527451666666678,57.505015,True,220368000,O 159 RANDI,DNK,23b776e71-126f-9ab4-62f5-3dd2f3acef61,1.107317095849572,1.328908732352367,1.7928410000000001,2,67881;555538085;555522471;555543258;555557024,DK00FX113
508d55eb5f8c3a58322b9869cbd37f4b,2026-08-31T17:49:51.000Z,2026-09-01T04:18:01.000Z,57.6072,10.7101,10.788074999999992,57.51357333333333,10.664199999999994,57.69568833333334,False,220256000,CHARLOTTE P  FN 131,DNK,f9350d74d-d66f-c031-94cd-b0f227dd5a0f,2.4932758382168325,48.51386608206472,2.524581,11,,DK00FX113
74509bf4f7844acd1268840e94c552a7,2026-08-31T17:54:02.000Z,2026-09-01T02:50:01.000Z,57.5514,10.7138,10.660628333333333,57.470893333333336,10.76517,57.601121666666664,False,219006301,FN 308 HELLE LOTTE,DNK,64130f509-9c27-c779-f4bc-cbfaa9ae6e0b,2.273473707421827,39.01427996612751,1.1958820000000001,4,,DK00FX113
0cc26203a5eb08417bd6f6d1e49b3878,2026-08-31T17:55:16.000Z,2026-08-31T22:38:19.000Z,57.6134,10.7181,10.80571333333333,57.516985,10.679606666666672,57.696308333333334,False,219001522,SOREN STRANDBY,DNK,56e82f0b6-6312-ba1d-a4e2-6c8834dbd3d8,2.637010647096668,25.813327466809394,4.103346999999999,13,,DK00FX113
2fc3ed499a2fc7dc9c0de836379a8a3d,2026-08-31T17:56:14.000Z,2026-08-31T21:14:28.000Z,57.5495,10.6908,10.667081666666666,57.478053333333335,10.732448333333334,57.6095,False,219011325,ROSA-GRY,DNK,a6a222d31-1fdf-7ed9-a1bb-275bac442bcc,2.6172413727332815,16.61119779602869,0.597777,5,,DK00FX113
227e49d2a0689a423aa7c42cff994d7a,2026-08-31T18:02:05.000Z,2026-08-31T19:11:06.000Z,57.5035,10.7332,10.742099999999994,57.480105,10.714916666666682,57.52532166666666,False,219904000,KATRINE O 111,DNK,1740995e6-623a-c1a5-cb82-31c353e8c37a,2.5614285537174766,5.4020777985648705,1.7933320000000001,8,,DK00FX113
f52c6e25f717754aa44e27a17ee9f410,2026-08-31T18:02:34.000Z,2026-09-01T04:45:05.000Z,57.5794,10.6981,10.666171666666667,57.480851666666666,10.76448,57.67205666666667,False,220368000,O 159 RANDI,DNK,23b776e71-126f-9ab4-62f5-3dd2f3acef61,2.6068181909733674,51.62849690043091,0.597777,5,,DK00FX113
c9f79340d78df7fa02529539f8879e50,2026-08-31T18:06:00.000Z,2026-09-01T04:20:00.000Z,57.5614,10.7364,10.704368333333333,57.456475,10.79852,57.65305,False,219003066,FN224 LAERKE VINTHER,DNK,e4e1b2fbf-fa41-ab51-bc90-da92977735d6,2.4743055582253453,49.351297930429766,1.6330820000000001,7,,DK00FX113
159d8cd52047cf4ffe266411946e2978,2026-08-31T18:06:35.000Z,2026-09-01T04:21:46.000Z,57.6117,10.7016,10.783749999999998,57.50965,10.64759166666667,57.687916666666666,False,219005954,BELLA-EMIL,DNK,452637753-32e2-e9d8-8651-7e3396324805,2.457261418653226,47.87233174991439,2.302753,10,,DK00FX113
f9a9a909c6be2b74f655ad48453b720a,2026-08-31T18:08:06.000Z,2026-08-31T22:04:02.000Z,57.5791,10.6852,10.661273333333334,57.50866333333333,10.753565,57.63885333333333,False,220072000,R177 DUEODDE,DNK,438ea858e-e541-e793-8324-1972af53ee8e,2.4207729861356215,17.625932467070015,1.194573,4,,DK00FX113
5199977f5b8b66e77a2ad3c200ec87f0,2026-08-31T19:32:05.000Z,2026-08-31T21:58:03.000Z,57.5947,10.7073,10.748124999999987,57.537865,10.690323333333339,57.6343,False,219904000,KATRINE O 111,DNK,1740995e6-623a-c1a5-cb82-31c353e8c37a,2.6320312265306716,11.840325871783097,4.73364,10,,DK00FX113
af8ff3a1e492755e3fe6842e41fb037d,2026-08-31T21:29:04.000Z,2026-08-31T21:56:14.000Z,57.6258,10.7148,10.704868333333334,57.61788833333333,10.723271666666667,57.63411333333333,False,219011325,ROSA-GRY,DNK,a6a222d31-1fdf-7ed9-a1bb-275bac442bcc,2.540740701887343,2.8416495457769653,2.302201,12,,DK00FX113
b9e1b77a6ec503428e94dad88412ee1c,2026-08-31T22:15:53.000Z,2026-09-01T02:31:01.000Z,57.5641,10.6895,10.740671666666657,57.491431666666664,10.663489999999996,57.63401666666667,False,220072000,R177 DUEODDE,DNK,438ea858e-e541-e793-8324-1972af53ee8e,2.4163462187235183,21.895734608821225,1.7928410000000001,8,,DK00FX113
94672487e6ac0d447de77512435c0dc1,2026-08-31T23:01:19.000Z,2026-09-01T04:15:17.000Z,57.5982,10.7165,10.679393333333334,57.51083833333333,10.798605,57.68880166666667,False,219001522,SOREN STRANDBY,DNK,56e82f0b6-6312-ba1d-a4e2-6c8834dbd3d8,2.5271565331437715,25.421460747773732,0,5,,DK00FX113
a36358bebefe0bc0f76653d007b534ba,2026-09-01T01:40:48.000Z,2026-09-01T03:11:50.000Z,57.4563,10.6871,10.695233333333334,57.432523333333336,10.67658666666668,57.486353333333334,False,219005659,KAREN-PETER RS314,DNK,a79b138f3-3f7a-9e9b-2db2-fca724d8bb38,2.2475000139325854,6.290364181135854,3.760231,9,,DK00FX113
0ba04ab8170df6970ad88a019759108f,2026-09-01T02:06:39.000Z,2026-09-01T02:31:08.000Z,57.5018,10.7271,10.732438333333334,57.49203166666667,10.722565000000003,57.508825,False,219015617,FN68 FRYDENSTRAND,DNK,d4564638c-c6f0-0ff6-c16f-a07290ebe530,2.649999976158142,0.6690766239697168,2.390454,8,,DK00FX113
5b5517620e1a14e5ea8d39722e00e90b,2026-09-01T05:07:18.000Z,2026-09-01T06:23:18.000Z,57.5072,10.5397,10.525473333333334,57.498693333333335,10.582926666666667,57.52412666666667,True,219001522,SOREN STRANDBY,DNK,56e82f0b6-6312-ba1d-a4e2-6c8834dbd3d8,2.2220779375790003,5.142516723204837,1.632363,3,555522471;555557024;555543258,DK00FX113
d2a3c741162a10db33c49c9ccc383f6c,2026-09-01T05:16:04.000Z,2026-09-01T05:45:05.000Z,57.5036,10.5469,10.532616666666666,57.498083333333334,10.5675,57.50983333333333,True,219005954,BELLA-EMIL,DNK,452637753-32e2-e9d8-8651-7e3396324805,2.8,2.512545894448976,1.632363,3,555522471;555543258;555557024,DK00FX113
b7a1d7a44aee522412b46f36d193d945,2026-09-01T05:20:00.000Z,2026-09-01T07:28:00.000Z,57.5098,10.5373,10.544846666666672,57.49646166666667,10.533923333333348,57.521163333333334,True,220256000,CHARLOTTE P  FN 131,DNK,f9350d74d-d66f-c031-94cd-b0f227dd5a0f,0.782945735972057,2.9601924467611314,2.109462,3,555522471;555557024;555543258,DK00FX113
2053664ca39a59bf0fc194861046dbd9,2026-09-01T06:05:00.000Z,2026-09-01T06:41:01.000Z,57.4966,10.5299,10.532835000000006,57.494011666666665,10.527890000000014,57.498873333333336,True,219003066,FN224 LAERKE VINTHER,DNK,e4e1b2fbf-fa41-ab51-bc90-da92977735d6,0.5918919009131354,0.6302085045776891,1.195227,2,67881;555538085;555557024;555543258;555522471,DK00FX113
225470ca83820400679f4d2ba27e24a2,2026-09-01T08:55:59.000Z,2026-09-01T10:39:50.000Z,57.5921,10.6568,10.660441666666657,57.590671666666665,10.645863333333324,57.600475,False,219035785,BZL121 UNCREWED,DNK,df74ee5c7-7174-ec81-024b-db16abb5a98d,0.6333333383003871,0.7024273042064938,4.447797,10,,DK00FX113
91132e8814fdf0eb03250b14639cf30f,2026-09-01T17:26:07.000Z,2026-09-02T04:24:02.000Z,57.5619,10.7397,10.726035,57.45222,10.765183333333333,57.655825,False,220127000,FN 261 STJERNE,DNK,013ba7567-7f7c-5d39-c59b-1b6822c67083,2.3958484043067965,49.00720189714913,3.726788,9,,DK00FX113
690a822eef8b1b53391acef6c4a8458d,2026-09-01T17:49:50.000Z,2026-09-02T04:11:56.000Z,57.5784,10.7444,10.772719999999993,57.465445,10.735141666666664,57.66737333333333,False,220256000,CHARLOTTE P  FN 131,DNK,f9350d74d-d66f-c031-94cd-b0f227dd5a0f,2.4315151680599563,50.67126540938746,1.111949,10,,DK00FX113
bcca956c1466a7db941a30dd5958baac,2026-09-01T17:55:17.000Z,2026-09-02T04:08:17.000Z,57.6095,10.7376,10.815206666666654,57.486093333333336,10.683798333333328,57.690128333333334,False,219001522,SOREN STRANDBY,DNK,56e82f0b6-6312-ba1d-a4e2-6c8834dbd3d8,2.5510977973005238,51.04746410654913,2.988068,13,,DK00FX113
dc7ac27e5787d62bc0bdf3a2de8caa5c,2026-09-01T17:57:37.000Z,2026-09-02T04:27:55.000Z,57.5695,10.705,10.668125,57.448945,10.74868,57.65552666666667,False,220368000,O 159 RANDI,DNK,23b776e71-126f-9ab4-62f5-3dd2f3acef61,2.5060273970643134,52.17061059329758,2.302923,6,,DK00FX113
f69080c07c844df9c42dfae4cca0a428,2026-09-01T18:00:01.000Z,2026-09-01T22:36:21.000Z,57.6103,10.7255,10.68175,57.515051666666665,10.811313333333333,57.68478833333333,False,219003066,FN224 LAERKE VINTHER,DNK,e4e1b2fbf-fa41-ab51-bc90-da92977735d6,2.581467149340508,21.99989786676027,0,5,,DK00FX113
ac59b7fbdfee413e21557ba9d01f32bb,2026-09-01T18:12:53.000Z,2026-09-02T01:22:25.000Z,57.6194,10.7137,10.643016666666666,57.530566666666665,10.779366666666666,57.67413333333333,False,219005954,BELLA-EMIL,DNK,452637753-32e2-e9d8-8651-7e3396324805,2.4482269912746792,33.55901193223835,2.634341,4,,DK00FX113
d6cfa81cf964d512d6e251af3cad274b,2026-09-01T18:16:22.000Z,2026-09-01T23:35:09.000Z,57.5172,10.7607,10.782851666666659,57.410558333333334,10.750805000000014,57.60559666666666,False,219004119,FN 408 KENJA,DNK,a66a343a0-067b-549a-e066-e3fbe976aadd,2.3161417805538385,23.73840196037284,0.5989220000000001,13,,DK00FX113
75210d6e479294da260fbba1bf60b68b,2026-09-01T18:18:42.000Z,2026-09-01T23:08:11.000Z,57.5195,10.7643,10.755185,57.453685,10.779353333333333,57.566403333333334,False,219006301,FN 308 HELLE LOTTE,DNK,64130f509-9c27-c779-f4bc-cbfaa9ae6e0b,2.3230769770032555,21.209430101012664,3.335848,11,,DK00FX113
6c341afb09e2684f50713a39322a6da3,2026-09-01T18:18:51.000Z,2026-09-02T02:49:52.000Z,57.5763,10.7567,10.689818333333333,57.467575,10.812283333333333,57.63822166666667,False,220072000,R177 DUEODDE,DNK,438ea858e-e541-e793-8324-1972af53ee8e,2.4758993057038277,40.75444405230846,0.5979410000000001,6,,DK00FX113
c7031be56aaf62ab3f69cafaa10b9b4d,2026-09-01T18:24:18.000Z,2026-09-01T19:35:07.000Z,57.4941,10.7307,10.735016666666667,57.47147,10.722070000000002,57.517155,False,219006971,FN 220 IDA MARIE,DNK,3b71e97ba-a4ac-6fd8-ac1f-b3ced497dab4,2.4125000834465027,5.620656866730707,2.110296,8,,DK00FX113
bed15eee39401598ec9c97406d425d03,2026-09-01T20:31:06.000Z,2026-09-01T20:58:00.000Z,57.4284,10.7164,10.713366666666667,57.419533333333334,10.720705,57.436605,False,219006971,FN 220 IDA MARIE,DNK,3b71e97ba-a4ac-6fd8-ac1f-b3ced497dab4,2.3680000495910645,1.9544990837974259,2.993794,10,,DK00FX113
82c11400e347ef3ae7aade8cab44e89e,2026-09-01T22:31:16.000Z,2026-09-01T23:09:57.000Z,57.3463,10.735,10.732081666666666,57.333198333333335,10.736691666666667,57.35818166666667,False,219006971,FN 220 IDA MARIE,DNK,3b71e97ba-a4ac-6fd8-ac1f-b3ced497dab4,2.330434809560361,3.7919207999845543,9.213222,10,,DK00FX113
6821108ec97702f2958f012d0ee45b5b,2026-09-01T22:56:00.000Z,2026-09-01T23:59:08.000Z,57.6363,10.7202,10.71075,57.627066666666664,10.7339,57.658746666666666,False,219005956,STEPHANIE DALSOE,DNK,55d89b91d-d45c-b1c5-7535-608cc4d7d592,2.4137931322229322,2.218444287950528,1.629008,12,,DK00FX113
cb8c81fd420224c92c1c583079f179de,2026-09-01T23:09:11.000Z,2026-09-02T05:11:02.000Z,57.5824,10.7202,10.782376666666664,57.494463333333336,10.641453333333345,57.67687333333333,False,219003066,FN224 LAERKE VINTHER,DNK,e4e1b2fbf-fa41-ab51-bc90-da92977735d6,2.528928604189837,33.04872512198841,0.597614,10,,DK00FX113
9f45fdd82cfe9f9f77adf4cb45815cf8,2026-09-01T23:47:58.000Z,2026-09-02T03:14:00.000Z,57.4002,10.7151,10.686421666666666,57.32810333333333,10.755268333333333,57.44571333333333,False,219006971,FN 220 IDA MARIE,DNK,3b71e97ba-a4ac-6fd8-ac1f-b3ced497dab4,2.120979076498872,14.58596088712203,9.003445,10,,DK00FX113
2d02136ce640ac1c67dc14ef255beba1,2026-09-02T00:26:02.000Z,2026-09-02T01:10:02.000Z,57.5078,10.5373,10.523695,57.50324666666667,10.558441666666667,57.513043333333336,True,219006301,FN 308 HELLE LOTTE,DNK,64130f509-9c27-c779-f4bc-cbfaa9ae6e0b,1.8288889058762126,2.4758688523276113,1.262329,2,555543258;555557024;555522471,DK00FX113
4ac02f48f3c2654c44d33c7eb768a6ad,2026-09-02T00:41:30.000Z,2026-09-02T04:28:26.000Z,57.5281,10.7293,10.738304999999997,57.451278333333335,10.705475000000007,57.59905,False,219005956,STEPHANIE DALSOE,DNK,55d89b91d-d45c-b1c5-7535-608cc4d7d592,2.480319123952947,18.297762287183588,3.5441149999999997,9,,DK00FX113
76158a159622e177e2d307201a1f6904,2026-09-02T05:12:01.000Z,2026-09-02T06:32:01.000Z,57.5018,10.5365,10.53832833333334,57.49256666666667,10.535456666666676,57.510648333333336,True,220256000,CHARLOTTE P  FN 131,DNK,f9350d74d-d66f-c031-94cd-b0f227dd5a0f,0.8432098730110831,2.05095970157402,1.7928410000000001,2,555522471;67881;555538085;555543258;555557024,DK00FX113
aae71635574078c233e5cd37462b4227,2026-09-02T05:27:01.000Z,2026-09-02T06:58:01.000Z,57.5115,10.5611,10.543011666666667,57.50575,10.611238333333333,57.517825,True,219003066,FN224 LAERKE VINTHER,DNK,e4e1b2fbf-fa41-ab51-bc90-da92977735d6,1.9521739094153698,5.41777294586824,2.856264,3,555557024;555543258;555522471,DK00FX113
28b7430f6df1831e3692e678df85ac10,2026-09-02T05:39:17.000Z,2026-09-02T06:30:17.000Z,57.5017,10.5291,10.528311666666667,57.49814166666667,10.530051666666667,57.505943333333335,True,219001522,SOREN STRANDBY,DNK,56e82f0b6-6312-ba1d-a4e2-6c8834dbd3d8,0.6980769347686033,0.9778361472699224,1.632363,3,555543258;555522471;555557024,DK00FX113
782d98ae5bb2978e39ef655e0804ff9e,2026-09-02T06:10:03.000Z,2026-09-02T06:43:02.000Z,57.4958,10.5294,10.529013333333333,57.49272,10.530066666666666,57.498885,True,220368000,O 159 RANDI,DNK,23b776e71-126f-9ab4-62f5-3dd2f3acef61,0.6999999915852266,0.6895748718023889,1.195227,2,555522471;555557024;555538085;67881;555543258,DK00FX113
3e159fa9c1870d002f2fc1c2df2eba09,2026-09-02T17:53:56.000Z,2026-09-03T04:21:55.000Z,57.5565,10.739,10.75909999999999,57.44118,10.719650000000001,57.65580666666666,False,220368000,O 159 RANDI,DNK,23b776e71-126f-9ab4-62f5-3dd2f3acef61,2.5002624805518043,50.08115548115312,2.223899,11,,DK00FX113
4ae218a5bcf29f06f19f1737247691f4,2026-09-02T17:57:59.000Z,2026-09-02T21:23:02.000Z,57.5798,10.7614,10.746446666666667,57.50998833333333,10.808918333333333,57.63372,False,220072000,R177 DUEODDE,DNK,438ea858e-e541-e793-8324-1972af53ee8e,2.60860926899689,16.750586269299564,2.524581,9,,DK00FX113
3c23703d088e81ab71364c9338efc510,2026-09-02T17:59:55.000Z,2026-09-02T22:05:55.000Z,57.5712,10.6964,10.754586666666654,57.50204333333333,10.653713333333343,57.6145,False,219005954,BELLA-EMIL,DNK,452637753-32e2-e9d8-8651-7e3396324805,2.5826922960770458,20.32133090410833,1.632363,9,,DK00FX113
31eda00229f94eb410cc4d5199d72b30,2026-09-02T18:02:00.000Z,2026-09-02T21:46:00.000Z,57.5457,10.7466,10.770421666666664,57.461108333333335,10.730321666666669,57.62231666666667,False,219005956,STEPHANIE DALSOE,DNK,55d89b91d-d45c-b1c5-7535-608cc4d7d592,2.660406050948322,18.24515680589804,2.223899,10,,DK00FX113
8107d86140ba2c6a2fb15771268b25a5,2026-09-02T18:08:14.000Z,2026-09-02T23:04:02.000Z,57.5563,10.7644,10.749938333333333,57.45598666666667,10.795928333333332,57.643335,False,219904000,KATRINE O 111,DNK,1740995e6-623a-c1a5-cb82-31c353e8c37a,2.415202736451818,22.046524799310077,2.5250459999999997,9,,DK00FX113
63247cb3ad68e2ad58875b487df76648,2026-09-02T18:16:02.000Z,2026-09-02T20:18:01.000Z,57.4885,10.7294,10.73420333333334,57.44835166666667,10.726276666666678,57.52869666666667,False,219006301,FN 308 HELLE LOTTE,DNK,64130f509-9c27-c779-f4bc-cbfaa9ae6e0b,2.374226862622291,8.954135917748665,3.726788,9,,DK00FX113
5f39be890c237cc7e425ebe32a9b9023,2026-09-02T18:19:08.000Z,2026-09-03T04:34:00.000Z,57.5628,10.7466,10.712038333333334,57.459855,10.778161666666668,57.65121,False,219006971,FN 220 IDA MARIE,DNK,3b71e97ba-a4ac-6fd8-ac1f-b3ced497dab4,2.408450740683727,46.624032414719764,2.110713,7,,DK00FX113
698e201d64c81cf17aaf47f60c167805,2026-09-02T18:19:11.000Z,2026-09-02T22:53:22.000Z,57.589,10.7189,10.792948333333328,57.527993333333335,10.659128333333342,57.62944666666667,False,219003066,FN224 LAERKE VINTHER,DNK,e4e1b2fbf-fa41-ab51-bc90-da92977735d6,2.539370069353598,21.505710731662877,4.605421000000001,12,,DK00FX113
ea2754db385e05003a15f96efc6a361e,2026-09-02T20:48:02.000Z,2026-09-02T21:49:21.000Z,57.5663,10.7227,10.73309333333333,57.548806666666664,10.718118333333337,57.57917166666667,False,219006301,FN 308 HELLE LOTTE,DNK,64130f509-9c27-c779-f4bc-cbfaa9ae6e0b,2.5568182360042218,4.914029945813777,4.475983,10,,DK00FX113
951d7c1a52cef62fec25a855bfcc2dc1,2026-09-02T22:54:01.000Z,2026-09-03T04:56:02.000Z,57.5632,10.7543,10.719651666666667,57.446531666666665,10.800715,57.67118,False,219005956,STEPHANIE DALSOE,DNK,55d89b91d-d45c-b1c5-7535-608cc4d7d592,2.5514450791598744,30.534009589645184,3.266403,8,,DK00FX113
af9bd87a674e0de0cf2fe8958eae9ab5,2026-09-02T23:13:05.000Z,2026-09-03T04:26:00.000Z,57.5333,10.7663,10.756895,57.43671,10.792808333333333,57.637748333333334,False,219904000,KATRINE O 111,DNK,1740995e6-623a-c1a5-cb82-31c353e8c37a,2.428846167639279,23.5915092681969,2.223899,11,,DK00FX113
d566fcecaadc2392bfb2b9be034ae4d8,2026-09-02T23:14:04.000Z,2026-09-03T02:54:44.000Z,57.4904,10.7349,10.752289999999988,57.41981666666667,10.721785000000011,57.563536666666664,False,220072000,R177 DUEODDE,DNK,438ea858e-e541-e793-8324-1972af53ee8e,2.438345885814581,17.63375503957223,0.598759,12,,DK00FX113
b1974625178fc9b659cb7d932e65bd05,2026-09-02T23:20:03.000Z,2026-09-03T01:33:00.000Z,57.5078,10.7565,10.773211666666668,57.476055,10.745821666666671,57.55358833333333,False,219003066,FN224 LAERKE VINTHER,DNK,e4e1b2fbf-fa41-ab51-bc90-da92977735d6,2.266019393228789,11.125263022801986,0,10,,DK00FX113
d9ed6cbabfaa44d4ee7aa0c26bb89c93,2026-09-02T23:28:01.000Z,2026-09-03T00:57:12.000Z,57.4779,10.72,10.714128333333333,57.46648666666667,10.730143333333332,57.50557333333333,False,219006301,FN 308 HELLE LOTTE,DNK,64130f509-9c27-c779-f4bc-cbfaa9ae6e0b,1.6763889060045285,4.998560078034833,1.6328420000000001,7,,DK00FX113
db471a9eee052703d272b3eb21dda7f9,2026-09-03T05:44:00.000Z,2026-09-03T06:09:04.000Z,57.4978,10.5305,10.527801666666667,57.49360333333333,10.533801666666667,57.501756666666665,True,219904000,KATRINE O 111,DNK,1740995e6-623a-c1a5-cb82-31c353e8c37a,1.2923077023946319,0.9780709804079429,1.195227,2,555522471;67881;555538085;555557024;555543258,DK00FX113
e5cf375d31eaac849893a14300cbe238,2026-09-06T18:13:08.000Z,2026-09-06T18:48:02.000Z,57.4618,10.7485,10.761325,57.45087,10.737398333333346,57.47296166666667,False,219005956,STEPHANIE DALSOE,DNK,55d89b91d-d45c-b1c5-7535-608cc4d7d592,2.6600000040871756,2.859039671391728,3.335848,11,,DK00FX113
6b7fee0350785e209555b06f5644cdad,2026-09-06T18:21:06.000Z,2026-09-06T19:35:03.000Z,57.4735,10.7624,10.79487499999999,57.456975,10.725593000000003,57.490098,False,219009415,R254 KATRINE-KIM,DNK,cea1fec10-06e2-af1d-75bc-60c4a902f23a,2.4675000000000007,6.265567281155894,2.5250459999999997,12,,DK00FX113
326ae896181285de80d26ffa760c9417,2026-09-06T23:39:01.000Z,2026-09-07T04:07:01.000Z,57.5781,10.7345,10.79485166666666,57.49084666666667,10.721288333333348,57.65188,False,219003066,FN224 LAERKE VINTHER,DNK,e4e1b2fbf-fa41-ab51-bc90-da92977735d6,2.405533639338648,19.841572639699386,1.195227,11,,DK00FX113
80c30b0782002ba9f2ba4a05f30dda4f,2026-09-08T00:41:05.000Z,2026-09-08T01:57:05.000Z,57.5571,10.7662,10.770871666666665,57.530435,10.762243333333345,57.58360166666667,False,220295000,HM 126 LILLEHOLM,DNK,4ae3b220c-caa9-4930-dba5-c004a9c3c0be,2.5246753011431005,5.937903584671111,4.447797,11,,DK00FX113
ca6098e8ef43d062131b79ec4d04caf4,2026-09-12T08:53:53.000Z,2026-09-12T10:56:59.000Z,57.3567,10.57,10.584248000000002,57.34893,10.558127000000013,57.36714,False,219025465,MERLE,DNK,e520a7fe0-0681-4554-1ab8-dbf879512e52,1.737254901960784,5.425199285197683,3.272155,4,,DK00FX113
