site_code,site_label,mission,product_name,acq_start,cloud_pct
DK00FX113,"Hirsholmene, Kattegat",S1,S1C_IW_GRDH_1SDV_20250915T170917_20250915T170942_004138_008389_8548.SAFE,2025-09-15T17:09:17.429000Z,
DK00FX113,"Hirsholmene, Kattegat",S1,S1A_IW_GRDH_1SDV_20250916T170150_20250916T170215_061016_079A44_9FBC.SAFE,2025-09-16T17:01:50.707945Z,
DK00FX113,"Hirsholmene, Kattegat",S1,S1C_IW_GRDH_1SDV_20250917T053938_20250917T054003_004160_00842D_48DD.SAFE,2025-09-17T05:39:38.422000Z,
DK00FX113,"Hirsholmene, Kattegat",S1,S1C_IW_GRDH_1SDV_20250917T165258_20250917T165323_004167_008466_3120.SAFE,2025-09-17T16:52:58.930000Z,
DK00FX113,"Hirsholmene, Kattegat",S1,S1A_IW_GRDH_1SDV_20250918T053215_20250918T053240_061038_079B2F_5FA9.SAFE,2025-09-18T05:32:15.825575Z,
DK00FX113,"Hirsholmene, Kattegat",S1,S1A_IW_GRDH_1SDV_20250921T171008_20250921T171033_061089_079D36_C1BF.SAFE,2025-09-21T17:10:08.254870Z,
DK00FX113,"Hirsholmene, Kattegat",S1,S1C_IW_GRDH_1SDV_20250922T170103_20250922T170128_004240_008699_2AF5.SAFE,2025-09-22T17:01:03.387000Z,
DK00FX113,"Hirsholmene, Kattegat",S1,S1A_IW_GRDH_1SDV_20250923T054038_20250923T054103_061111_079E0E_7D48.SAFE,2025-09-23T05:40:38.695741Z,
DK00FX113,"Hirsholmene, Kattegat",S1,S1A_IW_GRDH_1SDV_20250923T165341_20250923T165406_061118_079E59_3D4D.SAFE,2025-09-23T16:53:41.137644Z,
DK00FX113,"Hirsholmene, Kattegat",S1,S1C_IW_GRDH_1SDV_20250924T053124_20250924T053149_004262_008748_C9E1.SAFE,2025-09-24T05:31:24.080000Z,
DK00FX113,"Hirsholmene, Kattegat",S1,S1C_IW_GRDH_1SDV_20250927T170917_20250927T170942_004313_0088D8_8CED.SAFE,2025-09-27T17:09:17.519000Z,
DK00FX113,"Hirsholmene, Kattegat",S1,S1A_IW_GRDH_1SDV_20250928T170150_20250928T170215_061191_07A14F_9324.SAFE,2025-09-28T17:01:50.977310Z,
DK00FX113,"Hirsholmene, Kattegat",S1,S1C_IW_GRDH_1SDV_20250929T053938_20250929T054003_004335_008987_D3AA.SAFE,2025-09-29T05:39:38.613000Z,
DK00FX113,"Hirsholmene, Kattegat",S1,S1C_IW_GRDH_1SDV_20250929T165259_20250929T165324_004342_0089C0_3387.SAFE,2025-09-29T16:52:59.053000Z,
DK00FX113,"Hirsholmene, Kattegat",S1,S1A_IW_GRDH_1SDV_20250930T053215_20250930T053240_061213_07A23B_6856.SAFE,2025-09-30T05:32:15.921170Z,
DK00FX113,"Hirsholmene, Kattegat",S1,S1A_IW_GRDH_1SDV_20251003T171008_20251003T171033_061264_07A44B_B9E6.SAFE,2025-10-03T17:10:08.082489Z,
DK00FX113,"Hirsholmene, Kattegat",S1,S1C_IW_GRDH_1SDV_20251004T170103_20251004T170128_004415_008BF0_17BB.SAFE,2025-10-04T17:01:03.396000Z,
DK00FX113,"Hirsholmene, Kattegat",S1,S1A_IW_GRDH_1SDV_20251005T054038_20251005T054103_061286_07A523_999D.SAFE,2025-10-05T05:40:38.846457Z,
DK00FX113,"Hirsholmene, Kattegat",S1,S1A_IW_GRDH_1SDV_20251005T165341_20251005T165406_061293_07A572_CB06.SAFE,2025-10-05T16:53:41.427915Z,
DK00FX113,"Hirsholmene, Kattegat",S1,S1C_IW_GRDH_1SDV_20251006T053124_20251006T053149_004437_008CA2_CE45.SAFE,2025-10-06T05:31:24.501000Z,
DK00FX113,"Hirsholmene, Kattegat",S1,S1C_IW_GRDH_1SDV_20251009T170917_20251009T170942_004488_008E29_5645.SAFE,2025-10-09T17:09:17.992000Z,
DK00FX113,"Hirsholmene, Kattegat",S1,S1A_IW_GRDH_1SDV_20251010T170151_20251010T170216_061366_07A85D_464E.SAFE,2025-10-10T17:01:51.627601Z,
DK00FX113,"Hirsholmene, Kattegat",S1,S1C_IW_GRDH_1SDV_20251011T053938_20251011T054003_004510_008ED9_F09B.SAFE,2025-10-11T05:39:38.823000Z,
DK00FX113,"Hirsholmene, Kattegat",S1,S1C_IW_GRDH_1SDV_20251011T165259_20251011T165324_004517_008F11_5D41.SAFE,2025-10-11T16:52:59.277000Z,
DK00FX113,"Hirsholmene, Kattegat",S1,S1A_IW_GRDH_1SDV_20251012T053216_20251012T053241_061388_07A946_BB6D.SAFE,2025-10-12T05:32:16.556785Z,
DK00FX113,"Hirsholmene, Kattegat",S1,S1A_IW_GRDH_1SDV_20251015T171008_20251015T171033_061439_07AB55_BE67.SAFE,2025-10-15T17:10:08.455430Z,
DK00FX113,"Hirsholmene, Kattegat",S1,S1C_IW_GRDH_1SDV_20251016T170103_20251016T170128_004590_00913B_2748.SAFE,2025-10-16T17:01:03.557000Z,
DK00FX113,"Hirsholmene, Kattegat",S1,S1A_IW_GRDH_1SDV_20251017T054039_20251017T054104_061461_07AC2A_1955.SAFE,2025-10-17T05:40:39.004422Z,
DK00FX113,"Hirsholmene, Kattegat",S1,S1A_IW_GRDH_1SDV_20251017T165341_20251017T165406_061468_07AC77_DCE1.SAFE,2025-10-17T16:53:41.486592Z,
DK00FX113,"Hirsholmene, Kattegat",S1,S1C_IW_GRDH_1SDV_20251018T053124_20251018T053149_004612_0091EF_EB8D.SAFE,2025-10-18T05:31:24.493000Z,
DK00FX113,"Hirsholmene, Kattegat",S1,S1C_IW_GRDH_1SDV_20251021T170917_20251021T170942_004663_009378_2C70.SAFE,2025-10-21T17:09:17.788000Z,
DK00FX113,"Hirsholmene, Kattegat",S1,S1A_IW_GRDH_1SDV_20251022T170151_20251022T170216_061541_07AF69_027F.SAFE,2025-10-22T17:01:51.112220Z,
DK00FX113,"Hirsholmene, Kattegat",S1,S1C_IW_GRDH_1SDV_20251023T053938_20251023T054003_004685_009421_EDA9.SAFE,2025-10-23T05:39:38.747000Z,
DK00FX113,"Hirsholmene, Kattegat",S1,S1C_IW_GRDH_1SDV_20251023T165259_20251023T165324_004692_00945B_50EE.SAFE,2025-10-23T16:52:59.170000Z,
DK00FX113,"Hirsholmene, Kattegat",S1,S1A_IW_GRDH_1SDV_20251024T053216_20251024T053241_061563_07B04C_8C95.SAFE,2025-10-24T05:32:16.042464Z,
DK00FX113,"Hirsholmene, Kattegat",S1,S1A_IW_GRDH_1SDV_20251027T171008_20251027T171033_061614_07B25B_58B9.SAFE,2025-10-27T17:10:08.167491Z,
DK00FX113,"Hirsholmene, Kattegat",S1,S1C_IW_GRDH_1SDV_20251028T170103_20251028T170128_004765_009686_AF62.SAFE,2025-10-28T17:01:03.236000Z,
DK00FX113,"Hirsholmene, Kattegat",S1,S1A_IW_GRDH_1SDV_20251029T054038_20251029T054103_061636_07B333_A648.SAFE,2025-10-29T05:40:38.617748Z,
DK00FX113,"Hirsholmene, Kattegat",S1,S1A_IW_GRDH_1SDV_20251029T165341_20251029T165406_061643_07B382_17E8.SAFE,2025-10-29T16:53:41.137789Z,
DK00FX113,"Hirsholmene, Kattegat",S1,S1C_IW_GRDH_1SDV_20251030T053124_20251030T053149_004787_009742_6A1A.SAFE,2025-10-30T05:31:24.141000Z,
DK00FX113,"Hirsholmene, Kattegat",S1,S1C_IW_GRDH_1SDV_20251102T170917_20251102T170942_004838_0098F6_8289.SAFE,2025-11-02T17:09:17.666000Z,
DK00FX113,"Hirsholmene, Kattegat",S1,S1A_IW_GRDH_1SDV_20251103T170150_20251103T170215_061716_07B657_CD72.SAFE,2025-11-03T17:01:50.887601Z,
DK00FX113,"Hirsholmene, Kattegat",S1,S1C_IW_GRDH_1SDV_20251104T053938_20251104T054003_004860_0099AE_C67C.SAFE,2025-11-04T05:39:38.614000Z,
DK00FX113,"Hirsholmene, Kattegat",S1,S1C_IW_GRDH_1SDV_20251104T165259_20251104T165324_004867_0099F2_194B.SAFE,2025-11-04T16:52:59.012000Z,
DK00FX113,"Hirsholmene, Kattegat",S1,S1A_IW_GRDH_1SDV_20251105T053215_20251105T053240_061738_07B73C_DFB7.SAFE,2025-11-05T05:32:15.737319Z,
DK00FX113,"Hirsholmene, Kattegat",S1,S1A_IW_GRDH_1SDV_20251108T171007_20251108T171032_061789_07B934_7A0F.SAFE,2025-11-08T17:10:07.612290Z,
DK00FX113,"Hirsholmene, Kattegat",S1,S1C_IW_GRDH_1SDV_20251109T170102_20251109T170127_004940_009C5B_DBB0.SAFE,2025-11-09T17:01:02.973000Z,
DK00FX113,"Hirsholmene, Kattegat",S1,S1A_IW_GRDH_1SDV_20251110T054038_20251110T054103_061811_07BA09_AB39.SAFE,2025-11-10T05:40:38.104100Z,
DK00FX113,"Hirsholmene, Kattegat",S1,S1A_IW_GRDH_1SDV_20251110T165340_20251110T165405_061818_07BA52_8ED2.SAFE,2025-11-10T16:53:40.564111Z,
DK00FX113,"Hirsholmene, Kattegat",S1,S1C_IW_GRDH_1SDV_20251111T053123_20251111T053148_004962_009D0E_CD2B.SAFE,2025-11-11T05:31:23.732000Z,
DK00FX113,"Hirsholmene, Kattegat",S1,S1C_IW_GRDH_1SDV_20251114T170916_20251114T170941_005013_009EC3_6176.SAFE,2025-11-14T17:09:16.730000Z,
DK00FX113,"Hirsholmene, Kattegat",S1,S1A_IW_GRDH_1SDV_20251115T170149_20251115T170214_061891_07BD1E_99AE.SAFE,2025-11-15T17:01:49.974801Z,
DK00FX113,"Hirsholmene, Kattegat",S1,S1C_IW_GRDH_1SDV_20251116T053937_20251116T054002_005035_009F87_B200.SAFE,2025-11-16T05:39:37.943000Z,
DK00FX113,"Hirsholmene, Kattegat",S1,S1C_IW_GRDH_1SDV_20251116T165258_20251116T165323_005042_009FCD_69EF.SAFE,2025-11-16T16:52:58.440000Z,
DK00FX113,"Hirsholmene, Kattegat",S1,S1A_IW_GRDH_1SDV_20251120T171007_20251120T171032_061964_07C000_0404.SAFE,2025-11-20T17:10:07.313223Z,
DK00FX113,"Hirsholmene, Kattegat",S1,S1C_IW_GRDH_1SDV_20251121T170102_20251121T170127_005115_00A23B_D77B.SAFE,2025-11-21T17:01:02.507000Z,
DK00FX113,"Hirsholmene, Kattegat",S1,S1A_IW_GRDH_1SDV_20251122T054037_20251122T054102_061986_07C0D6_EB54.SAFE,2025-11-22T05:40:37.692535Z,
DK00FX113,"Hirsholmene, Kattegat",S1,S1A_IW_GRDH_1SDV_20251122T165340_20251122T165405_061993_07C123_9787.SAFE,2025-11-22T16:53:40.107006Z,
DK00FX113,"Hirsholmene, Kattegat",S1,S1C_IW_GRDH_1SDV_20251123T053123_20251123T053148_005137_00A2F8_2F85.SAFE,2025-11-23T05:31:23.281000Z,
DK00FX113,"Hirsholmene, Kattegat",S1,S1C_IW_GRDH_1SDV_20251126T170916_20251126T170941_005188_00A4AE_0FAD.SAFE,2025-11-26T17:09:16.507000Z,
DK00FX113,"Hirsholmene, Kattegat",S1,S1A_IW_GRDH_1SDV_20251127T170149_20251127T170214_062066_07C3F7_1FFC.SAFE,2025-11-27T17:01:49.137180Z,
DK00FX113,"Hirsholmene, Kattegat",S1,S1C_IW_GRDH_1SDV_20251128T053937_20251128T054002_005210_00A568_6C5D.SAFE,2025-11-28T05:39:37.494000Z,
DK00FX113,"Hirsholmene, Kattegat",S1,S1C_IW_GRDH_1SDV_20251128T165257_20251128T165322_005217_00A5AD_AB85.SAFE,2025-11-28T16:52:57.891000Z,
DK00FX113,"Hirsholmene, Kattegat",S1,S1A_IW_GRDH_1SDV_20251129T053214_20251129T053238_062088_07C4D8_E238.SAFE,2025-11-29T05:32:14.000875Z,
DK00FX113,"Hirsholmene, Kattegat",S1,S1C_IW_GRDH_1SDV_20251203T170102_20251203T170127_005290_00A81D_B2D0.SAFE,2025-12-03T17:01:02.105000Z,
DK00FX113,"Hirsholmene, Kattegat",S1,S1A_IW_GRDH_1SDV_20251204T054036_20251204T054101_062161_07C7AC_0B75.SAFE,2025-12-04T05:40:36.366926Z,
DK00FX113,"Hirsholmene, Kattegat",S1,S1A_IW_GRDH_1SDV_20251204T165338_20251204T165403_062168_07C7FB_C2BD.SAFE,2025-12-04T16:53:38.755646Z,
DK00FX113,"Hirsholmene, Kattegat",S1,S1C_IW_GRDH_1SDV_20251205T053121_20251205T053146_005312_00A8E3_1AAB.SAFE,2025-12-05T05:31:21.003000Z,
DK00FX113,"Hirsholmene, Kattegat",S1,S1C_IW_GRDH_1SDV_20251208T170915_20251208T170940_005363_00AA9F_6643.SAFE,2025-12-08T17:09:15.996000Z,
DK00FX113,"Hirsholmene, Kattegat",S1,S1A_IW_GRDH_1SDV_20251209T170148_20251209T170213_062241_07CAD4_EC82.SAFE,2025-12-09T17:01:48.074036Z,
DK00FX113,"Hirsholmene, Kattegat",S1,S1C_IW_GRDH_1SDV_20251210T053936_20251210T054001_005385_00AB6C_E62F.SAFE,2025-12-10T05:39:36.951000Z,
DK00FX113,"Hirsholmene, Kattegat",S1,S1C_IW_GRDH_1SDV_20251210T165257_20251210T165322_005392_00ABB0_93DE.SAFE,2025-12-10T16:52:57.401000Z,
DK00FX113,"Hirsholmene, Kattegat",S1,S1A_IW_GRDH_1SDV_20251211T053213_20251211T053238_062263_07CBAB_FEC8.SAFE,2025-12-11T05:32:13.017967Z,
DK00FX113,"Hirsholmene, Kattegat",S1,S1A_IW_GRDH_1SDV_20251214T171004_20251214T171029_062314_07CDAC_E7F9.SAFE,2025-12-14T17:10:04.941376Z,
DK00FX113,"Hirsholmene, Kattegat",S1,S1C_IW_GRDH_1SDV_20251215T170101_20251215T170126_005465_00AE22_9092.SAFE,2025-12-15T17:01:01.583000Z,
DK00FX113,"Hirsholmene, Kattegat",S1,S1A_IW_GRDH_1SDV_20251216T054035_20251216T054100_062336_07CE83_D02C.SAFE,2025-12-16T05:40:35.329167Z,
DK00FX113,"Hirsholmene, Kattegat",S1,S1A_IW_GRDH_1SDV_20251216T165337_20251216T165402_062343_07CED0_4921.SAFE,2025-12-16T16:53:37.741559Z,
DK00FX113,"Hirsholmene, Kattegat",S1,S1C_IW_GRDH_1SDV_20251217T053122_20251217T053147_005487_00AEDF_EDF0.SAFE,2025-12-17T05:31:22.322000Z,
DK00FX113,"Hirsholmene, Kattegat",S1,S1C_IW_GRDH_1SDV_20251220T170915_20251220T170940_005538_00B096_6CC8.SAFE,2025-12-20T17:09:15.371000Z,
DK00FX113,"Hirsholmene, Kattegat",S1,S1A_IW_GRDH_1SDV_20251221T170146_20251221T170211_062416_07D199_5FE9.SAFE,2025-12-21T17:01:46.779423Z,
DK00FX113,"Hirsholmene, Kattegat",S1,S1C_IW_GRDH_1SDV_20251222T053936_20251222T054001_005560_00B165_A8B8.SAFE,2025-12-22T05:39:36.292000Z,
DK00FX113,"Hirsholmene, Kattegat",S1,S1C_IW_GRDH_1SDV_20251222T165256_20251222T165321_005567_00B1AC_1C8E.SAFE,2025-12-22T16:52:56.664000Z,
DK00FX113,"Hirsholmene, Kattegat",S1,S1A_IW_GRDH_1SDV_20251223T053211_20251223T053236_062438_07D27E_3AF1.SAFE,2025-12-23T05:32:11.541210Z,
DK00FX113,"Hirsholmene, Kattegat",S1,S1A_IW_GRDH_1SDV_20251226T171003_20251226T171028_062489_07D47A_F132.SAFE,2025-12-26T17:10:03.455800Z,
DK00FX113,"Hirsholmene, Kattegat",S1,S1C_IW_GRDH_1SDV_20251227T170100_20251227T170125_005640_00B427_BCCB.SAFE,2025-12-27T17:01:00.625000Z,
DK00FX113,"Hirsholmene, Kattegat",S1,S1A_IW_GRDH_1SDV_20251228T054033_20251228T054058_062511_07D550_5948.SAFE,2025-12-28T05:40:33.908330Z,
DK00FX113,"Hirsholmene, Kattegat",S1,S1A_IW_GRDH_1SDV_20251228T165336_20251228T165401_062518_07D598_6FC8.SAFE,2025-12-28T16:53:36.339337Z,
DK00FX113,"Hirsholmene, Kattegat",S1,S1C_IW_GRDH_1SDV_20251229T053121_20251229T053146_005662_00B4EC_2A04.SAFE,2025-12-29T05:31:21.495000Z,
DK00FX113,"Hirsholmene, Kattegat",S1,S1C_IW_GRDH_1SDV_20260101T170914_20260101T170939_005713_00B6A4_A23D.SAFE,2026-01-01T17:09:14.754000Z,
DK00FX113,"Hirsholmene, Kattegat",S1,S1A_IW_GRDH_1SDV_20260102T170145_20260102T170210_062591_07D85F_8C74.SAFE,2026-01-02T17:01:45.574969Z,
DK00FX113,"Hirsholmene, Kattegat",S1,S1C_IW_GRDH_1SDV_20260103T053935_20260103T054000_005735_00B76A_0185.SAFE,2026-01-03T05:39:35.667000Z,
DK00FX113,"Hirsholmene, Kattegat",S1,S1C_IW_GRDH_1SDV_20260103T165256_20260103T165321_005742_00B7AF_5C12.SAFE,2026-01-03T16:52:56.094000Z,
DK00FX113,"Hirsholmene, Kattegat",S1,S1A_IW_GRDH_1SDV_20260104T053210_20260104T053235_062613_07D93E_D0A3.SAFE,2026-01-04T05:32:10.473503Z,
DK00FX113,"Hirsholmene, Kattegat",S1,S1A_IW_GRDH_1SDV_20260107T171002_20260107T171027_062664_07DB3A_9874.SAFE,2026-01-07T17:10:02.269682Z,
DK00FX113,"Hirsholmene, Kattegat",S1,S1C_IW_GRDH_1SDV_20260108T170100_20260108T170125_005815_00BA33_906C.SAFE,2026-01-08T17:01:00.113000Z,
DK00FX113,"Hirsholmene, Kattegat",S1,S1A_IW_GRDH_1SDV_20260109T054032_20260109T054057_062686_07DC0E_AFFF.SAFE,2026-01-09T05:40:32.645256Z,
DK00FX113,"Hirsholmene, Kattegat",S1,S1A_IW_GRDH_1SDV_20260109T165335_20260109T165400_062693_07DC56_EAE6.SAFE,2026-01-09T16:53:35.053350Z,
DK00FX113,"Hirsholmene, Kattegat",S1,S1C_IW_GRDH_1SDV_20260110T053120_20260110T053145_005837_00BAFE_3C9C.SAFE,2026-01-10T05:31:20.877000Z,
DK00FX113,"Hirsholmene, Kattegat",S1,S1C_IW_GRDH_1SDV_20260113T170914_20260113T170939_005888_00BCCF_2139.SAFE,2026-01-13T17:09:14.317000Z,
DK00FX113,"Hirsholmene, Kattegat",S1,S1A_IW_GRDH_1SDV_20260114T170144_20260114T170209_062766_07DF1B_14B1.SAFE,2026-01-14T17:01:44.618567Z,
DK00FX113,"Hirsholmene, Kattegat",S1,S1C_IW_GRDH_1SDV_20260115T053935_20260115T054000_005910_00BD93_569A.SAFE,2026-01-15T05:39:35.330000Z,
DK00FX113,"Hirsholmene, Kattegat",S1,S1C_IW_GRDH_1SDV_20260115T165255_20260115T165320_005917_00BDDE_A613.SAFE,2026-01-15T16:52:55.762000Z,
DK00FX113,"Hirsholmene, Kattegat",S1,S1A_IW_GRDH_1SDV_20260116T053209_20260116T053234_062788_07E001_02F3.SAFE,2026-01-16T05:32:09.464510Z,
DK00FX113,"Hirsholmene, Kattegat",S1,S1A_IW_GRDH_1SDV_20260119T171001_20260119T171026_062839_07E1F9_332A.SAFE,2026-01-19T17:10:01.234654Z,
DK00FX113,"Hirsholmene, Kattegat",S1,S1C_IW_GRDH_1SDV_20260120T170059_20260120T170124_005990_00C040_A069.SAFE,2026-01-20T17:00:59.682000Z,
DK00FX113,"Hirsholmene, Kattegat",S1,S1A_IW_GRDH_1SDV_20260121T054031_20260121T054056_062861_07E2A0_7987.SAFE,2026-01-21T05:40:31.436047Z,
DK00FX113,"Hirsholmene, Kattegat",S1,S1A_IW_GRDH_1SDV_20260121T165333_20260121T165358_062868_07E2DF_A49F.SAFE,2026-01-21T16:53:33.842242Z,
DK00FX113,"Hirsholmene, Kattegat",S1,S1C_IW_GRDH_1SDV_20260122T053120_20260122T053145_006012_00C0DA_3FA5.SAFE,2026-01-22T05:31:20.249000Z,
DK00FX113,"Hirsholmene, Kattegat",S1,S1C_IW_GRDH_1SDV_20260125T170913_20260125T170938_006063_00C28A_6CCB.SAFE,2026-01-25T17:09:13.561000Z,
DK00FX113,"Hirsholmene, Kattegat",S1,S1A_IW_GRDH_1SDV_20260126T170143_20260126T170208_062941_07E56C_BC58.SAFE,2026-01-26T17:01:43.656446Z,
DK00FX113,"Hirsholmene, Kattegat",S1,S1C_IW_GRDH_1SDV_20260127T053934_20260127T053959_006085_00C345_A529.SAFE,2026-01-27T05:39:34.773000Z,
DK00FX113,"Hirsholmene, Kattegat",S1,S1C_IW_GRDH_1SDV_20260127T165255_20260127T165320_006092_00C38B_E7EC.SAFE,2026-01-27T16:52:55.237000Z,
DK00FX113,"Hirsholmene, Kattegat",S1,S1A_IW_GRDH_1SDV_20260128T053208_20260128T053233_062963_07E649_A7A8.SAFE,2026-01-28T05:32:08.780080Z,
DK00FX113,"Hirsholmene, Kattegat",S1,S1A_IW_GRDH_1SDV_20260131T171000_20260131T171025_063014_07E836_37BA.SAFE,2026-01-31T17:10:00.831397Z,
DK00FX113,"Hirsholmene, Kattegat",S1,S1C_IW_GRDH_1SDV_20260201T170059_20260201T170124_006165_00C5FC_C767.SAFE,2026-02-01T17:00:59.293000Z,
DK00FX113,"Hirsholmene, Kattegat",S1,S1A_IW_GRDH_1SDV_20260202T054031_20260202T054056_063036_07E90C_F495.SAFE,2026-02-02T05:40:31.139163Z,
DK00FX113,"Hirsholmene, Kattegat",S1,S1A_IW_GRDH_1SDV_20260202T165333_20260202T165358_063043_07E954_E902.SAFE,2026-02-02T16:53:33.540018Z,
DK00FX113,"Hirsholmene, Kattegat",S1,S1C_IW_GRDH_1SDV_20260203T053119_20260203T053144_006187_00C6B7_7465.SAFE,2026-02-03T05:31:19.577000Z,
DK00FX113,"Hirsholmene, Kattegat",S1,S1C_IW_GRDH_1SDV_20260206T170913_20260206T170938_006238_00C873_F354.SAFE,2026-02-06T17:09:13.620000Z,
DK00FX113,"Hirsholmene, Kattegat",S1,S1A_IW_GRDH_1SDV_20260207T170142_20260207T170207_063116_07EC04_4FF5.SAFE,2026-02-07T17:01:42.938993Z,
DK00FX113,"Hirsholmene, Kattegat",S1,S1C_IW_GRDH_1SDV_20260208T053934_20260208T053959_006260_00C930_6068.SAFE,2026-02-08T05:39:34.579000Z,
DK00FX113,"Hirsholmene, Kattegat",S1,S1C_IW_GRDH_1SDV_20260208T165254_20260208T165319_006267_00C97B_5FB8.SAFE,2026-02-08T16:52:54.996000Z,
DK00FX113,"Hirsholmene, Kattegat",S1,S1A_IW_GRDH_1SDV_20260209T053207_20260209T053232_063138_07ECD9_4713.SAFE,2026-02-09T05:32:07.972936Z,
DK00FX113,"Hirsholmene, Kattegat",S1,S1A_IW_GRDH_1SDV_20260212T170959_20260212T171024_063189_07EEB9_1333.SAFE,2026-02-12T17:09:59.990341Z,
DK00FX113,"Hirsholmene, Kattegat",S1,S1C_IW_GRDH_1SDV_20260213T170058_20260213T170123_006340_00CBFF_B46E.SAFE,2026-02-13T17:00:58.924000Z,
DK00FX113,"Hirsholmene, Kattegat",S1,S1A_IW_GRDH_1SDV_20260214T054030_20260214T054055_063211_07EF89_4250.SAFE,2026-02-14T05:40:30.332052Z,
DK00FX113,"Hirsholmene, Kattegat",S1,S1A_IW_GRDH_1SDV_20260214T165332_20260214T165357_063218_07EFCF_F9E1.SAFE,2026-02-14T16:53:32.808950Z,
DK00FX113,"Hirsholmene, Kattegat",S1,S1C_IW_GRDH_1SDV_20260215T053119_20260215T053144_006362_00CCC4_04AE.SAFE,2026-02-15T05:31:19.730000Z,
DK00FX113,"Hirsholmene, Kattegat",S1,S1C_IW_GRDH_1SDV_20260218T170912_20260218T170937_006413_00CE8B_877F.SAFE,2026-02-18T17:09:12.984000Z,
DK00FX113,"Hirsholmene, Kattegat",S1,S1A_IW_GRDH_1SDV_20260219T170142_20260219T170207_063291_07F290_EA9B.SAFE,2026-02-19T17:01:42.385178Z,
DK00FX113,"Hirsholmene, Kattegat",S1,S1C_IW_GRDH_1SDV_20260220T053934_20260220T053959_006435_00CF4C_06CF.SAFE,2026-02-20T05:39:34.000000Z,
DK00FX113,"Hirsholmene, Kattegat",S1,S1C_IW_GRDH_1SDV_20260220T165254_20260220T165319_006442_00CF99_07C0.SAFE,2026-02-20T16:52:54.433000Z,
DK00FX113,"Hirsholmene, Kattegat",S1,S1A_IW_GRDH_1SDV_20260221T053207_20260221T053232_063313_07F369_76CC.SAFE,2026-02-21T05:32:07.367335Z,
DK00FX113,"Hirsholmene, Kattegat",S1,S1A_IW_GRDH_1SDV_20260224T170959_20260224T171024_063364_07F565_2243.SAFE,2026-02-24T17:09:59.624115Z,
DK00FX113,"Hirsholmene, Kattegat",S1,S1C_IW_GRDH_1SDV_20260225T170058_20260225T170123_006515_00D213_9459.SAFE,2026-02-25T17:00:58.874000Z,
DK00FX113,"Hirsholmene, Kattegat",S1,S1A_IW_GRDH_1SDV_20260226T054030_20260226T054055_063386_07F635_7315.SAFE,2026-02-26T05:40:30.138827Z,
DK00FX113,"Hirsholmene, Kattegat",S1,S1A_IW_GRDH_1SDV_20260226T165332_20260226T165357_063393_07F67F_30C4.SAFE,2026-02-26T16:53:32.617932Z,
DK00FX113,"Hirsholmene, Kattegat",S1,S1C_IW_GRDH_1SDV_20260227T053119_20260227T053144_006537_00D2DA_5F32.SAFE,2026-02-27T05:31:19.695000Z,
DK00FX113,"Hirsholmene, Kattegat",S1,S1C_IW_GRDH_1SDV_20260302T170913_20260302T170938_006588_00D4A1_1D20.SAFE,2026-03-02T17:09:13.026000Z,
DK00FX113,"Hirsholmene, Kattegat",S1,S1A_IW_GRDH_1SDV_20260303T170142_20260303T170207_063466_07F940_E9C7.SAFE,2026-03-03T17:01:42.105293Z,
DK00FX113,"Hirsholmene, Kattegat",S1,S1C_IW_GRDH_1SDV_20260304T053933_20260304T053958_006610_00D562_8D5F.SAFE,2026-03-04T05:39:33.929000Z,
DK00FX113,"Hirsholmene, Kattegat",S1,S1C_IW_GRDH_1SDV_20260304T165254_20260304T165319_006617_00D5AD_E13B.SAFE,2026-03-04T16:52:54.417000Z,
DK00FX113,"Hirsholmene, Kattegat",S1,S1A_IW_GRDH_1SDV_20260305T053207_20260305T053232_063488_07FA14_0851.SAFE,2026-03-05T05:32:07.164392Z,
DK00FX113,"Hirsholmene, Kattegat",S1,S1A_IW_GRDH_1SDV_20260308T170959_20260308T171024_063539_07FC09_09BA.SAFE,2026-03-08T17:09:59.610621Z,
DK00FX113,"Hirsholmene, Kattegat",S1,S1C_IW_GRDH_1SDV_20260309T170059_20260309T170124_006690_00D813_DDA0.SAFE,2026-03-09T17:00:59.041000Z,
DK00FX113,"Hirsholmene, Kattegat",S1,S1A_IW_GRDH_1SDV_20260310T054030_20260310T054055_063561_07FCD9_ABE9.SAFE,2026-03-10T05:40:30.168249Z,
DK00FX113,"Hirsholmene, Kattegat",S1,S1A_IW_GRDH_1SDV_20260310T165332_20260310T165357_063568_07FD23_275F.SAFE,2026-03-10T16:53:32.656164Z,
DK00FX113,"Hirsholmene, Kattegat",S1,S1C_IW_GRDH_1SDV_20260311T053119_20260311T053144_006712_00D8DB_F1A7.SAFE,2026-03-11T05:31:19.887000Z,
DK00FX113,"Hirsholmene, Kattegat",S1,S1C_IW_GRDH_1SDV_20260314T170913_20260314T170938_006763_00DAA2_4C19.SAFE,2026-03-14T17:09:13.350000Z,
DK00FX113,"Hirsholmene, Kattegat",S1,S1A_IW_GRDH_1SDV_20260315T170142_20260315T170207_063641_07FFE0_40F9.SAFE,2026-03-15T17:01:42.359419Z,
DK00FX113,"Hirsholmene, Kattegat",S1,S1C_IW_GRDH_1SDV_20260316T053934_20260316T053959_006785_00DB62_D727.SAFE,2026-03-16T05:39:34.336000Z,
DK00FX113,"Hirsholmene, Kattegat",S1,S1C_IW_GRDH_1SDV_20260316T165254_20260316T165319_006792_00DBA6_1900.SAFE,2026-03-16T16:52:54.762376Z,
DK00FX113,"Hirsholmene, Kattegat",S1,S1A_IW_GRDH_1SDV_20260317T053207_20260317T053232_063663_0800AA_BF29.SAFE,2026-03-17T05:32:07.262475Z,
DK00FX113,"Hirsholmene, Kattegat",S1,S1A_IW_GRDH_1SDV_20260320T170959_20260320T171024_063714_080295_E18F.SAFE,2026-03-20T17:09:59.572595Z,
DK00FX113,"Hirsholmene, Kattegat",S1,S1C_IW_GRDH_1SDV_20260321T170059_20260321T170124_006865_00DE18_4528.SAFE,2026-03-21T17:00:59.149377Z,
DK00FX113,"Hirsholmene, Kattegat",S1,S1A_IW_GRDH_1SDV_20260322T054030_20260322T054055_063736_080362_42C2.SAFE,2026-03-22T05:40:30.172195Z,
DK00FX113,"Hirsholmene, Kattegat",S1,S1A_IW_GRDH_1SDV_20260322T165332_20260322T165357_063743_0803AC_7255.SAFE,2026-03-22T16:53:32.684024Z,
DK00FX113,"Hirsholmene, Kattegat",S1,S1C_IW_GRDH_1SDV_20260323T053120_20260323T053145_006887_00DED8_47E1.SAFE,2026-03-23T05:31:20.115653Z,
DK00FX113,"Hirsholmene, Kattegat",S1,S1C_IW_GRDH_1SDV_20260326T170913_20260326T170938_006938_00E09E_396A.SAFE,2026-03-26T17:09:13.626226Z,
DK00FX113,"Hirsholmene, Kattegat",S1,S1A_IW_GRDH_1SDV_20260327T170142_20260327T170207_063816_080667_BFB0.SAFE,2026-03-27T17:01:42.434331Z,
DK00FX113,"Hirsholmene, Kattegat",S1,S1C_IW_GRDH_1SDV_20260328T053934_20260328T053959_006960_00E156_826F.SAFE,2026-03-28T05:39:34.597790Z,
DK00FX113,"Hirsholmene, Kattegat",S1,S1C_IW_GRDH_1SDV_20260328T165255_20260328T165320_006967_00E1A0_438D.SAFE,2026-03-28T16:52:55.082264Z,
DK00FX113,"Hirsholmene, Kattegat",S1,S1A_IW_GRDH_1SDV_20260329T053207_20260329T053232_063838_080734_91EE.SAFE,2026-03-29T05:32:07.403519Z,
DK00FX113,"Hirsholmene, Kattegat",S1,S1A_IW_GRDH_1SDV_20260401T170959_20260401T171024_063889_080915_0803.SAFE,2026-04-01T17:09:59.497005Z,
DK00FX113,"Hirsholmene, Kattegat",S1,S1C_IW_GRDH_1SDV_20260402T170059_20260402T170124_007040_00E40E_608D.SAFE,2026-04-02T17:00:59.478399Z,
DK00FX113,"Hirsholmene, Kattegat",S1,S1A_IW_GRDH_1SDV_20260403T054030_20260403T054055_063911_0809E3_9E9D.SAFE,2026-04-03T05:40:30.112739Z,
DK00FX113,"Hirsholmene, Kattegat",S1,S1A_IW_GRDH_1SDV_20260403T165332_20260403T165357_063918_080A2D_9C17.SAFE,2026-04-03T16:53:32.616583Z,
DK00FX113,"Hirsholmene, Kattegat",S1,S1C_IW_GRDH_1SDV_20260404T053120_20260404T053145_007062_00E4C7_105F.SAFE,2026-04-04T05:31:20.302648Z,
DK00FX113,"Hirsholmene, Kattegat",S1,S1C_IW_GRDH_1SDV_20260407T170914_20260407T170939_007113_00E67E_28B6.SAFE,2026-04-07T17:09:14.092085Z,
DK00FX113,"Hirsholmene, Kattegat",S1,S1A_IW_GRDH_1SDV_20260408T170142_20260408T170207_063991_080CF2_0CFB.SAFE,2026-04-08T17:01:42.574466Z,
DK00FX113,"Hirsholmene, Kattegat",S1,S1C_IW_GRDH_1SDV_20260409T053935_20260409T054000_007135_00E737_38F0.SAFE,2026-04-09T05:39:35.155614Z,
DK00FX113,"Hirsholmene, Kattegat",S1,S1C_IW_GRDH_1SDV_20260409T165255_20260409T165320_007142_00E77C_DAB8.SAFE,2026-04-09T16:52:55.618040Z,
DK00FX113,"Hirsholmene, Kattegat",S1,S1A_IW_GRDH_1SDV_20260410T053207_20260410T053232_064013_080DC1_41BB.SAFE,2026-04-10T05:32:07.525089Z,
DK00FX113,"Hirsholmene, Kattegat",S1,S1A_IW_GRDH_1SDV_20260413T170959_20260413T171024_064064_080FA9_3524.SAFE,2026-04-13T17:09:59.770560Z,
DK00FX113,"Hirsholmene, Kattegat",S1,S1C_IW_GRDH_1SDV_20260414T170100_20260414T170125_007215_00E9F0_18EB.SAFE,2026-04-14T17:01:00.067305Z,
DK00FX113,"Hirsholmene, Kattegat",S1,S1A_IW_GRDH_1SDV_20260415T054030_20260415T054055_064086_08107A_5F5C.SAFE,2026-04-15T05:40:30.261359Z,
DK00FX113,"Hirsholmene, Kattegat",S1,S1A_IW_GRDH_1SDV_20260415T165332_20260415T165357_064093_0810C1_7A6B.SAFE,2026-04-15T16:53:32.769206Z,
DK00FX113,"Hirsholmene, Kattegat",S1,S1C_IW_GRDH_1SDV_20260416T053120_20260416T053145_007237_00EAAE_6575.SAFE,2026-04-16T05:31:20.936692Z,
DK00FX113,"Hirsholmene, Kattegat",S1,S1D_IW_GRDH_1SDV_20260417T053130_20260417T053155_002382_003E42_EEFB.SAFE,2026-04-17T05:31:30.932020Z,
DK00FX113,"Hirsholmene, Kattegat",S1,S1C_IW_GRDH_1SDV_20260419T170914_20260419T170939_007288_00EC64_F95E.SAFE,2026-04-19T17:09:14.718292Z,
DK00FX113,"Hirsholmene, Kattegat",S1,S1A_IW_GRDH_1SDV_20260420T170142_20260420T170207_064166_08137C_BE21.SAFE,2026-04-20T17:01:42.701077Z,
DK00FX113,"Hirsholmene, Kattegat",S1,S1C_IW_GRDH_1SDV_20260421T053935_20260421T054000_007310_00ED25_4A5E.SAFE,2026-04-21T05:39:35.901077Z,
DK00FX113,"Hirsholmene, Kattegat",S1,S1C_IW_GRDH_1SDV_20260421T165256_20260421T165321_007317_00ED69_65BD.SAFE,2026-04-21T16:52:56.399066Z,
DK00FX113,"Hirsholmene, Kattegat",S1,S1A_IW_GRDH_1SDV_20260422T053207_20260422T053232_064188_081448_BA89.SAFE,2026-04-22T05:32:07.713571Z,
DK00FX113,"Hirsholmene, Kattegat",S1,S1D_IW_GRDH_1SDV_20260422T165306_20260422T165331_002462_0040DB_566D.SAFE,2026-04-22T16:53:06.313245Z,
DK00FX113,"Hirsholmene, Kattegat",S1,S1A_IW_GRDH_1SDV_20260425T170959_20260425T171024_064239_081633_3E05.SAFE,2026-04-25T17:09:59.868507Z,
DK00FX113,"Hirsholmene, Kattegat",S1,S1C_IW_GRDH_1SDV_20260426T170100_20260426T170125_007390_00EFDE_4F42.SAFE,2026-04-26T17:01:00.706592Z,
DK00FX113,"Hirsholmene, Kattegat",S1,S1A_IW_GRDH_1SDV_20260427T054030_20260427T054055_064261_0816FE_CDBC.SAFE,2026-04-27T05:40:30.235329Z,
DK00FX113,"Hirsholmene, Kattegat",S1,S1A_IW_GRDH_1SDV_20260427T165332_20260427T165357_064268_081744_53A0.SAFE,2026-04-27T16:53:32.682685Z,
DK00FX113,"Hirsholmene, Kattegat",S1,S1D_IW_GRDH_1SDV_20260427T170110_20260427T170135_002535_00432D_CC59.SAFE,2026-04-27T17:01:10.651545Z,
DK00FX113,"Hirsholmene, Kattegat",S1,S1C_IW_GRDH_1SDV_20260428T053121_20260428T053146_007412_00F09B_3969.SAFE,2026-04-28T05:31:21.505009Z,
DK00FX113,"Hirsholmene, Kattegat",S1,S1D_IW_GRDH_1SDV_20260429T053131_20260429T053156_002557_0043E8_0E46.SAFE,2026-04-29T05:31:31.426195Z,
DK00FX113,"Hirsholmene, Kattegat",S1,S1C_IW_GRDH_1SDV_20260501T170915_20260501T170940_007463_00F256_D87F.SAFE,2026-05-01T17:09:15.274544Z,
DK00FX113,"Hirsholmene, Kattegat",S1,S1A_IW_GRDH_1SDV_20260502T170142_20260502T170207_064341_0819F6_DD58.SAFE,2026-05-02T17:01:42.307173Z,
DK00FX113,"Hirsholmene, Kattegat",S1,S1C_IW_GRDH_1SDV_20260503T053936_20260503T054001_007485_00F31C_DE5E.SAFE,2026-05-03T05:39:36.391812Z,
DK00FX113,"Hirsholmene, Kattegat",S1,S1C_IW_GRDH_1SDV_20260503T165256_20260503T165321_007492_00F360_3E2A.SAFE,2026-05-03T16:52:56.874935Z,
DK00FX113,"Hirsholmene, Kattegat",S1,S1A_IW_GRDH_1SDV_20260504T053207_20260504T053232_064363_081AC8_A4A5.SAFE,2026-05-04T05:32:07.220171Z,
DK00FX113,"Hirsholmene, Kattegat",S1,S1D_IW_GRDH_1SDV_20260504T165306_20260504T165331_002637_00467B_7F64.SAFE,2026-05-04T16:53:06.720013Z,
DK00FX113,"Hirsholmene, Kattegat",S1,S1A_IW_GRDH_1SDV_20260507T170959_20260507T171024_064414_081CAF_29CD.SAFE,2026-05-07T17:09:59.329986Z,
DK00FX113,"Hirsholmene, Kattegat",S1,S1C_IW_GRDH_1SDV_20260508T170101_20260508T170126_007565_00F5C6_1EF4.SAFE,2026-05-08T17:01:01.507700Z,
DK00FX113,"Hirsholmene, Kattegat",S1,S1A_IW_GRDH_1SDV_20260509T054029_20260509T054054_064436_081D74_5FB1.SAFE,2026-05-09T05:40:29.822672Z,
DK00FX113,"Hirsholmene, Kattegat",S1,S1A_IW_GRDH_1SDV_20260509T165332_20260509T165357_064443_081DAF_0423.SAFE,2026-05-09T16:53:32.312717Z,
DK00FX113,"Hirsholmene, Kattegat",S1,S1D_IW_GRDH_1SDV_20260509T170111_20260509T170136_002710_0048E7_D2BE.SAFE,2026-05-09T17:01:11.409130Z,
DK00FX113,"Hirsholmene, Kattegat",S1,S1D_IW_GRDH_1SDV_20260511T053132_20260511T053157_002732_0049A7_43C2.SAFE,2026-05-11T05:31:32.337709Z,
DK00FX113,"Hirsholmene, Kattegat",S1,S1C_IW_GRDH_1SDV_20260513T170916_20260513T170941_007638_00F842_EA05.SAFE,2026-05-13T17:09:16.078917Z,
DK00FX113,"Hirsholmene, Kattegat",S1,S1A_IW_GRDH_1SDV_20260514T170141_20260514T170206_064516_082037_C250.SAFE,2026-05-14T17:01:41.884526Z,
DK00FX113,"Hirsholmene, Kattegat",S1,S1C_IW_GRDH_1SDV_20260515T053937_20260515T054002_007660_00F905_6DE5.SAFE,2026-05-15T05:39:37.197227Z,
DK00FX113,"Hirsholmene, Kattegat",S1,S1C_IW_GRDH_1SDV_20260515T165257_20260515T165322_007667_00F946_4649.SAFE,2026-05-15T16:52:57.684846Z,
DK00FX113,"Hirsholmene, Kattegat",S1,S1A_IW_GRDH_1SDV_20260516T053206_20260516T053231_064538_0820FD_0D8C.SAFE,2026-05-16T05:32:06.807288Z,
DK00FX113,"Hirsholmene, Kattegat",S1,S1D_IW_GRDH_1SDV_20260516T165307_20260516T165332_002812_004C57_7232.SAFE,2026-05-16T16:53:07.569595Z,
DK00FX113,"Hirsholmene, Kattegat",S1,S1A_IW_GRDH_1SDV_20260519T170958_20260519T171023_064589_0822C7_627A.SAFE,2026-05-19T17:09:58.977910Z,
DK00FX113,"Hirsholmene, Kattegat",S1,S1C_IW_GRDH_1SDV_20260520T170102_20260520T170127_007740_00FBAA_CAEB.SAFE,2026-05-20T17:01:02.354146Z,
DK00FX113,"Hirsholmene, Kattegat",S1,S1A_IW_GRDH_1SDV_20260521T054029_20260521T054054_064611_082387_FB63.SAFE,2026-05-21T05:40:29.400358Z,
DK00FX113,"Hirsholmene, Kattegat",S1,S1A_IW_GRDH_1SDV_20260521T165331_20260521T165356_064618_0823C5_35E0.SAFE,2026-05-21T16:53:31.867220Z,
DK00FX113,"Hirsholmene, Kattegat",S1,S1D_IW_GRDH_1SDV_20260521T170112_20260521T170137_002885_004EC4_F033.SAFE,2026-05-21T17:01:12.217160Z,
DK00FX113,"Hirsholmene, Kattegat",S1,S1C_IW_GRDH_1SDV_20260522T053123_20260522T053148_007762_00FC67_DA57.SAFE,2026-05-22T05:31:23.211933Z,
DK00FX113,"Hirsholmene, Kattegat",S1,S1D_IW_GRDH_1SDV_20260523T053133_20260523T053158_002907_004F80_CBDD.SAFE,2026-05-23T05:31:33.076174Z,
DK00FX113,"Hirsholmene, Kattegat",S1,S1C_IW_GRDH_1SDV_20260525T170916_20260525T170941_007813_00FE17_2037.SAFE,2026-05-25T17:09:16.797136Z,
DK00FX113,"Hirsholmene, Kattegat",S1,S1A_IW_GRDH_1SDV_20260526T170141_20260526T170206_064691_082653_E58F.SAFE,2026-05-26T17:01:41.328187Z,
DK00FX113,"Hirsholmene, Kattegat",S1,S1C_IW_GRDH_1SDV_20260527T053937_20260527T054002_007835_00FEDC_A2D0.SAFE,2026-05-27T05:39:37.790522Z,
DK00FX113,"Hirsholmene, Kattegat",S1,S1C_IW_GRDH_1SDV_20260527T165258_20260527T165323_007842_00FF1F_B317.SAFE,2026-05-27T16:52:58.300074Z,
DK00FX113,"Hirsholmene, Kattegat",S1,S1A_IW_GRDH_1SDV_20260528T053206_20260528T053231_064713_08271B_958C.SAFE,2026-05-28T05:32:06.236704Z,
DK00FX113,"Hirsholmene, Kattegat",S1,S1D_IW_GRDH_1SDV_20260528T165308_20260528T165333_002987_005229_DF37.SAFE,2026-05-28T16:53:08.292241Z,
DK00FX113,"Hirsholmene, Kattegat",S1,S1A_IW_GRDH_1SDV_20260531T170958_20260531T171023_064764_0828EB_B974.SAFE,2026-05-31T17:09:58.281844Z,
DK00FX113,"Hirsholmene, Kattegat",S1,S1C_IW_GRDH_1SDV_20260601T170102_20260601T170127_007915_010186_F8C9.SAFE,2026-06-01T17:01:02.869889Z,
DK00FX113,"Hirsholmene, Kattegat",S1,S1A_IW_GRDH_1SDV_20260602T054028_20260602T054053_064786_0829AF_F6CF.SAFE,2026-06-02T05:40:28.676753Z,
DK00FX113,"Hirsholmene, Kattegat",S1,S1A_IW_GRDH_1SDV_20260602T165331_20260602T165356_064793_0829F0_B7CF.SAFE,2026-06-02T16:53:31.130851Z,
DK00FX113,"Hirsholmene, Kattegat",S1,S1D_IW_GRDH_1SDV_20260602T170112_20260602T170137_003060_00548D_A921.SAFE,2026-06-02T17:01:12.803843Z,
DK00FX113,"Hirsholmene, Kattegat",S1,S1C_IW_GRDH_1SDV_20260603T053123_20260603T053148_007937_01023D_A0FC.SAFE,2026-06-03T05:31:23.687339Z,
DK00FX113,"Hirsholmene, Kattegat",S1,S1D_IW_GRDH_1SDV_20260604T053133_20260604T053158_003082_00554D_924E.SAFE,2026-06-04T05:31:33.761175Z,
DK00FX113,"Hirsholmene, Kattegat",S1,S1C_IW_GRDH_1SDV_20260606T170917_20260606T170942_007988_0103E5_23B6.SAFE,2026-06-06T17:09:17.479120Z,
DK00FX113,"Hirsholmene, Kattegat",S1,S1A_IW_GRDH_1SDV_20260607T170140_20260607T170205_064866_082C7A_0706.SAFE,2026-06-07T17:01:40.742287Z,
DK00FX113,"Hirsholmene, Kattegat",S1,S1C_IW_GRDH_1SDV_20260608T053938_20260608T054003_008010_0104A8_4D32.SAFE,2026-06-08T05:39:38.518124Z,
DK00FX113,"Hirsholmene, Kattegat",S1,S1C_IW_GRDH_1SDV_20260608T165258_20260608T165323_008017_0104EB_7576.SAFE,2026-06-08T16:52:58.977600Z,
DK00FX113,"Hirsholmene, Kattegat",S1,S1A_IW_GRDH_1SDV_20260609T053205_20260609T053230_064888_082D40_0191.SAFE,2026-06-09T05:32:05.574350Z,
DK00FX113,"Hirsholmene, Kattegat",S1,S1D_IW_GRDH_1SDV_20260609T165308_20260609T165333_003162_0057FD_65FE.SAFE,2026-06-09T16:53:08.976651Z,
DK00FX113,"Hirsholmene, Kattegat",S1,S1A_IW_GRDH_1SDV_20260612T170957_20260612T171022_064939_082F06_6548.SAFE,2026-06-12T17:09:57.611378Z,
DK00FX113,"Hirsholmene, Kattegat",S1,S1A_IW_GRDH_1SDV_20260614T054028_20260614T054053_064961_082FC5_76F7.SAFE,2026-06-14T05:40:28.097626Z,
DK00FX113,"Hirsholmene, Kattegat",S1,S1A_IW_GRDH_1SDV_20260614T165330_20260614T165355_064968_083003_83C7.SAFE,2026-06-14T16:53:30.591088Z,
DK00FX113,"Hirsholmene, Kattegat",S1,S1D_IW_GRDH_1SDV_20260614T170113_20260614T170138_003235_005A58_BE4F.SAFE,2026-06-14T17:01:13.751177Z,
DK00FX113,"Hirsholmene, Kattegat",S1,S1D_IW_GRDH_1SDV_20260616T053134_20260616T053159_003257_005B17_4F68.SAFE,2026-06-16T05:31:34.610402Z,
DK00FX113,"Hirsholmene, Kattegat",S1,S1A_IW_GRDH_1SDV_20260619T170140_20260619T170205_065041_08329C_2908.SAFE,2026-06-19T17:01:40.142839Z,
DK00FX113,"Hirsholmene, Kattegat",S1,S1A_IW_GRDH_1SDV_20260621T053205_20260621T053230_065063_083365_C71B.SAFE,2026-06-21T05:32:05.012268Z,
DK00FX113,"Hirsholmene, Kattegat",S1,S1D_IW_GRDH_1SDV_20260621T165310_20260621T165335_003337_005DB3_4AC5.SAFE,2026-06-21T16:53:10.067502Z,
DK00FX113,"Hirsholmene, Kattegat",S1,S1A_IW_GRDH_1SDV_20260624T170956_20260624T171021_065114_08352A_F642.SAFE,2026-06-24T17:09:56.878424Z,
DK00FX113,"Hirsholmene, Kattegat",S1,S1C_IW_GRDH_1SDV_20260625T170915_20260625T170940_008265_010572_08EE.SAFE,2026-06-25T17:09:15.558902Z,
DK00FX113,"Hirsholmene, Kattegat",S1,S1A_IW_GRDH_1SDV_20260626T054027_20260626T054052_065136_0835EF_FF60.SAFE,2026-06-26T05:40:27.243006Z,
DK00FX113,"Hirsholmene, Kattegat",S1,S1A_IW_GRDH_1SDV_20260626T165329_20260626T165354_065143_08362D_95DB.SAFE,2026-06-26T16:53:29.678832Z,
DK00FX113,"Hirsholmene, Kattegat",S1,S1D_IW_GRDH_1SDV_20260626T170105_20260626T170130_003410_006018_0AB2.SAFE,2026-06-26T17:01:05.324925Z,
DK00FX113,"Hirsholmene, Kattegat",S1,S1C_IW_GRDH_1SDV_20260627T053936_20260627T054001_008287_01063E_AE5A.SAFE,2026-06-27T05:39:36.687612Z,
DK00FX113,"Hirsholmene, Kattegat",S1,S1C_IW_GRDH_1SDV_20260627T165257_20260627T165322_008294_010682_A883.SAFE,2026-06-27T16:52:57.190316Z,
DK00FX113,"Hirsholmene, Kattegat",S1,S1D_IW_GRDH_1SDV_20260628T053135_20260628T053200_003432_0060CF_F41D.SAFE,2026-06-28T05:31:35.545314Z,
DK00FX113,"Hirsholmene, Kattegat",S1,S1D_IW_GRDH_1SDV_20260701T170908_20260701T170933_003483_006287_DF5C.SAFE,2026-07-01T17:09:08.751763Z,
DK00FX113,"Hirsholmene, Kattegat",S1,S1C_IW_GRDH_1SDV_20260702T170101_20260702T170126_008367_0108E3_C86C.SAFE,2026-07-02T17:01:01.778642Z,
DK00FX113,"Hirsholmene, Kattegat",S1,S1D_IW_GRDH_1SDV_20260703T053950_20260703T054015_003505_006341_72E5.SAFE,2026-07-03T05:39:50.211677Z,
DK00FX113,"Hirsholmene, Kattegat",S1,S1D_IW_GRDH_1SDV_20260703T165255_20260703T165320_003512_006384_3AEC.SAFE,2026-07-03T16:52:55.665125Z,
DK00FX113,"Hirsholmene, Kattegat",S1,S1C_IW_GRDH_1SDV_20260704T053122_20260704T053147_008389_010999_E704.SAFE,2026-07-04T05:31:22.658421Z,
DK00FX113,"Hirsholmene, Kattegat",S1,S1C_IW_GRDH_1SDV_20260707T170916_20260707T170941_008440_010B31_58B4.SAFE,2026-07-07T17:09:16.239800Z,
DK00FX113,"Hirsholmene, Kattegat",S1,S1D_IW_GRDH_1SDV_20260708T170105_20260708T170130_003585_0065F9_9A45.SAFE,2026-07-08T17:01:05.891046Z,
DK00FX113,"Hirsholmene, Kattegat",S1,S1C_IW_GRDH_1SDV_20260709T053937_20260709T054002_008462_010BFC_6E74.SAFE,2026-07-09T05:39:37.364954Z,
DK00FX113,"Hirsholmene, Kattegat",S1,S1C_IW_GRDH_1SDV_20260709T165257_20260709T165322_008469_010C40_F442.SAFE,2026-07-09T16:52:57.853891Z,
DK00FX113,"Hirsholmene, Kattegat",S1,S1D_IW_GRDH_1SDV_20260710T053136_20260710T053201_003607_0066B9_D688.SAFE,2026-07-10T05:31:36.139372Z,
DK00FX113,"Hirsholmene, Kattegat",S1,S1D_IW_GRDH_1SDV_20260713T170909_20260713T170934_003658_00687B_9771.SAFE,2026-07-13T17:09:09.539014Z,
DK00FX113,"Hirsholmene, Kattegat",S1,S1C_IW_GRDH_1SDV_20260714T170102_20260714T170127_008542_010E90_E3B6.SAFE,2026-07-14T17:01:02.544770Z,
DK00FX113,"Hirsholmene, Kattegat",S1,S1D_IW_GRDH_1SDV_20260715T053951_20260715T054016_003680_006931_6070.SAFE,2026-07-15T05:39:51.029413Z,
DK00FX113,"Hirsholmene, Kattegat",S1,S1D_IW_GRDH_1SDV_20260715T165256_20260715T165321_003687_006972_8D64.SAFE,2026-07-15T16:52:56.517011Z,
DK00FX113,"Hirsholmene, Kattegat",S1,S1C_IW_GRDH_1SDV_20260716T053123_20260716T053148_008564_010F50_86B0.SAFE,2026-07-16T05:31:23.436084Z,
DK00FX113,"Hirsholmene, Kattegat",S1,S1C_IW_GRDH_1SDV_20260719T170917_20260719T170942_008615_011103_5558.SAFE,2026-07-19T17:09:17.046277Z,
DK00FX113,"Hirsholmene, Kattegat",S1,S1D_IW_GRDH_1SDV_20260720T170106_20260720T170131_003760_006BF3_5039.SAFE,2026-07-20T17:01:06.844331Z,
DK00FX113,"Hirsholmene, Kattegat",S1,S1C_IW_GRDH_1SDV_20260721T053938_20260721T054003_008637_0111CD_492B.SAFE,2026-07-21T05:39:38.058543Z,
DK00FX113,"Hirsholmene, Kattegat",S1,S1C_IW_GRDH_1SDV_20260721T165258_20260721T165323_008644_01120D_7299.SAFE,2026-07-21T16:52:58.513521Z,
DK00FX113,"Hirsholmene, Kattegat",S1,S1D_IW_GRDH_1SDV_20260722T053137_20260722T053202_003782_006CAE_BC19.SAFE,2026-07-22T05:31:37.062693Z,
DK00FX113,"Hirsholmene, Kattegat",S1,S1D_IW_GRDH_1SDV_20260725T170910_20260725T170935_003833_006E79_8E13.SAFE,2026-07-25T17:09:10.397898Z,
DK00FX113,"Hirsholmene, Kattegat",S1,S1C_IW_GRDH_1SDV_20260726T170103_20260726T170128_008717_011460_36F3.SAFE,2026-07-26T17:01:03.189968Z,
DK00FX113,"Hirsholmene, Kattegat",S1,S1D_IW_GRDH_1SDV_20260727T053951_20260727T054016_003855_006F31_CCD5.SAFE,2026-07-27T05:39:51.767680Z,
DK00FX113,"Hirsholmene, Kattegat",S1,S1D_IW_GRDH_1SDV_20260727T165257_20260727T165322_003862_006F6D_F770.SAFE,2026-07-27T16:52:57.193541Z,
DK00FX113,"Hirsholmene, Kattegat",S1,S1C_IW_GRDH_1SDV_20260728T053124_20260728T053149_008739_011519_8310.SAFE,2026-07-28T05:31:24.126749Z,
DK00FX113,"Hirsholmene, Kattegat",S1,S1C_IW_GRDH_1SDV_20260731T170917_20260731T170942_008790_0116BB_EFA6.SAFE,2026-07-31T17:09:17.832433Z,
DK00FX113,"Hirsholmene, Kattegat",S1,S1D_IW_GRDH_1SDV_20260801T170107_20260801T170132_003935_007203_5CC6.SAFE,2026-08-01T17:01:07.390373Z,
DK00FX113,"Hirsholmene, Kattegat",S1,S1C_IW_GRDH_1SDV_20260802T053938_20260802T054003_008812_011791_5D33.SAFE,2026-08-02T05:39:38.858778Z,
DK00FX113,"Hirsholmene, Kattegat",S1,S1C_IW_GRDH_1SDV_20260802T165259_20260802T165324_008819_0117D6_0BFE.SAFE,2026-08-02T16:52:59.318352Z,
DK00FX113,"Hirsholmene, Kattegat",S1,S1D_IW_GRDH_1SDV_20260803T053137_20260803T053202_003957_0072D0_1B4A.SAFE,2026-08-03T05:31:37.572334Z,
DK00FX113,"Hirsholmene, Kattegat",S1,S1D_IW_GRDH_1SDV_20260806T170910_20260806T170935_004008_00748E_889C.SAFE,2026-08-06T17:09:10.745856Z,
DK00FX113,"Hirsholmene, Kattegat",S1,S1C_IW_GRDH_1SDV_20260807T170103_20260807T170128_008892_011A34_12F3.SAFE,2026-08-07T17:01:03.692732Z,
DK00FX113,"Hirsholmene, Kattegat",S1,S1D_IW_GRDH_1SDV_20260808T053952_20260808T054017_004030_007548_B811.SAFE,2026-08-08T05:39:52.168164Z,
DK00FX113,"Hirsholmene, Kattegat",S1,S1D_IW_GRDH_1SDV_20260808T165257_20260808T165322_004037_007585_ADB9.SAFE,2026-08-08T16:52:57.655767Z,
DK00FX113,"Hirsholmene, Kattegat",S1,S1C_IW_GRDH_1SDV_20260809T053124_20260809T053149_008914_011AED_6908.SAFE,2026-08-09T05:31:24.687230Z,
DK00FX113,"Hirsholmene, Kattegat",S1,S1C_IW_GRDH_1SDV_20260812T170918_20260812T170943_008965_011C8F_922E.SAFE,2026-08-12T17:09:18.490910Z,
DK00FX113,"Hirsholmene, Kattegat",S1,S1D_IW_GRDH_1SDV_20260813T170107_20260813T170132_004110_007814_52E6.SAFE,2026-08-13T17:01:07.943732Z,
DK00FX113,"Hirsholmene, Kattegat",S1,S1C_IW_GRDH_1SDV_20260814T053939_20260814T054004_008987_011D54_B1A4.SAFE,2026-08-14T05:39:39.592616Z,
DK00FX113,"Hirsholmene, Kattegat",S1,S1C_IW_GRDH_1SDV_20260814T165300_20260814T165325_008994_011D98_06C1.SAFE,2026-08-14T16:53:00.075847Z,
DK00FX113,"Hirsholmene, Kattegat",S1,S1D_IW_GRDH_1SDV_20260815T053138_20260815T053203_004132_0078D5_455A.SAFE,2026-08-15T05:31:38.121623Z,
DK00FX113,"Hirsholmene, Kattegat",S1,S1D_IW_GRDH_1SDV_20260818T170911_20260818T170936_004183_007A94_AA81.SAFE,2026-08-18T17:09:11.204543Z,
DK00FX113,"Hirsholmene, Kattegat",S1,S1C_IW_GRDH_1SDV_20260819T170104_20260819T170129_009067_011FF4_D3FA.SAFE,2026-08-19T17:01:04.571963Z,
DK00FX113,"Hirsholmene, Kattegat",S1,S1D_IW_GRDH_1SDV_20260820T053952_20260820T054017_004205_007B51_A46D.SAFE,2026-08-20T05:39:52.657948Z,
DK00FX113,"Hirsholmene, Kattegat",S1,S1D_IW_GRDH_1SDV_20260820T165258_20260820T165323_004212_007B9B_4032.SAFE,2026-08-20T16:52:58.137649Z,
DK00FX113,"Hirsholmene, Kattegat",S1,S1C_IW_GRDH_1SDV_20260821T053125_20260821T053150_009089_0120B4_CA72.SAFE,2026-08-21T05:31:25.428566Z,
DK00FX113,"Hirsholmene, Kattegat",S1,S1C_IW_GRDH_1SDV_20260824T170919_20260824T170944_009140_012262_E8CD.SAFE,2026-08-24T17:09:19.094932Z,
DK00FX113,"Hirsholmene, Kattegat",S1,S1D_IW_GRDH_1SDV_20260825T170108_20260825T170133_004285_007E34_65C9.SAFE,2026-08-25T17:01:08.525191Z,
DK00FX113,"Hirsholmene, Kattegat",S1,S1C_IW_GRDH_1SDV_20260826T053940_20260826T054005_009162_01232C_0084.SAFE,2026-08-26T05:39:40.152966Z,
DK00FX113,"Hirsholmene, Kattegat",S1,S1C_IW_GRDH_1SDV_20260826T165300_20260826T165325_009169_012370_935C.SAFE,2026-08-26T16:53:00.646961Z,
DK00FX113,"Hirsholmene, Kattegat",S1,S1D_IW_GRDH_1SDV_20260827T053138_20260827T053203_004307_007EF6_189E.SAFE,2026-08-27T05:31:38.785352Z,
DK00FX113,"Hirsholmene, Kattegat",S1,S1D_IW_GRDH_1SDV_20260830T170911_20260830T170936_004358_0080C1_D9FE.SAFE,2026-08-30T17:09:11.946601Z,
DK00FX113,"Hirsholmene, Kattegat",S1,S1C_IW_GRDH_1SDV_20260831T170105_20260831T170130_009242_0125CD_66F2.SAFE,2026-08-31T17:01:05.035950Z,
DK00FX113,"Hirsholmene, Kattegat",S1,S1D_IW_GRDH_1SDV_20260901T053953_20260901T054018_004380_00817C_D5A7.SAFE,2026-09-01T05:39:53.261507Z,
DK00FX113,"Hirsholmene, Kattegat",S1,S1D_IW_GRDH_1SDV_20260901T165258_20260901T165323_004387_0081C1_47EA.SAFE,2026-09-01T16:52:58.677346Z,
DK00FX113,"Hirsholmene, Kattegat",S1,S1C_IW_GRDH_1SDV_20260902T053125_20260902T053150_009264_01268E_2546.SAFE,2026-09-02T05:31:25.842525Z,
DK00FX113,"Hirsholmene, Kattegat",S1,S1C_IW_GRDH_1SDV_20260905T170919_20260905T170944_009315_01284B_64E8.SAFE,2026-09-05T17:09:19.479382Z,
DK00FX113,"Hirsholmene, Kattegat",S1,S1D_IW_GRDH_1SDV_20260906T170108_20260906T170133_004460_00844F_D310.SAFE,2026-09-06T17:01:08.779495Z,
DK00FX113,"Hirsholmene, Kattegat",S1,S1C_IW_GRDH_1SDV_20260907T053940_20260907T054005_009337_012918_1CFB.SAFE,2026-09-07T05:39:40.584913Z,
DK00FX113,"Hirsholmene, Kattegat",S1,S1C_IW_GRDH_1SDV_20260907T165301_20260907T165326_009344_01295C_3156.SAFE,2026-09-07T16:53:01.062676Z,
DK00FX113,"Hirsholmene, Kattegat",S1,S1D_IW_GRDH_1SDV_20260908T053138_20260908T053203_004482_008515_D381.SAFE,2026-09-08T05:31:38.970414Z,
DK00FX113,"Hirsholmene, Kattegat",S1,S1D_IW_GRDH_1SDV_20260911T170912_20260911T170937_004533_0086DB_2D2E.SAFE,2026-09-11T17:09:12.344363Z,
DK00FX113,"Hirsholmene, Kattegat",S1,S1C_IW_GRDH_1SDV_20260912T170105_20260912T170130_009417_012BA8_15A1.SAFE,2026-09-12T17:01:05.390863Z,
DK00FX113,"Hirsholmene, Kattegat",S1,S1D_IW_GRDH_1SDV_20260913T053953_20260913T054018_004555_008797_B2C9.SAFE,2026-09-13T05:39:53.811361Z,
DK00FX113,"Hirsholmene, Kattegat",S1,S1D_IW_GRDH_1SDV_20260913T165259_20260913T165324_004562_0087D6_28DD.SAFE,2026-09-13T16:52:59.266844Z,
DK00FX113,"Hirsholmene, Kattegat",S1,S1C_IW_GRDH_1SDV_20260914T053126_20260914T053151_009439_012C67_22B7.SAFE,2026-09-14T05:31:26.232019Z,
DK00FX113,"Hirsholmene, Kattegat",S2,S2A_MSIL2A_20250917T102711_N0511_R108_T32VPJ_20250917T143314.SAFE,2025-09-17T10:27:11.024000Z,0.0
DK00FX113,"Hirsholmene, Kattegat",S2,S2C_MSIL2A_20250918T104031_N0511_R008_T32VPK_20250918T161413.SAFE,2025-09-18T10:40:31.025000Z,22.8
DK00FX113,"Hirsholmene, Kattegat",S2,S2B_MSIL2A_20250920T102619_N0511_R108_T32VNK_20250920T142941.SAFE,2025-09-20T10:26:19.024000Z,3.8
DK00FX113,"Hirsholmene, Kattegat",S2,S2B_MSIL2A_20250923T103639_N0511_R008_T32VPK_20250923T131342.SAFE,2025-09-23T10:36:39.024000Z,0.0
DK00FX113,"Hirsholmene, Kattegat",S2,S2C_MSIL2A_20250925T102811_N0511_R108_T32VNK_20250925T154059.SAFE,2025-09-25T10:28:11.025000Z,0.0
DK00FX113,"Hirsholmene, Kattegat",S2,S2A_MSIL2A_20250927T103041_N0511_R108_T32VPK_20250927T141918.SAFE,2025-09-27T10:30:41.024000Z,14.2
DK00FX113,"Hirsholmene, Kattegat",S2,S2C_MSIL2A_20250928T103831_N0511_R008_T32VNJ_20250928T161815.SAFE,2025-09-28T10:38:31.025000Z,35.6
DK00FX113,"Hirsholmene, Kattegat",S2,S2B_MSIL2A_20250930T102739_N0511_R108_T32VNJ_20250930T142814.SAFE,2025-09-30T10:27:39.024000Z,9.4
DK00FX113,"Hirsholmene, Kattegat",S2,S2B_MSIL2A_20251003T103759_N0511_R008_T32VPJ_20251003T125632.SAFE,2025-10-03T10:37:59.024000Z,56.4
DK00FX113,"Hirsholmene, Kattegat",S2,S2C_MSIL2A_20251005T102921_N0511_R108_T32VNK_20251005T155605.SAFE,2025-10-05T10:29:21.025000Z,88.2
DK00FX113,"Hirsholmene, Kattegat",S2,S2A_MSIL2A_20251007T102931_N0511_R108_T32VPJ_20251007T122114.SAFE,2025-10-07T10:29:31.024000Z,99.9
DK00FX113,"Hirsholmene, Kattegat",S2,S2C_MSIL2A_20251008T103941_N0511_R008_T32VPK_20251008T142514.SAFE,2025-10-08T10:39:41.025000Z,6.8
DK00FX113,"Hirsholmene, Kattegat",S2,S2B_MSIL2A_20251010T102849_N0511_R108_T32VPJ_20251010T130840.SAFE,2025-10-10T10:28:49.025000Z,78.3
DK00FX113,"Hirsholmene, Kattegat",S2,S2B_MSIL2A_20251013T103909_N0511_R008_T32VPJ_20251013T131024.SAFE,2025-10-13T10:39:09.024000Z,89.4
DK00FX113,"Hirsholmene, Kattegat",S2,S2C_MSIL2A_20251015T103031_N0511_R108_T32VPK_20251015T140117.SAFE,2025-10-15T10:30:31.025000Z,88.3
DK00FX113,"Hirsholmene, Kattegat",S2,S2A_MSIL2A_20251017T103041_N0511_R108_T32VPJ_20251017T141804.SAFE,2025-10-17T10:30:41.024000Z,35.6
DK00FX113,"Hirsholmene, Kattegat",S2,S2C_MSIL2A_20251018T104051_N0511_R008_T32VPK_20251018T184710.SAFE,2025-10-18T10:40:51.025000Z,0.3
DK00FX113,"Hirsholmene, Kattegat",S2,S2B_MSIL2A_20251020T102949_N0511_R108_T32VPJ_20251020T125028.SAFE,2025-10-20T10:29:49.024000Z,69.7
DK00FX113,"Hirsholmene, Kattegat",S2,S2B_MSIL2A_20251023T104009_N0511_R008_T32VNK_20251023T130657.SAFE,2025-10-23T10:40:09.024000Z,99.4
DK00FX113,"Hirsholmene, Kattegat",S2,S2C_MSIL2A_20251025T103131_N0511_R108_T32VNK_20251025T144005.SAFE,2025-10-25T10:31:31.025000Z,98.0
DK00FX113,"Hirsholmene, Kattegat",S2,S2A_MSIL2A_20251027T103151_N0511_R108_T32VPK_20251027T120010.SAFE,2025-10-27T10:31:51.024000Z,73.8
DK00FX113,"Hirsholmene, Kattegat",S2,S2C_MSIL2A_20251028T104151_N0511_R008_T32VPJ_20251028T135916.SAFE,2025-10-28T10:41:51.025000Z,46.8
DK00FX113,"Hirsholmene, Kattegat",S2,S2B_MSIL2A_20251030T103049_N0511_R108_T32VNK_20251030T130433.SAFE,2025-10-30T10:30:49.024000Z,87.8
DK00FX113,"Hirsholmene, Kattegat",S2,S2B_MSIL2A_20251102T104109_N0511_R008_T32VPK_20251102T112516.SAFE,2025-11-02T10:41:09.024000Z,81.3
DK00FX113,"Hirsholmene, Kattegat",S2,S2C_MSIL2A_20251104T103231_N0511_R108_T32VNK_20251104T142114.SAFE,2025-11-04T10:32:31.025000Z,99.2
DK00FX113,"Hirsholmene, Kattegat",S2,S2A_MSIL2A_20251106T103241_N0511_R108_T32VNK_20251106T121207.SAFE,2025-11-06T10:32:41.024000Z,69.6
DK00FX113,"Hirsholmene, Kattegat",S2,S2C_MSIL2A_20251107T104251_N0511_R008_T32VPK_20251107T142320.SAFE,2025-11-07T10:42:51.025000Z,48.5
DK00FX113,"Hirsholmene, Kattegat",S2,S2B_MSIL2A_20251109T103149_N0511_R108_T32VNK_20251109T125446.SAFE,2025-11-09T10:31:49.024000Z,99.3
DK00FX113,"Hirsholmene, Kattegat",S2,S2B_MSIL2A_20251112T104209_N0511_R008_T32VPJ_20251112T125500.SAFE,2025-11-12T10:42:09.024000Z,97.5
DK00FX113,"Hirsholmene, Kattegat",S2,S2C_MSIL2A_20251114T103321_N0511_R108_T32VNJ_20251114T120215.SAFE,2025-11-14T10:33:21.025000Z,10.2
DK00FX113,"Hirsholmene, Kattegat",S2,S2A_MSIL2A_20251116T103331_N0511_R108_T32VPJ_20251116T143209.SAFE,2025-11-16T10:33:31.024000Z,48.2
DK00FX113,"Hirsholmene, Kattegat",S2,S2C_MSIL2A_20251117T104341_N0511_R008_T32VNJ_20251117T141814.SAFE,2025-11-17T10:43:41.025000Z,1.7
DK00FX113,"Hirsholmene, Kattegat",S2,S2B_MSIL2A_20251119T103229_N0511_R108_T32VPK_20251119T123328.SAFE,2025-11-19T10:32:29.024000Z,49.8
DK00FX113,"Hirsholmene, Kattegat",S2,S2B_MSIL2A_20251122T104249_N0511_R008_T32VNK_20251122T112220.SAFE,2025-11-22T10:42:49.024000Z,87.3
DK00FX113,"Hirsholmene, Kattegat",S2,S2C_MSIL2A_20251124T103401_N0511_R108_T32VNK_20251124T120517.SAFE,2025-11-24T10:34:01.025000Z,60.5
DK00FX113,"Hirsholmene, Kattegat",S2,S2A_MSIL2A_20251126T103411_N0511_R108_T32VNK_20251126T142509.SAFE,2025-11-26T10:34:11.024000Z,29.2
DK00FX113,"Hirsholmene, Kattegat",S2,S2C_MSIL2A_20251127T104411_N0511_R008_T32VNK_20251127T133311.SAFE,2025-11-27T10:44:11.025000Z,100.0
DK00FX113,"Hirsholmene, Kattegat",S2,S2B_MSIL2A_20251129T103309_N0511_R108_T32VNJ_20251129T111758.SAFE,2025-11-29T10:33:09.024000Z,26.7
DK00FX113,"Hirsholmene, Kattegat",S2,S2B_MSIL2A_20251202T104319_N0511_R008_T32VPK_20251202T112449.SAFE,2025-12-02T10:43:19.024000Z,100.0
DK00FX113,"Hirsholmene, Kattegat",S2,S2C_MSIL2A_20251204T103421_N0511_R108_T32VNJ_20251204T114209.SAFE,2025-12-04T10:34:21.025000Z,96.9
DK00FX113,"Hirsholmene, Kattegat",S2,S2A_MSIL2A_20251206T103441_N0511_R108_T32VPK_20251206T113707.SAFE,2025-12-06T10:34:41.024000Z,84.2
DK00FX113,"Hirsholmene, Kattegat",S2,S2C_MSIL2A_20251207T104441_N0511_R008_T32VNK_20251207T142910.SAFE,2025-12-07T10:44:41.025000Z,97.2
DK00FX113,"Hirsholmene, Kattegat",S2,S2B_MSIL2A_20251209T103329_N0511_R108_T32VPJ_20251209T111818.SAFE,2025-12-09T10:33:29.024000Z,83.9
DK00FX113,"Hirsholmene, Kattegat",S2,S2B_MSIL2A_20251212T104339_N0511_R008_T32VPJ_20251212T113035.SAFE,2025-12-12T10:43:39.024000Z,71.8
DK00FX113,"Hirsholmene, Kattegat",S2,S2C_MSIL2A_20251214T103441_N0511_R108_T32VNJ_20251214T114508.SAFE,2025-12-14T10:34:41.025000Z,100.0
DK00FX113,"Hirsholmene, Kattegat",S2,S2A_MSIL2A_20251216T103451_N0511_R108_T32VNJ_20251216T141616.SAFE,2025-12-16T10:34:51.024000Z,91.6
DK00FX113,"Hirsholmene, Kattegat",S2,S2C_MSIL2A_20251217T104451_N0511_R008_T32VPK_20251217T114507.SAFE,2025-12-17T10:44:51.025000Z,57.0
DK00FX113,"Hirsholmene, Kattegat",S2,S2B_MSIL2A_20251219T103339_N0511_R108_T32VPK_20251219T112213.SAFE,2025-12-19T10:33:39.024000Z,87.8
DK00FX113,"Hirsholmene, Kattegat",S2,S2B_MSIL2A_20251222T104349_N0511_R008_T32VPK_20251222T143339.SAFE,2025-12-22T10:43:49.024000Z,66.1
DK00FX113,"Hirsholmene, Kattegat",S2,S2C_MSIL2A_20251224T103451_N0511_R108_T32VNK_20251224T115618.SAFE,2025-12-24T10:34:51.025000Z,73.5
DK00FX113,"Hirsholmene, Kattegat",S2,S2A_MSIL2A_20251226T103501_N0511_R108_T32VPK_20251226T115008.SAFE,2025-12-26T10:35:01.024000Z,2.0
DK00FX113,"Hirsholmene, Kattegat",S2,S2C_MSIL2A_20251227T104451_N0511_R008_T32VPK_20251227T114222.SAFE,2025-12-27T10:44:51.025000Z,1.8
DK00FX113,"Hirsholmene, Kattegat",S2,S2B_MSIL2A_20251229T103339_N0511_R108_T32VPJ_20251229T142007.SAFE,2025-12-29T10:33:39.024000Z,2.6
DK00FX113,"Hirsholmene, Kattegat",S2,S2B_MSIL2A_20260101T104339_N0511_R008_T32VNK_20260101T125029.SAFE,2026-01-01T10:43:39.024000Z,33.3
DK00FX113,"Hirsholmene, Kattegat",S2,S2C_MSIL2A_20260103T103441_N0511_R108_T32VPJ_20260103T115007.SAFE,2026-01-03T10:34:41.025000Z,63.7
DK00FX113,"Hirsholmene, Kattegat",S2,S2A_MSIL2A_20260105T103041_N0511_R108_T32VPJ_20260105T143010.SAFE,2026-01-05T10:30:41.024000Z,73.3
DK00FX113,"Hirsholmene, Kattegat",S2,S2C_MSIL2A_20260106T104441_N0511_R008_T32VNK_20260106T143414.SAFE,2026-01-06T10:44:41.025000Z,87.3
DK00FX113,"Hirsholmene, Kattegat",S2,S2B_MSIL2A_20260108T103319_N0511_R108_T32VNK_20260108T125529.SAFE,2026-01-08T10:33:19.024000Z,74.5
DK00FX113,"Hirsholmene, Kattegat",S2,S2B_MSIL2A_20260111T104319_N0511_R008_T32VPJ_20260111T130610.SAFE,2026-01-11T10:43:19.024000Z,8.4
DK00FX113,"Hirsholmene, Kattegat",S2,S2C_MSIL2A_20260113T103411_N0511_R108_T32VPJ_20260113T141911.SAFE,2026-01-13T10:34:11.025000Z,97.4
DK00FX113,"Hirsholmene, Kattegat",S2,S2C_MSIL2A_20260116T104401_N0511_R008_T32VPJ_20260116T143510.SAFE,2026-01-16T10:44:01.025000Z,99.4
DK00FX113,"Hirsholmene, Kattegat",S2,S2B_MSIL2A_20260118T103249_N0511_R108_T32VNJ_20260118T142238.SAFE,2026-01-18T10:32:49.024000Z,100.0
DK00FX113,"Hirsholmene, Kattegat",S2,S2B_MSIL2A_20260121T104239_N0511_R008_T32VNK_20260121T143640.SAFE,2026-01-21T10:42:39.024000Z,99.8
DK00FX113,"Hirsholmene, Kattegat",S2,S2C_MSIL2A_20260123T103331_N0511_R108_T32VPJ_20260123T143010.SAFE,2026-01-23T10:33:31.025000Z,99.7
DK00FX113,"Hirsholmene, Kattegat",S2,S2C_MSIL2A_20260126T104321_N0511_R008_T32VPK_20260126T141116.SAFE,2026-01-26T10:43:21.024000Z,86.9
DK00FX113,"Hirsholmene, Kattegat",S2,S2B_MSIL2A_20260128T103209_N0511_R108_T32VNK_20260128T141930.SAFE,2026-01-28T10:32:09.025000Z,41.3
DK00FX113,"Hirsholmene, Kattegat",S2,S2B_MSIL2A_20260131T104159_N0511_R008_T32VPK_20260131T143154.SAFE,2026-01-31T10:41:59.024000Z,83.3
DK00FX113,"Hirsholmene, Kattegat",S2,S2C_MSIL2A_20260202T103241_N0511_R108_T32VNK_20260202T135509.SAFE,2026-02-02T10:32:41.026000Z,82.9
DK00FX113,"Hirsholmene, Kattegat",S2,S2C_MSIL2A_20260205T104231_N0512_R008_T32VNK_20260205T141715.SAFE,2026-02-05T10:42:31.025000Z,78.5
DK00FX113,"Hirsholmene, Kattegat",S2,S2B_MSIL2A_20260207T103109_N0512_R108_T32VPJ_20260207T145116.SAFE,2026-02-07T10:31:09.024000Z,98.3
DK00FX113,"Hirsholmene, Kattegat",S2,S2B_MSIL2A_20260210T104059_N0512_R008_T32VNJ_20260210T150245.SAFE,2026-02-10T10:40:59.024000Z,99.5
DK00FX113,"Hirsholmene, Kattegat",S2,S2C_MSIL2A_20260212T103141_N0512_R108_T32VPK_20260212T144711.SAFE,2026-02-12T10:31:41.025000Z,99.6
DK00FX113,"Hirsholmene, Kattegat",S2,S2C_MSIL2A_20260215T104131_N0512_R008_T32VNJ_20260215T141911.SAFE,2026-02-15T10:41:31.025000Z,99.9
DK00FX113,"Hirsholmene, Kattegat",S2,S2B_MSIL2A_20260217T103019_N0512_R108_T32VNK_20260217T145740.SAFE,2026-02-17T10:30:19.024000Z,84.5
DK00FX113,"Hirsholmene, Kattegat",S2,S2B_MSIL2A_20260220T103949_N0512_R008_T32VNJ_20260220T150324.SAFE,2026-02-20T10:39:49.025000Z,98.7
DK00FX113,"Hirsholmene, Kattegat",S2,S2C_MSIL2A_20260222T103041_N0512_R108_T32VPK_20260222T143309.SAFE,2026-02-22T10:30:41.025000Z,99.0
DK00FX113,"Hirsholmene, Kattegat",S2,S2C_MSIL2A_20260225T104021_N0512_R008_T32VNK_20260225T144110.SAFE,2026-02-25T10:40:21.025000Z,99.9
DK00FX113,"Hirsholmene, Kattegat",S2,S2B_MSIL2A_20260227T103019_N0512_R108_T32VPK_20260227T141527.SAFE,2026-02-27T10:30:19.024000Z,99.8
DK00FX113,"Hirsholmene, Kattegat",S2,S2B_MSIL2A_20260302T103849_N0512_R008_T32VNK_20260302T150219.SAFE,2026-03-02T10:38:49.024000Z,97.0
DK00FX113,"Hirsholmene, Kattegat",S2,S2C_MSIL2A_20260304T102921_N0512_R108_T32VPJ_20260304T160811.SAFE,2026-03-04T10:29:21.025000Z,33.6
DK00FX113,"Hirsholmene, Kattegat",S2,S2A_MSIL2A_20260306T103041_N0512_R108_T32VPJ_20260306T172811.SAFE,2026-03-06T10:30:41.024000Z,0.0
DK00FX113,"Hirsholmene, Kattegat",S2,S2C_MSIL2A_20260307T103911_N0512_R008_T32VNK_20260307T143810.SAFE,2026-03-07T10:39:11.025000Z,96.4
DK00FX113,"Hirsholmene, Kattegat",S2,S2B_MSIL2A_20260309T103019_N0512_R108_T32VNJ_20260309T145835.SAFE,2026-03-09T10:30:19.024000Z,15.3
DK00FX113,"Hirsholmene, Kattegat",S2,S2B_MSIL2A_20260312T104019_N0512_R008_T32VPJ_20260312T150254.SAFE,2026-03-12T10:40:19.024000Z,76.4
DK00FX113,"Hirsholmene, Kattegat",S2,S2C_MSIL2A_20260314T102811_N0512_R108_T32VNK_20260314T154409.SAFE,2026-03-14T10:28:11.025000Z,100.0
DK00FX113,"Hirsholmene, Kattegat",S2,S2A_MSIL2A_20260316T103041_N0512_R108_T32VPK_20260316T171615.SAFE,2026-03-16T10:30:41.024000Z,99.9
DK00FX113,"Hirsholmene, Kattegat",S2,S2C_MSIL2A_20260317T103801_N0512_R008_T32VNK_20260317T163115.SAFE,2026-03-17T10:38:01.025000Z,97.0
DK00FX113,"Hirsholmene, Kattegat",S2,S2B_MSIL2A_20260319T103019_N0512_R108_T32VPK_20260319T151320.SAFE,2026-03-19T10:30:19.024000Z,25.9
DK00FX113,"Hirsholmene, Kattegat",S2,S2B_MSIL2A_20260322T104019_N0512_R008_T32VPK_20260322T150227.SAFE,2026-03-22T10:40:19.024000Z,46.9
DK00FX113,"Hirsholmene, Kattegat",S2,S2A_MSIL2A_20260326T102701_N0512_R108_T32VNK_20260326T172711.SAFE,2026-03-26T10:27:01.024000Z,33.6
DK00FX113,"Hirsholmene, Kattegat",S2,S2C_MSIL2A_20260327T104021_N0512_R008_T32VPK_20260327T162725.SAFE,2026-03-27T10:40:21.025000Z,7.0
DK00FX113,"Hirsholmene, Kattegat",S2,S2B_MSIL2A_20260329T103029_N0512_R108_T32VNJ_20260329T145641.SAFE,2026-03-29T10:30:29.024000Z,28.0
DK00FX113,"Hirsholmene, Kattegat",S2,S2B_MSIL2A_20260401T103619_N0512_R008_T32VPK_20260401T132331.SAFE,2026-04-01T10:36:19.024000Z,68.2
DK00FX113,"Hirsholmene, Kattegat",S2,S2C_MSIL2A_20260403T103031_N0512_R108_T32VPJ_20260403T161412.SAFE,2026-04-03T10:30:31.025000Z,45.4
DK00FX113,"Hirsholmene, Kattegat",S2,S2A_MSIL2A_20260405T103041_N0512_R108_T32VNJ_20260405T171615.SAFE,2026-04-05T10:30:41.024000Z,66.0
DK00FX113,"Hirsholmene, Kattegat",S2,S2C_MSIL2A_20260406T104021_N0512_R008_T32VNK_20260406T161211.SAFE,2026-04-06T10:40:21.025000Z,0.4
DK00FX113,"Hirsholmene, Kattegat",S2,S2B_MSIL2A_20260408T103019_N0512_R108_T32VPK_20260408T142456.SAFE,2026-04-08T10:30:19.024000Z,3.4
DK00FX113,"Hirsholmene, Kattegat",S2,S2B_MSIL2A_20260411T103619_N0512_R008_T32VPK_20260411T143445.SAFE,2026-04-11T10:36:19.024000Z,30.6
DK00FX113,"Hirsholmene, Kattegat",S2,S2C_MSIL2A_20260413T103021_N0512_R108_T32VPK_20260413T142821.SAFE,2026-04-13T10:30:21.025000Z,100.0
DK00FX113,"Hirsholmene, Kattegat",S2,S2A_MSIL2A_20260415T102701_N0512_R108_T32VNK_20260415T174607.SAFE,2026-04-15T10:27:01.024000Z,65.4
DK00FX113,"Hirsholmene, Kattegat",S2,S2C_MSIL2A_20260416T104021_N0512_R008_T32VNJ_20260416T161620.SAFE,2026-04-16T10:40:21.025000Z,90.9
DK00FX113,"Hirsholmene, Kattegat",S2,S2B_MSIL2A_20260418T103019_N0512_R108_T32VNK_20260418T142312.SAFE,2026-04-18T10:30:19.024000Z,90.1
DK00FX113,"Hirsholmene, Kattegat",S2,S2B_MSIL2A_20260421T103619_N0512_R008_T32VNK_20260421T143528.SAFE,2026-04-21T10:36:19.024000Z,2.3
DK00FX113,"Hirsholmene, Kattegat",S2,S2C_MSIL2A_20260423T103021_N0512_R108_T32VPK_20260423T143011.SAFE,2026-04-23T10:30:21.025000Z,11.4
DK00FX113,"Hirsholmene, Kattegat",S2,S2A_MSIL2A_20260425T103041_N0512_R108_T32VPK_20260425T172012.SAFE,2026-04-25T10:30:41.024000Z,30.9
DK00FX113,"Hirsholmene, Kattegat",S2,S2C_MSIL2A_20260426T104021_N0512_R008_T32VNK_20260426T160712.SAFE,2026-04-26T10:40:21.025000Z,13.3
DK00FX113,"Hirsholmene, Kattegat",S2,S2B_MSIL2A_20260428T103019_N0512_R108_T32VNJ_20260428T142608.SAFE,2026-04-28T10:30:19.024000Z,0.9
DK00FX113,"Hirsholmene, Kattegat",S2,S2B_MSIL2A_20260501T103619_N0512_R008_T32VNK_20260501T143617.SAFE,2026-05-01T10:36:19.024000Z,4.1
DK00FX113,"Hirsholmene, Kattegat",S2,S2C_MSIL2A_20260503T103021_N0512_R108_T32VPK_20260503T144415.SAFE,2026-05-03T10:30:21.025000Z,94.7
DK00FX113,"Hirsholmene, Kattegat",S2,S2A_MSIL2A_20260505T102701_N0512_R108_T32VPJ_20260505T172317.SAFE,2026-05-05T10:27:01.024000Z,0.0
DK00FX113,"Hirsholmene, Kattegat",S2,S2C_MSIL2A_20260506T104021_N0512_R008_T32VNJ_20260506T161213.SAFE,2026-05-06T10:40:21.025000Z,5.0
DK00FX113,"Hirsholmene, Kattegat",S2,S2B_MSIL2A_20260508T102559_N0512_R108_T32VNJ_20260508T142319.SAFE,2026-05-08T10:25:59.024000Z,13.5
DK00FX113,"Hirsholmene, Kattegat",S2,S2B_MSIL2A_20260511T103619_N0512_R008_T32VNJ_20260511T143727.SAFE,2026-05-11T10:36:19.024000Z,21.6
DK00FX113,"Hirsholmene, Kattegat",S2,S2C_MSIL2A_20260513T103021_N0512_R108_T32VPJ_20260513T154315.SAFE,2026-05-13T10:30:21.025000Z,90.5
DK00FX113,"Hirsholmene, Kattegat",S2,S2A_MSIL2A_20260515T103041_N0512_R108_T32VPK_20260515T170309.SAFE,2026-05-15T10:30:41.024000Z,50.0
DK00FX113,"Hirsholmene, Kattegat",S2,S2C_MSIL2A_20260516T103621_N0512_R008_T32VNK_20260516T142217.SAFE,2026-05-16T10:36:21.025000Z,73.3
DK00FX113,"Hirsholmene, Kattegat",S2,S2B_MSIL2A_20260518T102559_N0512_R108_T32VPK_20260518T142528.SAFE,2026-05-18T10:25:59.024000Z,37.9
DK00FX113,"Hirsholmene, Kattegat",S2,S2B_MSIL2A_20260521T103619_N0512_R008_T32VNJ_20260521T143614.SAFE,2026-05-21T10:36:19.024000Z,57.7
DK00FX113,"Hirsholmene, Kattegat",S2,S2C_MSIL2A_20260523T103021_N0512_R108_T32VNK_20260523T154816.SAFE,2026-05-23T10:30:21.025000Z,97.4
DK00FX113,"Hirsholmene, Kattegat",S2,S2A_MSIL2A_20260525T102701_N0512_R108_T32VNK_20260525T171454.SAFE,2026-05-25T10:27:01.024000Z,0.3
DK00FX113,"Hirsholmene, Kattegat",S2,S2C_MSIL2A_20260526T103621_N0512_R008_T32VPJ_20260526T142503.SAFE,2026-05-26T10:36:21.025000Z,79.7
DK00FX113,"Hirsholmene, Kattegat",S2,S2B_MSIL2A_20260528T102549_N0512_R108_T32VPK_20260528T142243.SAFE,2026-05-28T10:25:49.024000Z,0.5
DK00FX113,"Hirsholmene, Kattegat",S2,S2B_MSIL2A_20260531T103619_N0512_R008_T32VPK_20260531T143638.SAFE,2026-05-31T10:36:19.024000Z,57.2
DK00FX113,"Hirsholmene, Kattegat",S2,S2C_MSIL2A_20260602T103021_N0512_R108_T32VNJ_20260602T155116.SAFE,2026-06-02T10:30:21.025000Z,100.0
DK00FX113,"Hirsholmene, Kattegat",S2,S2A_MSIL2A_20260604T103041_N0512_R108_T32VPJ_20260604T153711.SAFE,2026-06-04T10:30:41.024000Z,99.4
DK00FX113,"Hirsholmene, Kattegat",S2,S2C_MSIL2A_20260605T103621_N0512_R008_T32VPJ_20260605T142115.SAFE,2026-06-05T10:36:21.025000Z,64.3
DK00FX113,"Hirsholmene, Kattegat",S2,S2B_MSIL2A_20260607T102559_N0512_R108_T32VNJ_20260607T142314.SAFE,2026-06-07T10:25:59.024000Z,79.6
DK00FX113,"Hirsholmene, Kattegat",S2,S2B_MSIL2A_20260610T103619_N0512_R008_T32VPJ_20260610T130943.SAFE,2026-06-10T10:36:19.024000Z,49.4
DK00FX113,"Hirsholmene, Kattegat",S2,S2C_MSIL2A_20260612T103021_N0512_R108_T32VPK_20260612T154155.SAFE,2026-06-12T10:30:21.025000Z,66.9
DK00FX113,"Hirsholmene, Kattegat",S2,S2A_MSIL2A_20260614T102701_N0512_R108_T32VNJ_20260614T171009.SAFE,2026-06-14T10:27:01.024000Z,74.1
DK00FX113,"Hirsholmene, Kattegat",S2,S2C_MSIL2A_20260615T103621_N0512_R008_T32VPK_20260615T140015.SAFE,2026-06-15T10:36:21.025000Z,10.3
DK00FX113,"Hirsholmene, Kattegat",S2,S2B_MSIL2A_20260617T102559_N0512_R108_T32VNK_20260617T142419.SAFE,2026-06-17T10:25:59.024000Z,70.5
DK00FX113,"Hirsholmene, Kattegat",S2,S2B_MSIL2A_20260620T103619_N0512_R008_T32VPJ_20260620T143623.SAFE,2026-06-20T10:36:19.024000Z,72.8
DK00FX113,"Hirsholmene, Kattegat",S2,S2C_MSIL2A_20260622T102601_N0512_R108_T32VNK_20260622T154112.SAFE,2026-06-22T10:26:01.025000Z,98.7
DK00FX113,"Hirsholmene, Kattegat",S2,S2A_MSIL2A_20260624T103041_N0512_R108_T32VPK_20260624T170101.SAFE,2026-06-24T10:30:41.024000Z,13.7
DK00FX113,"Hirsholmene, Kattegat",S2,S2C_MSIL2A_20260625T103621_N0512_R008_T32VNJ_20260625T144410.SAFE,2026-06-25T10:36:21.025000Z,0.0
DK00FX113,"Hirsholmene, Kattegat",S2,S2B_MSIL2A_20260627T102559_N0512_R108_T32VPJ_20260627T142435.SAFE,2026-06-27T10:25:59.024000Z,0.6
DK00FX113,"Hirsholmene, Kattegat",S2,S2B_MSIL2A_20260630T103619_N0512_R008_T32VNK_20260630T143753.SAFE,2026-06-30T10:36:19.024000Z,88.0
DK00FX113,"Hirsholmene, Kattegat",S2,S2C_MSIL2A_20260702T103021_N0512_R108_T32VPK_20260702T154313.SAFE,2026-07-02T10:30:21.025000Z,99.8
DK00FX113,"Hirsholmene, Kattegat",S2,S2A_MSIL2A_20260704T102701_N0512_R108_T32VNK_20260704T170718.SAFE,2026-07-04T10:27:01.024000Z,0.6
DK00FX113,"Hirsholmene, Kattegat",S2,S2C_MSIL2A_20260705T103621_N0512_R008_T32VNK_20260705T142312.SAFE,2026-07-05T10:36:21.025000Z,0.0
DK00FX113,"Hirsholmene, Kattegat",S2,S2B_MSIL2A_20260707T102559_N0512_R108_T32VNK_20260707T142442.SAFE,2026-07-07T10:25:59.024000Z,22.7
DK00FX113,"Hirsholmene, Kattegat",S2,S2B_MSIL2A_20260710T103619_N0512_R008_T32VPJ_20260710T143706.SAFE,2026-07-10T10:36:19.027000Z,0.0
DK00FX113,"Hirsholmene, Kattegat",S2,S2C_MSIL2A_20260712T102601_N0512_R108_T32VPK_20260712T155209.SAFE,2026-07-12T10:26:01.025000Z,80.8
DK00FX113,"Hirsholmene, Kattegat",S2,S2A_MSIL2A_20260714T103041_N0512_R108_T32VNJ_20260714T170210.SAFE,2026-07-14T10:30:41.024000Z,52.9
DK00FX113,"Hirsholmene, Kattegat",S2,S2C_MSIL2A_20260715T103621_N0512_R008_T32VPJ_20260715T142215.SAFE,2026-07-15T10:36:21.025000Z,0.0
DK00FX113,"Hirsholmene, Kattegat",S2,S2B_MSIL2A_20260717T103029_N0512_R108_T32VNJ_20260717T142404.SAFE,2026-07-17T10:30:29.025000Z,16.8
DK00FX113,"Hirsholmene, Kattegat",S2,S2B_MSIL2A_20260720T103629_N0512_R008_T32VPJ_20260720T213015.SAFE,2026-07-20T10:36:29.024000Z,0.0
DK00FX113,"Hirsholmene, Kattegat",S2,S2C_MSIL2A_20260722T103031_N0512_R108_T32VNJ_20260722T154710.SAFE,2026-07-22T10:30:31.025000Z,6.1
DK00FX113,"Hirsholmene, Kattegat",S2,S2A_MSIL2A_20260724T102701_N0512_R108_T32VPJ_20260724T171410.SAFE,2026-07-24T10:27:01.024000Z,97.8
DK00FX113,"Hirsholmene, Kattegat",S2,S2C_MSIL2A_20260725T103621_N0512_R008_T32VNK_20260725T142115.SAFE,2026-07-25T10:36:21.025000Z,99.8
DK00FX113,"Hirsholmene, Kattegat",S2,S2B_MSIL2A_20260727T102559_N0512_R108_T32VNK_20260727T142452.SAFE,2026-07-27T10:25:59.024000Z,15.9
DK00FX113,"Hirsholmene, Kattegat",S2,S2B_MSIL2A_20260730T103629_N0512_R008_T32VPK_20260730T143638.SAFE,2026-07-30T10:36:29.024000Z,5.2
DK00FX113,"Hirsholmene, Kattegat",S2,S2C_MSIL2A_20260801T103031_N0512_R108_T32VPJ_20260801T152513.SAFE,2026-08-01T10:30:31.025000Z,11.4
DK00FX113,"Hirsholmene, Kattegat",S2,S2A_MSIL2A_20260803T103041_N0512_R108_T32VPK_20260803T202516.SAFE,2026-08-03T10:30:41.024000Z,76.7
DK00FX113,"Hirsholmene, Kattegat",S2,S2C_MSIL2A_20260804T103621_N0512_R008_T32VPJ_20260804T142308.SAFE,2026-08-04T10:36:21.025000Z,30.0
DK00FX113,"Hirsholmene, Kattegat",S2,S2B_MSIL2A_20260806T102559_N0512_R108_T32VNK_20260806T142406.SAFE,2026-08-06T10:25:59.024000Z,36.2
DK00FX113,"Hirsholmene, Kattegat",S2,S2B_MSIL2A_20260809T103619_N0512_R008_T32VPK_20260809T130941.SAFE,2026-08-09T10:36:19.024000Z,85.9
DK00FX113,"Hirsholmene, Kattegat",S2,S2C_MSIL2A_20260811T102601_N0512_R108_T32VPK_20260811T154722.SAFE,2026-08-11T10:26:01.025000Z,0.0
DK00FX113,"Hirsholmene, Kattegat",S2,S2A_MSIL2A_20260813T102701_N0512_R108_T32VPK_20260813T170810.SAFE,2026-08-13T10:27:01.024000Z,47.9
DK00FX113,"Hirsholmene, Kattegat",S2,S2C_MSIL2A_20260814T104021_N0512_R008_T32VPJ_20260814T142315.SAFE,2026-08-14T10:40:21.025000Z,35.4
DK00FX113,"Hirsholmene, Kattegat",S2,S2B_MSIL2A_20260816T102559_N0512_R108_T32VPJ_20260816T142413.SAFE,2026-08-16T10:25:59.025000Z,14.0
DK00FX113,"Hirsholmene, Kattegat",S2,S2B_MSIL2A_20260819T103619_N0512_R008_T32VPJ_20260819T143522.SAFE,2026-08-19T10:36:19.024000Z,87.1
DK00FX113,"Hirsholmene, Kattegat",S2,S2C_MSIL2A_20260821T103021_N0512_R108_T32VPJ_20260821T153310.SAFE,2026-08-21T10:30:21.025000Z,10.7
DK00FX113,"Hirsholmene, Kattegat",S2,S2A_MSIL2A_20260823T103041_N0512_R108_T32VPK_20260823T203409.SAFE,2026-08-23T10:30:41.024000Z,15.0
DK00FX113,"Hirsholmene, Kattegat",S2,S2C_MSIL2A_20260824T103621_N0512_R008_T32VPJ_20260824T140517.SAFE,2026-08-24T10:36:21.025000Z,1.4
DK00FX113,"Hirsholmene, Kattegat",S2,S2B_MSIL2A_20260826T103019_N0512_R108_T32VPJ_20260826T142512.SAFE,2026-08-26T10:30:19.024000Z,2.1
DK00FX113,"Hirsholmene, Kattegat",S2,S2B_MSIL2A_20260829T103619_N0512_R008_T32VPJ_20260829T143417.SAFE,2026-08-29T10:36:19.024000Z,80.6
DK00FX113,"Hirsholmene, Kattegat",S2,S2C_MSIL2A_20260831T102601_N0512_R108_T32VPK_20260831T191907.SAFE,2026-08-31T10:26:01.025000Z,57.1
DK00FX113,"Hirsholmene, Kattegat",S2,S2A_MSIL2A_20260902T102701_N0512_R108_T32VPJ_20260902T170713.SAFE,2026-09-02T10:27:01.024000Z,9.4
DK00FX113,"Hirsholmene, Kattegat",S2,S2C_MSIL2A_20260903T103621_N0512_R008_T32VNK_20260903T143011.SAFE,2026-09-03T10:36:21.025000Z,72.1
DK00FX113,"Hirsholmene, Kattegat",S2,S2B_MSIL2A_20260905T103019_N0512_R108_T32VNJ_20260905T141558.SAFE,2026-09-05T10:30:19.024000Z,17.2
DK00FX113,"Hirsholmene, Kattegat",S2,S2B_MSIL2A_20260908T104019_N0512_R008_T32VNK_20260908T142824.SAFE,2026-09-08T10:40:19.025000Z,82.3
DK00FX113,"Hirsholmene, Kattegat",S2,S2C_MSIL2A_20260910T102601_N0512_R108_T32VNJ_20260910T155813.SAFE,2026-09-10T10:26:01.025000Z,0.0
DK00FX113,"Hirsholmene, Kattegat",S2,S2A_MSIL2A_20260912T103041_N0512_R108_T32VPJ_20260912T170409.SAFE,2026-09-12T10:30:41.024000Z,95.8
DK00FX113,"Hirsholmene, Kattegat",S2,S2C_MSIL2A_20260913T103631_N0512_R008_T32VPK_20260913T142334.SAFE,2026-09-13T10:36:31.025000Z,19.7
BIJAGOS,"Bijagós Archipelago, Guinea-Bissau",S1,S1A_IW_GRDH_1SDV_20250915T192530_20250915T192555_061003_0799C5_6AED.SAFE,2025-09-15T19:25:30.250627Z,
BIJAGOS,"Bijagós Archipelago, Guinea-Bissau",S1,S1A_IW_GRDH_1SDV_20250917T190920_20250917T190945_061032_079AF2_47E0.SAFE,2025-09-17T19:09:20.328412Z,
BIJAGOS,"Bijagós Archipelago, Guinea-Bissau",S1,S1A_IW_GRDH_1SDV_20250922T191720_20250922T191745_061105_079DD7_DAF0.SAFE,2025-09-22T19:17:20.853500Z,
BIJAGOS,"Bijagós Archipelago, Guinea-Bissau",S1,S1A_IW_GRDH_1SDV_20250927T192530_20250927T192555_061178_07A0CA_3DE4.SAFE,2025-09-27T19:25:30.374553Z,
BIJAGOS,"Bijagós Archipelago, Guinea-Bissau",S1,S1A_IW_GRDH_1SDV_20250929T190920_20250929T190945_061207_07A1FD_7CAE.SAFE,2025-09-29T19:09:20.506123Z,
BIJAGOS,"Bijagós Archipelago, Guinea-Bissau",S1,S1A_IW_GRDH_1SDV_20251004T191720_20251004T191745_061280_07A4E9_57C2.SAFE,2025-10-04T19:17:20.880218Z,
BIJAGOS,"Bijagós Archipelago, Guinea-Bissau",S1,S1A_IW_GRDH_1SDV_20251009T192531_20251009T192556_061353_07A7DB_970C.SAFE,2025-10-09T19:25:31.078133Z,
BIJAGOS,"Bijagós Archipelago, Guinea-Bissau",S1,S1A_IW_GRDH_1SDV_20251011T190921_20251011T190946_061382_07A90B_C844.SAFE,2025-10-11T19:09:21.132320Z,
BIJAGOS,"Bijagós Archipelago, Guinea-Bissau",S1,S1A_IW_GRDH_1SDV_20251016T191721_20251016T191746_061455_07ABF2_F56C.SAFE,2025-10-16T19:17:21.124119Z,
BIJAGOS,"Bijagós Archipelago, Guinea-Bissau",S1,S1A_IW_GRDH_1SDV_20251021T192530_20251021T192555_061528_07AEE3_2629.SAFE,2025-10-21T19:25:30.586584Z,
BIJAGOS,"Bijagós Archipelago, Guinea-Bissau",S1,S1A_IW_GRDH_1SDV_20251023T190920_20251023T190945_061557_07B012_6DF3.SAFE,2025-10-23T19:09:20.616622Z,
BIJAGOS,"Bijagós Archipelago, Guinea-Bissau",S1,S1A_IW_GRDH_1SDV_20251028T191720_20251028T191745_061630_07B2FA_10DE.SAFE,2025-10-28T19:17:20.720616Z,
BIJAGOS,"Bijagós Archipelago, Guinea-Bissau",S1,S1A_IW_GRDH_1SDV_20251102T192530_20251102T192555_061703_07B5D8_3F5E.SAFE,2025-11-02T19:25:30.393242Z,
BIJAGOS,"Bijagós Archipelago, Guinea-Bissau",S1,S1A_IW_GRDH_1SDV_20251104T190920_20251104T190945_061732_07B702_F149.SAFE,2025-11-04T19:09:20.318447Z,
BIJAGOS,"Bijagós Archipelago, Guinea-Bissau",S1,S1A_IW_GRDH_1SDV_20251109T191720_20251109T191745_061805_07B9D2_CE70.SAFE,2025-11-09T19:17:20.239899Z,
BIJAGOS,"Bijagós Archipelago, Guinea-Bissau",S1,S1A_IW_GRDH_1SDV_20251114T192529_20251114T192554_061878_07BC9E_BEB2.SAFE,2025-11-14T19:25:29.363903Z,
BIJAGOS,"Bijagós Archipelago, Guinea-Bissau",S1,S1A_IW_GRDH_1SDV_20251121T191719_20251121T191744_061980_07C0A0_F666.SAFE,2025-11-21T19:17:19.851499Z,
BIJAGOS,"Bijagós Archipelago, Guinea-Bissau",S1,S1A_IW_GRDH_1SDV_20251126T192528_20251126T192553_062053_07C374_4E52.SAFE,2025-11-26T19:25:28.659897Z,
BIJAGOS,"Bijagós Archipelago, Guinea-Bissau",S1,S1A_IW_GRDH_1SDV_20251128T190918_20251128T190943_062082_07C4A2_1615.SAFE,2025-11-28T19:09:18.553657Z,
BIJAGOS,"Bijagós Archipelago, Guinea-Bissau",S1,S1A_IW_GRDH_1SDV_20251203T191718_20251203T191743_062155_07C773_C972.SAFE,2025-12-03T19:17:18.533979Z,
BIJAGOS,"Bijagós Archipelago, Guinea-Bissau",S1,S1A_IW_GRDH_1SDV_20251208T192527_20251208T192552_062228_07CA4F_3C2D.SAFE,2025-12-08T19:25:27.625882Z,
BIJAGOS,"Bijagós Archipelago, Guinea-Bissau",S1,S1A_IW_GRDH_1SDV_20251210T190917_20251210T190942_062257_07CB7F_5DBC.SAFE,2025-12-10T19:09:17.563722Z,
BIJAGOS,"Bijagós Archipelago, Guinea-Bissau",S1,S1A_IW_GRDH_1SDV_20251215T191717_20251215T191742_062330_07CE4B_877A.SAFE,2025-12-15T19:17:17.473842Z,
BIJAGOS,"Bijagós Archipelago, Guinea-Bissau",S1,S1A_IW_GRDH_1SDV_20251220T192526_20251220T192551_062403_07D119_FDEB.SAFE,2025-12-20T19:25:26.342184Z,
BIJAGOS,"Bijagós Archipelago, Guinea-Bissau",S1,S1A_IW_GRDH_1SDV_20251222T190916_20251222T190941_062432_07D243_3B5E.SAFE,2025-12-22T19:09:16.145950Z,
BIJAGOS,"Bijagós Archipelago, Guinea-Bissau",S1,S1A_IW_GRDH_1SDV_20251227T191716_20251227T191741_062505_07D51A_1E0A.SAFE,2025-12-27T19:17:16.033264Z,
BIJAGOS,"Bijagós Archipelago, Guinea-Bissau",S1,S1A_IW_GRDH_1SDV_20260101T192525_20260101T192550_062578_07D7DC_5178.SAFE,2026-01-01T19:25:25.141368Z,
BIJAGOS,"Bijagós Archipelago, Guinea-Bissau",S1,S1A_IW_GRDH_1SDV_20260103T190915_20260103T190940_062607_07D905_E7A0.SAFE,2026-01-03T19:09:15.030855Z,
BIJAGOS,"Bijagós Archipelago, Guinea-Bissau",S1,S1A_IW_GRDH_1SDV_20260108T191714_20260108T191739_062680_07DBD7_E59A.SAFE,2026-01-08T19:17:14.796925Z,
BIJAGOS,"Bijagós Archipelago, Guinea-Bissau",S1,S1A_IW_GRDH_1SDV_20260113T192524_20260113T192549_062753_07DE98_EF8F.SAFE,2026-01-13T19:25:24.144086Z,
BIJAGOS,"Bijagós Archipelago, Guinea-Bissau",S1,S1A_IW_GRDH_1SDV_20260115T190914_20260115T190939_062782_07DFC6_0153.SAFE,2026-01-15T19:09:14.045359Z,
BIJAGOS,"Bijagós Archipelago, Guinea-Bissau",S1,S1A_IW_GRDH_1SDV_20260120T191713_20260120T191738_062855_07E298_BEC8.SAFE,2026-01-20T19:17:13.612137Z,
BIJAGOS,"Bijagós Archipelago, Guinea-Bissau",S1,S1A_IW_GRDH_1SDV_20260125T192522_20260125T192547_062928_07E4E6_A3B8.SAFE,2026-01-25T19:25:22.982307Z,
BIJAGOS,"Bijagós Archipelago, Guinea-Bissau",S1,S1A_IW_GRDH_1SDV_20260127T190913_20260127T190938_062957_07E60E_9D81.SAFE,2026-01-27T19:09:13.292376Z,
BIJAGOS,"Bijagós Archipelago, Guinea-Bissau",S1,S1A_IW_GRDH_1SDV_20260201T191713_20260201T191738_063030_07E8D4_7C7B.SAFE,2026-02-01T19:17:13.318243Z,
BIJAGOS,"Bijagós Archipelago, Guinea-Bissau",S1,S1A_IW_GRDH_1SDV_20260208T190912_20260208T190937_063132_07ECA7_4D21.SAFE,2026-02-08T19:09:12.510202Z,
BIJAGOS,"Bijagós Archipelago, Guinea-Bissau",S1,S1A_IW_GRDH_1SDV_20260213T191712_20260213T191737_063205_07EF57_7F72.SAFE,2026-02-13T19:17:12.480839Z,
BIJAGOS,"Bijagós Archipelago, Guinea-Bissau",S1,S1A_IW_GRDH_1SDV_20260218T192521_20260218T192546_063278_07F210_9DA8.SAFE,2026-02-18T19:25:21.830024Z,
BIJAGOS,"Bijagós Archipelago, Guinea-Bissau",S1,S1A_IW_GRDH_1SDV_20260220T190911_20260220T190936_063307_07F332_2367.SAFE,2026-02-20T19:09:11.908548Z,
BIJAGOS,"Bijagós Archipelago, Guinea-Bissau",S1,S1A_IW_GRDH_1SDV_20260225T191712_20260225T191737_063380_07F5FD_D7BF.SAFE,2026-02-25T19:17:12.261373Z,
BIJAGOS,"Bijagós Archipelago, Guinea-Bissau",S1,S1A_IW_GRDH_1SDV_20260302T192521_20260302T192546_063453_07F8BD_E514.SAFE,2026-03-02T19:25:21.663996Z,
BIJAGOS,"Bijagós Archipelago, Guinea-Bissau",S1,S1A_IW_GRDH_1SDV_20260304T190911_20260304T190936_063482_07F9E2_B2C9.SAFE,2026-03-04T19:09:11.681948Z,
BIJAGOS,"Bijagós Archipelago, Guinea-Bissau",S1,S1A_IW_GRDH_1SDV_20260309T191712_20260309T191737_063555_07FCA4_6A6F.SAFE,2026-03-09T19:17:12.284778Z,
BIJAGOS,"Bijagós Archipelago, Guinea-Bissau",S1,S1A_IW_GRDH_1SDV_20260314T192521_20260314T192546_063628_07FF64_C424.SAFE,2026-03-14T19:25:21.836260Z,
BIJAGOS,"Bijagós Archipelago, Guinea-Bissau",S1,S1A_IW_GRDH_1SDV_20260316T190911_20260316T190936_063657_080079_6E91.SAFE,2026-03-16T19:09:11.841360Z,
BIJAGOS,"Bijagós Archipelago, Guinea-Bissau",S1,S1A_IW_GRDH_1SDV_20260321T191712_20260321T191737_063730_08032A_268D.SAFE,2026-03-21T19:17:12.273151Z,
BIJAGOS,"Bijagós Archipelago, Guinea-Bissau",S1,S1A_IW_GRDH_1SDV_20260326T192521_20260326T192546_063803_0805E8_63C6.SAFE,2026-03-26T19:25:21.925352Z,
BIJAGOS,"Bijagós Archipelago, Guinea-Bissau",S1,S1A_IW_GRDH_1SDV_20260328T190911_20260328T190936_063832_080704_7B7D.SAFE,2026-03-28T19:09:11.961150Z,
BIJAGOS,"Bijagós Archipelago, Guinea-Bissau",S1,S1A_IW_GRDH_1SDV_20260402T191712_20260402T191737_063905_0809B2_690F.SAFE,2026-04-02T19:17:12.222025Z,
BIJAGOS,"Bijagós Archipelago, Guinea-Bissau",S1,S1A_IW_GRDH_1SDV_20260407T192522_20260407T192547_063978_080C6C_BFE4.SAFE,2026-04-07T19:25:22.028404Z,
BIJAGOS,"Bijagós Archipelago, Guinea-Bissau",S1,S1A_IW_GRDH_1SDV_20260409T190912_20260409T190937_064007_080D8C_7A5A.SAFE,2026-04-09T19:09:12.094738Z,
BIJAGOS,"Bijagós Archipelago, Guinea-Bissau",S1,S1A_IW_GRDH_1SDV_20260414T191712_20260414T191737_064080_081044_D792.SAFE,2026-04-14T19:17:12.389317Z,
BIJAGOS,"Bijagós Archipelago, Guinea-Bissau",S1,S1A_IW_GRDH_1SDV_20260419T192522_20260419T192547_064153_0812FA_CC0C.SAFE,2026-04-19T19:25:22.115594Z,
BIJAGOS,"Bijagós Archipelago, Guinea-Bissau",S1,S1A_IW_GRDH_1SDV_20260421T190912_20260421T190937_064182_081413_B43F.SAFE,2026-04-21T19:09:12.274195Z,
BIJAGOS,"Bijagós Archipelago, Guinea-Bissau",S1,S1A_IW_GRDH_1SDV_20260426T191712_20260426T191737_064255_0816CA_03B6.SAFE,2026-04-26T19:17:12.417316Z,
BIJAGOS,"Bijagós Archipelago, Guinea-Bissau",S1,S1A_IW_GRDH_1SDV_20260501T192521_20260501T192546_064328_081976_11D3.SAFE,2026-05-01T19:25:21.778730Z,
BIJAGOS,"Bijagós Archipelago, Guinea-Bissau",S1,S1A_IW_GRDH_1SDV_20260503T190911_20260503T190936_064357_081A95_E9F2.SAFE,2026-05-03T19:09:11.808638Z,
BIJAGOS,"Bijagós Archipelago, Guinea-Bissau",S1,S1A_IW_GRDH_1SDV_20260508T191711_20260508T191736_064430_081D3E_825D.SAFE,2026-05-08T19:17:11.966285Z,
BIJAGOS,"Bijagós Archipelago, Guinea-Bissau",S1,S1A_IW_GRDH_1SDV_20260513T192521_20260513T192546_064503_081FC8_D9AA.SAFE,2026-05-13T19:25:21.362447Z,
BIJAGOS,"Bijagós Archipelago, Guinea-Bissau",S1,S1A_IW_GRDH_1SDV_20260515T190911_20260515T190936_064532_0820CE_999B.SAFE,2026-05-15T19:09:11.381362Z,
BIJAGOS,"Bijagós Archipelago, Guinea-Bissau",S1,S1A_IW_GRDH_1SDV_20260520T191711_20260520T191736_064605_082354_F914.SAFE,2026-05-20T19:17:11.557559Z,
BIJAGOS,"Bijagós Archipelago, Guinea-Bissau",S1,S1A_IW_GRDH_1SDV_20260525T192520_20260525T192545_064678_0825DB_C4D7.SAFE,2026-05-25T19:25:20.867618Z,
BIJAGOS,"Bijagós Archipelago, Guinea-Bissau",S1,S1A_IW_GRDH_1SDV_20260527T190910_20260527T190935_064707_0826EB_5CA2.SAFE,2026-05-27T19:09:10.811199Z,
BIJAGOS,"Bijagós Archipelago, Guinea-Bissau",S1,S1A_IW_GRDH_1SDV_20260601T191710_20260601T191735_064780_082979_6C35.SAFE,2026-06-01T19:17:10.845045Z,
BIJAGOS,"Bijagós Archipelago, Guinea-Bissau",S1,S1A_IW_GRDH_1SDV_20260606T192520_20260606T192545_064853_082C07_1A21.SAFE,2026-06-06T19:25:20.257764Z,
BIJAGOS,"Bijagós Archipelago, Guinea-Bissau",S1,S1A_IW_GRDH_1SDV_20260608T190910_20260608T190935_064882_082D0C_684E.SAFE,2026-06-08T19:09:10.180733Z,
BIJAGOS,"Bijagós Archipelago, Guinea-Bissau",S1,S1A_IW_GRDH_1SDV_20260613T191710_20260613T191735_064955_082F93_3DDE.SAFE,2026-06-13T19:17:10.230026Z,
BIJAGOS,"Bijagós Archipelago, Guinea-Bissau",S1,S1A_IW_GRDH_1SDV_20260618T192519_20260618T192544_065028_083221_A099.SAFE,2026-06-18T19:25:19.645411Z,
BIJAGOS,"Bijagós Archipelago, Guinea-Bissau",S1,S1A_IW_GRDH_1SDV_20260620T190909_20260620T190934_065057_083331_83B6.SAFE,2026-06-20T19:09:09.607530Z,
BIJAGOS,"Bijagós Archipelago, Guinea-Bissau",S1,S1A_IW_GRDH_1SDV_20260625T191709_20260625T191734_065130_0835B9_4399.SAFE,2026-06-25T19:17:09.417667Z,
BIJAGOS,"Bijagós Archipelago, Guinea-Bissau",S1,S1D_IW_GRDH_1SDV_20260627T190829_20260627T190854_003426_00609A_F9CF.SAFE,2026-06-27T19:08:29.050663Z,
BIJAGOS,"Bijagós Archipelago, Guinea-Bissau",S1,S1D_IW_GRDH_1SDV_20260702T191604_20260702T191629_003499_00630B_3BA7.SAFE,2026-07-02T19:16:04.565423Z,
BIJAGOS,"Bijagós Archipelago, Guinea-Bissau",S1,S1D_IW_GRDH_1SDV_20260707T192439_20260707T192504_003572_00658A_AE5C.SAFE,2026-07-07T19:24:39.414901Z,
BIJAGOS,"Bijagós Archipelago, Guinea-Bissau",S1,S1D_IW_GRDH_1SDV_20260709T190829_20260709T190854_003601_006681_B2AE.SAFE,2026-07-09T19:08:29.641077Z,
BIJAGOS,"Bijagós Archipelago, Guinea-Bissau",S1,S1D_IW_GRDH_1SDV_20260714T191605_20260714T191630_003674_006902_3580.SAFE,2026-07-14T19:16:05.350101Z,
BIJAGOS,"Bijagós Archipelago, Guinea-Bissau",S1,S1D_IW_GRDH_1SDV_20260719T192440_20260719T192505_003747_006B82_3C52.SAFE,2026-07-19T19:24:40.393104Z,
BIJAGOS,"Bijagós Archipelago, Guinea-Bissau",S1,S1D_IW_GRDH_1SDV_20260721T190830_20260721T190855_003776_006C77_BC37.SAFE,2026-07-21T19:08:30.547740Z,
BIJAGOS,"Bijagós Archipelago, Guinea-Bissau",S1,S1D_IW_GRDH_1SDV_20260726T191606_20260726T191631_003849_006EFB_52A0.SAFE,2026-07-26T19:16:06.147815Z,
BIJAGOS,"Bijagós Archipelago, Guinea-Bissau",S1,S1D_IW_GRDH_1SDV_20260731T192440_20260731T192505_003922_007188_D162.SAFE,2026-07-31T19:24:40.936327Z,
BIJAGOS,"Bijagós Archipelago, Guinea-Bissau",S1,S1D_IW_GRDH_1SDV_20260802T190831_20260802T190856_003951_007297_BAE0.SAFE,2026-08-02T19:08:31.096058Z,
BIJAGOS,"Bijagós Archipelago, Guinea-Bissau",S1,S1D_IW_GRDH_1SDV_20260807T191606_20260807T191631_004024_007518_1646.SAFE,2026-08-07T19:16:06.520855Z,
BIJAGOS,"Bijagós Archipelago, Guinea-Bissau",S1,S1D_IW_GRDH_1SDV_20260812T192441_20260812T192506_004097_00779A_9CF9.SAFE,2026-08-12T19:24:41.498241Z,
BIJAGOS,"Bijagós Archipelago, Guinea-Bissau",S1,S1D_IW_GRDH_1SDV_20260814T190831_20260814T190856_004126_0078A1_DAC1.SAFE,2026-08-14T19:08:31.645901Z,
BIJAGOS,"Bijagós Archipelago, Guinea-Bissau",S1,S1D_IW_GRDH_1SDV_20260819T191606_20260819T191631_004199_007B1B_2A4E.SAFE,2026-08-19T19:16:06.999680Z,
BIJAGOS,"Bijagós Archipelago, Guinea-Bissau",S1,S1D_IW_GRDH_1SDV_20260824T192442_20260824T192507_004272_007DBF_249C.SAFE,2026-08-24T19:24:42.061752Z,
BIJAGOS,"Bijagós Archipelago, Guinea-Bissau",S1,S1D_IW_GRDH_1SDV_20260826T190832_20260826T190857_004301_007EC0_5D78.SAFE,2026-08-26T19:08:32.296119Z,
BIJAGOS,"Bijagós Archipelago, Guinea-Bissau",S1,S1D_IW_GRDH_1SDV_20260831T191607_20260831T191632_004374_008149_5598.SAFE,2026-08-31T19:16:07.655696Z,
BIJAGOS,"Bijagós Archipelago, Guinea-Bissau",S1,S1D_IW_GRDH_1SDV_20260905T192442_20260905T192507_004447_0083DD_AF7E.SAFE,2026-09-05T19:24:42.320186Z,
BIJAGOS,"Bijagós Archipelago, Guinea-Bissau",S1,S1D_IW_GRDH_1SDV_20260907T190832_20260907T190857_004476_0084DD_EAB9.SAFE,2026-09-07T19:08:32.490157Z,
BIJAGOS,"Bijagós Archipelago, Guinea-Bissau",S1,S1D_IW_GRDH_1SDV_20260912T191608_20260912T191633_004549_008761_9D53.SAFE,2026-09-12T19:16:08.158609Z,
BIJAGOS,"Bijagós Archipelago, Guinea-Bissau",S2,S2B_MSIL2A_20250918T113319_N0511_R080_T28PBU_20250918T165200.SAFE,2025-09-18T11:33:19.024000Z,76.3
BIJAGOS,"Bijagós Archipelago, Guinea-Bissau",S2,S2C_MSIL2A_20250920T112131_N0511_R037_T28PCU_20250920T163414.SAFE,2025-09-20T11:21:31.025000Z,43.1
BIJAGOS,"Bijagós Archipelago, Guinea-Bissau",S2,S2A_MSIL2A_20250922T113641_N0511_R037_T28PCT_20250922T155516.SAFE,2025-09-22T11:36:41.024000Z,39.2
BIJAGOS,"Bijagós Archipelago, Guinea-Bissau",S2,S2C_MSIL2A_20250923T113331_N0511_R080_T28PCU_20250923T165804.SAFE,2025-09-23T11:33:31.025000Z,16.1
BIJAGOS,"Bijagós Archipelago, Guinea-Bissau",S2,S2B_MSIL2A_20250925T112109_N0511_R037_T28PBT_20250925T151904.SAFE,2025-09-25T11:21:09.024000Z,0.0
BIJAGOS,"Bijagós Archipelago, Guinea-Bissau",S2,S2B_MSIL2A_20250928T113319_N0511_R080_T28PCT_20250928T153627.SAFE,2025-09-28T11:33:19.024000Z,99.1
BIJAGOS,"Bijagós Archipelago, Guinea-Bissau",S2,S2C_MSIL2A_20250930T112131_N0511_R037_T28PBS_20250930T153814.SAFE,2025-09-30T11:21:31.025000Z,38.1
BIJAGOS,"Bijagós Archipelago, Guinea-Bissau",S2,S2A_MSIL2A_20251002T112131_N0511_R037_T28PDU_20251002T162114.SAFE,2025-10-02T11:21:31.024000Z,91.1
BIJAGOS,"Bijagós Archipelago, Guinea-Bissau",S2,S2C_MSIL2A_20251003T113331_N0511_R080_T28PBU_20251003T162714.SAFE,2025-10-03T11:33:31.025000Z,100.0
BIJAGOS,"Bijagós Archipelago, Guinea-Bissau",S2,S2B_MSIL2A_20251005T112109_N0511_R037_T28PBT_20251005T150731.SAFE,2025-10-05T11:21:09.024000Z,38.1
BIJAGOS,"Bijagós Archipelago, Guinea-Bissau",S2,S2B_MSIL2A_20251008T113319_N0511_R080_T28PCS_20251008T151649.SAFE,2025-10-08T11:33:19.024000Z,0.4
BIJAGOS,"Bijagós Archipelago, Guinea-Bissau",S2,S2C_MSIL2A_20251010T112131_N0511_R037_T28PCS_20251010T162018.SAFE,2025-10-10T11:21:31.025000Z,99.7
BIJAGOS,"Bijagós Archipelago, Guinea-Bissau",S2,S2A_MSIL2A_20251012T113641_N0511_R037_T28PCS_20251012T155915.SAFE,2025-10-12T11:36:41.024000Z,58.8
BIJAGOS,"Bijagós Archipelago, Guinea-Bissau",S2,S2C_MSIL2A_20251013T113331_N0511_R080_T28PCU_20251013T151213.SAFE,2025-10-13T11:33:31.025000Z,17.8
BIJAGOS,"Bijagós Archipelago, Guinea-Bissau",S2,S2B_MSIL2A_20251015T112109_N0511_R037_T28PBS_20251015T140135.SAFE,2025-10-15T11:21:09.024000Z,0.0
BIJAGOS,"Bijagós Archipelago, Guinea-Bissau",S2,S2B_MSIL2A_20251018T113319_N0511_R080_T28PBS_20251018T151432.SAFE,2025-10-18T11:33:19.024000Z,35.0
BIJAGOS,"Bijagós Archipelago, Guinea-Bissau",S2,S2C_MSIL2A_20251020T112131_N0511_R037_T28PCT_20251020T143317.SAFE,2025-10-20T11:21:31.025000Z,30.9
BIJAGOS,"Bijagós Archipelago, Guinea-Bissau",S2,S2A_MSIL2A_20251022T112141_N0511_R037_T28PBT_20251022T163124.SAFE,2025-10-22T11:21:41.024000Z,15.7
BIJAGOS,"Bijagós Archipelago, Guinea-Bissau",S2,S2C_MSIL2A_20251023T113331_N0511_R080_T28PBT_20251023T144708.SAFE,2025-10-23T11:33:31.025000Z,3.4
BIJAGOS,"Bijagós Archipelago, Guinea-Bissau",S2,S2B_MSIL2A_20251025T112109_N0511_R037_T28PDT_20251025T135824.SAFE,2025-10-25T11:21:09.024000Z,0.2
BIJAGOS,"Bijagós Archipelago, Guinea-Bissau",S2,S2B_MSIL2A_20251028T113319_N0511_R080_T28PCT_20251028T134111.SAFE,2025-10-28T11:33:19.025000Z,9.1
BIJAGOS,"Bijagós Archipelago, Guinea-Bissau",S2,S2C_MSIL2A_20251030T113731_N0511_R037_T28PDU_20251030T141121.SAFE,2025-10-30T11:37:31.025000Z,0.6
BIJAGOS,"Bijagós Archipelago, Guinea-Bissau",S2,S2A_MSIL2A_20251101T113651_N0511_R037_T28PDT_20251101T155717.SAFE,2025-11-01T11:36:51.024000Z,34.1
BIJAGOS,"Bijagós Archipelago, Guinea-Bissau",S2,S2C_MSIL2A_20251102T114731_N0511_R080_T28PBS_20251103T135315.SAFE,2025-11-02T11:47:31.025000Z,17.4
BIJAGOS,"Bijagós Archipelago, Guinea-Bissau",S2,S2B_MSIL2A_20251104T112139_N0511_R037_T28PCT_20251104T134911.SAFE,2025-11-04T11:21:39.024000Z,36.8
BIJAGOS,"Bijagós Archipelago, Guinea-Bissau",S2,S2B_MSIL2A_20251107T113319_N0511_R080_T28PBU_20251107T133948.SAFE,2025-11-07T11:33:19.024000Z,78.6
BIJAGOS,"Bijagós Archipelago, Guinea-Bissau",S2,S2C_MSIL2A_20251109T113721_N0511_R037_T28PDU_20251109T141117.SAFE,2025-11-09T11:37:21.025000Z,68.8
BIJAGOS,"Bijagós Archipelago, Guinea-Bissau",S2,S2A_MSIL2A_20251111T112331_N0511_R037_T28PDT_20251111T155613.SAFE,2025-11-11T11:23:31.024000Z,72.5
BIJAGOS,"Bijagós Archipelago, Guinea-Bissau",S2,S2C_MSIL2A_20251112T114721_N0511_R080_T28PBS_20251112T140609.SAFE,2025-11-12T11:47:21.025000Z,8.0
BIJAGOS,"Bijagós Archipelago, Guinea-Bissau",S2,S2B_MSIL2A_20251114T112229_N0511_R037_T28PDU_20251114T133809.SAFE,2025-11-14T11:22:29.024000Z,0.0
BIJAGOS,"Bijagós Archipelago, Guinea-Bissau",S2,S2C_MSIL2A_20251119T113721_N0511_R037_T28PBS_20251119T135515.SAFE,2025-11-19T11:37:21.025000Z,51.5
BIJAGOS,"Bijagós Archipelago, Guinea-Bissau",S2,S2A_MSIL2A_20251121T113651_N0511_R037_T28PCT_20251121T154914.SAFE,2025-11-21T11:36:51.024000Z,21.8
BIJAGOS,"Bijagós Archipelago, Guinea-Bissau",S2,S2C_MSIL2A_20251122T114721_N0511_R080_T28PCS_20251122T135108.SAFE,2025-11-22T11:47:21.025000Z,50.5
BIJAGOS,"Bijagós Archipelago, Guinea-Bissau",S2,S2B_MSIL2A_20251124T112309_N0511_R037_T28PDT_20251124T134810.SAFE,2025-11-24T11:23:09.024000Z,7.6
BIJAGOS,"Bijagós Archipelago, Guinea-Bissau",S2,S2B_MSIL2A_20251127T113319_N0511_R080_T28PBS_20251127T134745.SAFE,2025-11-27T11:33:19.024000Z,10.5
BIJAGOS,"Bijagós Archipelago, Guinea-Bissau",S2,S2C_MSIL2A_20251129T112431_N0511_R037_T28PCU_20251129T140213.SAFE,2025-11-29T11:24:31.025000Z,7.5
BIJAGOS,"Bijagós Archipelago, Guinea-Bissau",S2,S2A_MSIL2A_20251201T112451_N0511_R037_T28PCU_20251201T154813.SAFE,2025-12-01T11:24:51.024000Z,66.6
BIJAGOS,"Bijagós Archipelago, Guinea-Bissau",S2,S2C_MSIL2A_20251202T113451_N0511_R080_T28PCU_20251202T142008.SAFE,2025-12-02T11:34:51.025000Z,100.0
BIJAGOS,"Bijagós Archipelago, Guinea-Bissau",S2,S2B_MSIL2A_20251204T112339_N0511_R037_T28PCT_20251204T133501.SAFE,2025-12-04T11:23:39.024000Z,1.7
BIJAGOS,"Bijagós Archipelago, Guinea-Bissau",S2,S2B_MSIL2A_20251207T113359_N0511_R080_T28PBT_20251207T155113.SAFE,2025-12-07T11:33:59.024000Z,89.7
BIJAGOS,"Bijagós Archipelago, Guinea-Bissau",S2,S2C_MSIL2A_20251209T112501_N0511_R037_T28PDU_20251209T142410.SAFE,2025-12-09T11:25:01.026000Z,1.4
BIJAGOS,"Bijagós Archipelago, Guinea-Bissau",S2,S2A_MSIL2A_20251211T113641_N0511_R037_T28PCT_20251211T144614.SAFE,2025-12-11T11:36:41.024000Z,46.7
BIJAGOS,"Bijagós Archipelago, Guinea-Bissau",S2,S2C_MSIL2A_20251212T113511_N0511_R080_T28PCS_20251212T142310.SAFE,2025-12-12T11:35:11.025000Z,0.0
BIJAGOS,"Bijagós Archipelago, Guinea-Bissau",S2,S2B_MSIL2A_20251214T112359_N0511_R037_T28PBT_20251214T132113.SAFE,2025-12-14T11:23:59.024000Z,58.8
BIJAGOS,"Bijagós Archipelago, Guinea-Bissau",S2,S2B_MSIL2A_20251217T113409_N0511_R080_T28PCS_20251217T134952.SAFE,2025-12-17T11:34:09.024000Z,100.0
BIJAGOS,"Bijagós Archipelago, Guinea-Bissau",S2,S2C_MSIL2A_20251219T112511_N0511_R037_T28PCT_20251219T142518.SAFE,2025-12-19T11:25:11.025000Z,8.0
BIJAGOS,"Bijagós Archipelago, Guinea-Bissau",S2,S2A_MSIL2A_20251221T112521_N0511_R037_T28PDS_20251221T160313.SAFE,2025-12-21T11:25:21.024000Z,0.1
BIJAGOS,"Bijagós Archipelago, Guinea-Bissau",S2,S2B_MSIL2A_20251224T112409_N0511_R037_T28PCU_20251224T150551.SAFE,2025-12-24T11:24:09.024000Z,0.0
BIJAGOS,"Bijagós Archipelago, Guinea-Bissau",S2,S2B_MSIL2A_20251227T113409_N0511_R080_T28PCT_20251227T151413.SAFE,2025-12-27T11:34:09.024000Z,0.0
BIJAGOS,"Bijagós Archipelago, Guinea-Bissau",S2,S2C_MSIL2A_20251229T112511_N0511_R037_T28PDS_20251229T142111.SAFE,2025-12-29T11:25:11.025000Z,0.0
BIJAGOS,"Bijagós Archipelago, Guinea-Bissau",S2,S2A_MSIL2A_20251231T113651_N0511_R037_T28PDT_20251231T154309.SAFE,2025-12-31T11:36:51.024000Z,0.0
BIJAGOS,"Bijagós Archipelago, Guinea-Bissau",S2,S2C_MSIL2A_20260101T113511_N0511_R080_T28PCT_20260101T142513.SAFE,2026-01-01T11:35:11.025000Z,33.7
BIJAGOS,"Bijagós Archipelago, Guinea-Bissau",S2,S2B_MSIL2A_20260103T112359_N0511_R037_T28PDU_20260103T135832.SAFE,2026-01-03T11:23:59.024000Z,0.0
BIJAGOS,"Bijagós Archipelago, Guinea-Bissau",S2,S2B_MSIL2A_20260106T113349_N0511_R080_T28PCS_20260106T165331.SAFE,2026-01-06T11:33:49.024000Z,100.0
BIJAGOS,"Bijagós Archipelago, Guinea-Bissau",S2,S2C_MSIL2A_20260108T112451_N0511_R037_T28PDU_20260108T142409.SAFE,2026-01-08T11:24:51.025000Z,0.0
BIJAGOS,"Bijagós Archipelago, Guinea-Bissau",S2,S2A_MSIL2A_20260110T112131_N0511_R037_T28PBS_20260110T163011.SAFE,2026-01-10T11:21:31.024000Z,0.0
BIJAGOS,"Bijagós Archipelago, Guinea-Bissau",S2,S2C_MSIL2A_20260111T113441_N0511_R080_T28PBU_20260111T142208.SAFE,2026-01-11T11:34:41.025000Z,0.0
BIJAGOS,"Bijagós Archipelago, Guinea-Bissau",S2,S2B_MSIL2A_20260113T112329_N0511_R037_T28PCU_20260113T150158.SAFE,2026-01-13T11:23:29.024000Z,20.2
BIJAGOS,"Bijagós Archipelago, Guinea-Bissau",S2,S2B_MSIL2A_20260116T113329_N0511_R080_T28PBS_20260116T165103.SAFE,2026-01-16T11:33:29.024000Z,0.0
BIJAGOS,"Bijagós Archipelago, Guinea-Bissau",S2,S2C_MSIL2A_20260118T112411_N0511_R037_T28PCS_20260118T143408.SAFE,2026-01-18T11:24:11.025000Z,0.0
BIJAGOS,"Bijagós Archipelago, Guinea-Bissau",S2,S2C_MSIL2A_20260121T113401_N0511_R080_T28PCS_20260121T144710.SAFE,2026-01-21T11:34:01.025000Z,17.5
BIJAGOS,"Bijagós Archipelago, Guinea-Bissau",S2,S2B_MSIL2A_20260123T112249_N0511_R037_T28PDS_20260123T150755.SAFE,2026-01-23T11:22:49.024000Z,45.4
BIJAGOS,"Bijagós Archipelago, Guinea-Bissau",S2,S2B_MSIL2A_20260126T113309_N0511_R080_T28PCS_20260126T165225.SAFE,2026-01-26T11:33:09.024000Z,0.0
BIJAGOS,"Bijagós Archipelago, Guinea-Bissau",S2,S2C_MSIL2A_20260128T112321_N0511_R037_T28PDU_20260128T151411.SAFE,2026-01-28T11:23:21.025000Z,0.2
BIJAGOS,"Bijagós Archipelago, Guinea-Bissau",S2,S2C_MSIL2A_20260131T113321_N0511_R080_T28PBU_20260131T152409.SAFE,2026-01-31T11:33:21.025000Z,0.0
BIJAGOS,"Bijagós Archipelago, Guinea-Bissau",S2,S2B_MSIL2A_20260202T112159_N0511_R037_T28PCT_20260202T151511.SAFE,2026-02-02T11:21:59.024000Z,0.0
BIJAGOS,"Bijagós Archipelago, Guinea-Bissau",S2,S2B_MSIL2A_20260205T113309_N0512_R080_T28PCS_20260205T183915.SAFE,2026-02-05T11:33:09.024000Z,96.1
BIJAGOS,"Bijagós Archipelago, Guinea-Bissau",S2,S2C_MSIL2A_20260207T112231_N0512_R037_T28PDT_20260207T151215.SAFE,2026-02-07T11:22:31.024000Z,0.5
BIJAGOS,"Bijagós Archipelago, Guinea-Bissau",S2,S2C_MSIL2A_20260210T113321_N0512_R080_T28PBU_20260210T142408.SAFE,2026-02-10T11:33:21.025000Z,0.0
BIJAGOS,"Bijagós Archipelago, Guinea-Bissau",S2,S2B_MSIL2A_20260212T112109_N0512_R037_T28PCU_20260212T155348.SAFE,2026-02-12T11:21:09.025000Z,0.0
BIJAGOS,"Bijagós Archipelago, Guinea-Bissau",S2,S2B_MSIL2A_20260215T113309_N0512_R080_T28PCU_20260215T170059.SAFE,2026-02-15T11:33:09.024000Z,0.0
BIJAGOS,"Bijagós Archipelago, Guinea-Bissau",S2,S2C_MSIL2A_20260217T112131_N0512_R037_T28PCS_20260217T142813.SAFE,2026-02-17T11:21:31.025000Z,0.0
BIJAGOS,"Bijagós Archipelago, Guinea-Bissau",S2,S2C_MSIL2A_20260220T113321_N0512_R080_T28PCT_20260220T144609.SAFE,2026-02-20T11:33:21.025000Z,0.0
BIJAGOS,"Bijagós Archipelago, Guinea-Bissau",S2,S2B_MSIL2A_20260222T112109_N0512_R037_T28PCT_20260222T182041.SAFE,2026-02-22T11:21:09.024000Z,0.0
BIJAGOS,"Bijagós Archipelago, Guinea-Bissau",S2,S2B_MSIL2A_20260225T113319_N0512_R080_T28PCS_20260225T182945.SAFE,2026-02-25T11:33:19.024000Z,12.3
BIJAGOS,"Bijagós Archipelago, Guinea-Bissau",S2,S2C_MSIL2A_20260302T113321_N0512_R080_T28PCS_20260302T161412.SAFE,2026-03-02T11:33:21.025000Z,80.1
BIJAGOS,"Bijagós Archipelago, Guinea-Bissau",S2,S2B_MSIL2A_20260304T112109_N0512_R037_T28PCU_20260304T165437.SAFE,2026-03-04T11:21:09.024000Z,29.4
BIJAGOS,"Bijagós Archipelago, Guinea-Bissau",S2,S2B_MSIL2A_20260307T113319_N0512_R080_T28PCS_20260307T164952.SAFE,2026-03-07T11:33:19.024000Z,16.7
BIJAGOS,"Bijagós Archipelago, Guinea-Bissau",S2,S2C_MSIL2A_20260309T112111_N0512_R037_T28PCS_20260309T162213.SAFE,2026-03-09T11:21:11.025000Z,0.0
BIJAGOS,"Bijagós Archipelago, Guinea-Bissau",S2,S2C_MSIL2A_20260312T113321_N0512_R080_T28PCS_20260312T164411.SAFE,2026-03-12T11:33:21.025000Z,14.1
BIJAGOS,"Bijagós Archipelago, Guinea-Bissau",S2,S2B_MSIL2A_20260314T112109_N0512_R037_T28PCU_20260314T164404.SAFE,2026-03-14T11:21:09.024000Z,0.0
BIJAGOS,"Bijagós Archipelago, Guinea-Bissau",S2,S2B_MSIL2A_20260317T113319_N0512_R080_T28PBS_20260317T151823.SAFE,2026-03-17T11:33:19.024000Z,0.0
BIJAGOS,"Bijagós Archipelago, Guinea-Bissau",S2,S2C_MSIL2A_20260319T112121_N0512_R037_T28PDT_20260319T170917.SAFE,2026-03-19T11:21:21.025000Z,0.0
BIJAGOS,"Bijagós Archipelago, Guinea-Bissau",S2,S2A_MSIL2A_20260321T112131_N0512_R037_T28PBT_20260321T211918.SAFE,2026-03-21T11:21:31.024000Z,0.1
BIJAGOS,"Bijagós Archipelago, Guinea-Bissau",S2,S2C_MSIL2A_20260322T113321_N0512_R080_T28PBT_20260322T183910.SAFE,2026-03-22T11:33:21.025000Z,3.0
BIJAGOS,"Bijagós Archipelago, Guinea-Bissau",S2,S2B_MSIL2A_20260324T112109_N0512_R037_T28PCS_20260324T164303.SAFE,2026-03-24T11:21:09.025000Z,1.3
BIJAGOS,"Bijagós Archipelago, Guinea-Bissau",S2,S2B_MSIL2A_20260327T113319_N0512_R080_T28PCT_20260327T154405.SAFE,2026-03-27T11:33:19.024000Z,0.0
BIJAGOS,"Bijagós Archipelago, Guinea-Bissau",S2,S2C_MSIL2A_20260329T112111_N0512_R037_T28PCT_20260329T164010.SAFE,2026-03-29T11:21:11.025000Z,4.4
BIJAGOS,"Bijagós Archipelago, Guinea-Bissau",S2,S2A_MSIL2A_20260331T113651_N0512_R037_T28PDU_20260331T205210.SAFE,2026-03-31T11:36:51.024000Z,10.9
BIJAGOS,"Bijagós Archipelago, Guinea-Bissau",S2,S2C_MSIL2A_20260401T113321_N0512_R080_T28PBT_20260401T165400.SAFE,2026-04-01T11:33:21.025000Z,49.4
BIJAGOS,"Bijagós Archipelago, Guinea-Bissau",S2,S2B_MSIL2A_20260403T112109_N0512_R037_T28PCT_20260403T164510.SAFE,2026-04-03T11:21:09.024000Z,0.0
BIJAGOS,"Bijagós Archipelago, Guinea-Bissau",S2,S2B_MSIL2A_20260406T113319_N0512_R080_T28PCS_20260406T165107.SAFE,2026-04-06T11:33:19.024000Z,3.3
BIJAGOS,"Bijagós Archipelago, Guinea-Bissau",S2,S2C_MSIL2A_20260408T112111_N0512_R037_T28PDS_20260408T160010.SAFE,2026-04-08T11:21:11.025000Z,0.0
BIJAGOS,"Bijagós Archipelago, Guinea-Bissau",S2,S2A_MSIL2A_20260410T112131_N0512_R037_T28PDS_20260410T210812.SAFE,2026-04-10T11:21:31.024000Z,1.1
BIJAGOS,"Bijagós Archipelago, Guinea-Bissau",S2,S2C_MSIL2A_20260411T114711_N0512_R080_T28PCU_20260411T155217.SAFE,2026-04-11T11:47:11.025000Z,23.0
BIJAGOS,"Bijagós Archipelago, Guinea-Bissau",S2,S2B_MSIL2A_20260413T112109_N0512_R037_T28PBT_20260413T150823.SAFE,2026-04-13T11:21:09.024000Z,0.4
BIJAGOS,"Bijagós Archipelago, Guinea-Bissau",S2,S2B_MSIL2A_20260416T113319_N0512_R080_T28PCS_20260416T154359.SAFE,2026-04-16T11:33:19.024000Z,0.4
BIJAGOS,"Bijagós Archipelago, Guinea-Bissau",S2,S2C_MSIL2A_20260418T112111_N0512_R037_T28PBS_20260418T144915.SAFE,2026-04-18T11:21:11.024000Z,0.0
BIJAGOS,"Bijagós Archipelago, Guinea-Bissau",S2,S2A_MSIL2A_20260420T113651_N0512_R037_T28PDU_20260420T210157.SAFE,2026-04-20T11:36:51.024000Z,16.8
BIJAGOS,"Bijagós Archipelago, Guinea-Bissau",S2,S2C_MSIL2A_20260421T114711_N0512_R080_T28PCS_20260421T144618.SAFE,2026-04-21T11:47:11.025000Z,1.9
BIJAGOS,"Bijagós Archipelago, Guinea-Bissau",S2,S2B_MSIL2A_20260423T112109_N0512_R037_T28PDT_20260423T150158.SAFE,2026-04-23T11:21:09.024000Z,29.1
BIJAGOS,"Bijagós Archipelago, Guinea-Bissau",S2,S2B_MSIL2A_20260426T113319_N0512_R080_T28PCS_20260426T154329.SAFE,2026-04-26T11:33:19.024000Z,1.8
BIJAGOS,"Bijagós Archipelago, Guinea-Bissau",S2,S2C_MSIL2A_20260428T112111_N0512_R037_T28PBT_20260428T160508.SAFE,2026-04-28T11:21:11.025000Z,15.2
BIJAGOS,"Bijagós Archipelago, Guinea-Bissau",S2,S2A_MSIL2A_20260430T112131_N0512_R037_T28PDU_20260430T210710.SAFE,2026-04-30T11:21:31.024000Z,11.6
BIJAGOS,"Bijagós Archipelago, Guinea-Bissau",S2,S2C_MSIL2A_20260501T114721_N0512_R080_T28PBT_20260501T155310.SAFE,2026-05-01T11:47:21.025000Z,0.0
BIJAGOS,"Bijagós Archipelago, Guinea-Bissau",S2,S2B_MSIL2A_20260503T112109_N0512_R037_T28PDT_20260503T140046.SAFE,2026-05-03T11:21:09.024000Z,0.2
BIJAGOS,"Bijagós Archipelago, Guinea-Bissau",S2,S2B_MSIL2A_20260506T113319_N0512_R080_T28PBU_20260506T152546.SAFE,2026-05-06T11:33:19.024000Z,4.1
BIJAGOS,"Bijagós Archipelago, Guinea-Bissau",S2,S2C_MSIL2A_20260508T112111_N0512_R037_T28PCU_20260508T151219.SAFE,2026-05-08T11:21:11.025000Z,0.0
BIJAGOS,"Bijagós Archipelago, Guinea-Bissau",S2,S2A_MSIL2A_20260510T113641_N0512_R037_T28PDU_20260510T205411.SAFE,2026-05-10T11:36:41.024000Z,19.4
BIJAGOS,"Bijagós Archipelago, Guinea-Bissau",S2,S2C_MSIL2A_20260511T113321_N0512_R080_T28PBS_20260511T164113.SAFE,2026-05-11T11:33:21.025000Z,0.0
BIJAGOS,"Bijagós Archipelago, Guinea-Bissau",S2,S2B_MSIL2A_20260513T112109_N0512_R037_T28PBT_20260513T150454.SAFE,2026-05-13T11:21:09.024000Z,31.4
BIJAGOS,"Bijagós Archipelago, Guinea-Bissau",S2,S2B_MSIL2A_20260516T113319_N0512_R080_T28PBS_20260516T151626.SAFE,2026-05-16T11:33:19.024000Z,8.1
BIJAGOS,"Bijagós Archipelago, Guinea-Bissau",S2,S2C_MSIL2A_20260518T112111_N0512_R037_T28PCS_20260518T163717.SAFE,2026-05-18T11:21:11.025000Z,0.0
BIJAGOS,"Bijagós Archipelago, Guinea-Bissau",S2,S2A_MSIL2A_20260520T112131_N0512_R037_T28PDU_20260520T205709.SAFE,2026-05-20T11:21:31.024000Z,0.0
BIJAGOS,"Bijagós Archipelago, Guinea-Bissau",S2,S2C_MSIL2A_20260521T113321_N0512_R080_T28PBT_20260521T164116.SAFE,2026-05-21T11:33:21.025000Z,0.0
BIJAGOS,"Bijagós Archipelago, Guinea-Bissau",S2,S2B_MSIL2A_20260523T112109_N0512_R037_T28PBS_20260523T150103.SAFE,2026-05-23T11:21:09.024000Z,7.8
BIJAGOS,"Bijagós Archipelago, Guinea-Bissau",S2,S2B_MSIL2A_20260526T113309_N0512_R080_T28PCU_20260526T151650.SAFE,2026-05-26T11:33:09.024000Z,0.0
BIJAGOS,"Bijagós Archipelago, Guinea-Bissau",S2,S2C_MSIL2A_20260528T112111_N0512_R037_T28PBS_20260528T162613.SAFE,2026-05-28T11:21:11.025000Z,8.7
BIJAGOS,"Bijagós Archipelago, Guinea-Bissau",S2,S2A_MSIL2A_20260530T113651_N0512_R037_T28PCT_20260530T204207.SAFE,2026-05-30T11:36:51.024000Z,61.5
BIJAGOS,"Bijagós Archipelago, Guinea-Bissau",S2,S2C_MSIL2A_20260531T113321_N0512_R080_T28PBU_20260531T163614.SAFE,2026-05-31T11:33:21.025000Z,77.8
BIJAGOS,"Bijagós Archipelago, Guinea-Bissau",S2,S2B_MSIL2A_20260602T112109_N0512_R037_T28PBS_20260602T135715.SAFE,2026-06-02T11:21:09.025000Z,10.4
BIJAGOS,"Bijagós Archipelago, Guinea-Bissau",S2,S2B_MSIL2A_20260605T113319_N0512_R080_T28PCU_20260605T151811.SAFE,2026-06-05T11:33:19.024000Z,14.4
BIJAGOS,"Bijagós Archipelago, Guinea-Bissau",S2,S2C_MSIL2A_20260607T112111_N0512_R037_T28PCT_20260607T161617.SAFE,2026-06-07T11:21:11.025000Z,97.5
BIJAGOS,"Bijagós Archipelago, Guinea-Bissau",S2,S2A_MSIL2A_20260609T112131_N0512_R037_T28PCU_20260609T205914.SAFE,2026-06-09T11:21:31.024000Z,46.2
BIJAGOS,"Bijagós Archipelago, Guinea-Bissau",S2,S2C_MSIL2A_20260610T113321_N0512_R080_T28PBS_20260610T163922.SAFE,2026-06-10T11:33:21.025000Z,11.3
BIJAGOS,"Bijagós Archipelago, Guinea-Bissau",S2,S2B_MSIL2A_20260612T112109_N0512_R037_T28PCU_20260612T150716.SAFE,2026-06-12T11:21:09.024000Z,100.0
BIJAGOS,"Bijagós Archipelago, Guinea-Bissau",S2,S2B_MSIL2A_20260615T113319_N0512_R080_T28PBU_20260615T152910.SAFE,2026-06-15T11:33:19.024000Z,64.4
BIJAGOS,"Bijagós Archipelago, Guinea-Bissau",S2,S2C_MSIL2A_20260617T112111_N0512_R037_T28PCS_20260617T154911.SAFE,2026-06-17T11:21:11.025000Z,57.7
BIJAGOS,"Bijagós Archipelago, Guinea-Bissau",S2,S2A_MSIL2A_20260619T113651_N0512_R037_T28PCT_20260619T204914.SAFE,2026-06-19T11:36:51.024000Z,99.3
BIJAGOS,"Bijagós Archipelago, Guinea-Bissau",S2,S2C_MSIL2A_20260620T113321_N0512_R080_T28PBU_20260620T163152.SAFE,2026-06-20T11:33:21.025000Z,98.8
BIJAGOS,"Bijagós Archipelago, Guinea-Bissau",S2,S2B_MSIL2A_20260622T112109_N0512_R037_T28PDS_20260622T150147.SAFE,2026-06-22T11:21:09.024000Z,3.2
BIJAGOS,"Bijagós Archipelago, Guinea-Bissau",S2,S2B_MSIL2A_20260625T113319_N0512_R080_T28PBU_20260625T151707.SAFE,2026-06-25T11:33:19.024000Z,3.7
BIJAGOS,"Bijagós Archipelago, Guinea-Bissau",S2,S2C_MSIL2A_20260627T112111_N0512_R037_T28PDS_20260627T160210.SAFE,2026-06-27T11:21:11.025000Z,100.0
BIJAGOS,"Bijagós Archipelago, Guinea-Bissau",S2,S2A_MSIL2A_20260629T112131_N0512_R037_T28PCS_20260629T205508.SAFE,2026-06-29T11:21:31.024000Z,54.2
BIJAGOS,"Bijagós Archipelago, Guinea-Bissau",S2,S2C_MSIL2A_20260630T113321_N0512_R080_T28PCS_20260630T164114.SAFE,2026-06-30T11:33:21.025000Z,10.7
BIJAGOS,"Bijagós Archipelago, Guinea-Bissau",S2,S2B_MSIL2A_20260702T112109_N0512_R037_T28PDT_20260702T150806.SAFE,2026-07-02T11:21:09.024000Z,19.0
BIJAGOS,"Bijagós Archipelago, Guinea-Bissau",S2,S2B_MSIL2A_20260705T113319_N0512_R080_T28PBS_20260705T151836.SAFE,2026-07-05T11:33:19.024000Z,23.2
BIJAGOS,"Bijagós Archipelago, Guinea-Bissau",S2,S2C_MSIL2A_20260707T112111_N0512_R037_T28PDU_20260707T161315.SAFE,2026-07-07T11:21:11.024000Z,10.7
BIJAGOS,"Bijagós Archipelago, Guinea-Bissau",S2,S2A_MSIL2A_20260709T113641_N0512_R037_T28PDU_20260709T204209.SAFE,2026-07-09T11:36:41.024000Z,19.1
BIJAGOS,"Bijagós Archipelago, Guinea-Bissau",S2,S2C_MSIL2A_20260710T113321_N0512_R080_T28PCU_20260710T163212.SAFE,2026-07-10T11:33:21.025000Z,68.7
BIJAGOS,"Bijagós Archipelago, Guinea-Bissau",S2,S2B_MSIL2A_20260712T112109_N0512_R037_T28PBS_20260712T150854.SAFE,2026-07-12T11:21:09.024000Z,65.2
BIJAGOS,"Bijagós Archipelago, Guinea-Bissau",S2,S2B_MSIL2A_20260715T113319_N0512_R080_T28PBU_20260715T151522.SAFE,2026-07-15T11:33:19.024000Z,54.0
BIJAGOS,"Bijagós Archipelago, Guinea-Bissau",S2,S2C_MSIL2A_20260717T112111_N0512_R037_T28PBS_20260717T161812.SAFE,2026-07-17T11:21:11.025000Z,84.4
BIJAGOS,"Bijagós Archipelago, Guinea-Bissau",S2,S2A_MSIL2A_20260719T113651_N0512_R037_T28PDS_20260719T203915.SAFE,2026-07-19T11:36:51.024000Z,79.6
BIJAGOS,"Bijagós Archipelago, Guinea-Bissau",S2,S2C_MSIL2A_20260720T113321_N0512_R080_T28PCU_20260720T163714.SAFE,2026-07-20T11:33:21.025000Z,76.2
BIJAGOS,"Bijagós Archipelago, Guinea-Bissau",S2,S2B_MSIL2A_20260722T112119_N0512_R037_T28PCU_20260722T150918.SAFE,2026-07-22T11:21:19.024000Z,82.8
BIJAGOS,"Bijagós Archipelago, Guinea-Bissau",S2,S2B_MSIL2A_20260725T113319_N0512_R080_T28PBU_20260725T151530.SAFE,2026-07-25T11:33:19.024000Z,65.2
BIJAGOS,"Bijagós Archipelago, Guinea-Bissau",S2,S2C_MSIL2A_20260727T112111_N0512_R037_T28PDS_20260727T161115.SAFE,2026-07-27T11:21:11.025000Z,75.8
BIJAGOS,"Bijagós Archipelago, Guinea-Bissau",S2,S2A_MSIL2A_20260729T112131_N0512_R037_T28PBS_20260729T210009.SAFE,2026-07-29T11:21:31.024000Z,5.8
BIJAGOS,"Bijagós Archipelago, Guinea-Bissau",S2,S2C_MSIL2A_20260730T113321_N0512_R080_T28PBS_20260730T163514.SAFE,2026-07-30T11:33:21.025000Z,4.5
BIJAGOS,"Bijagós Archipelago, Guinea-Bissau",S2,S2B_MSIL2A_20260801T112119_N0512_R037_T28PBS_20260801T150448.SAFE,2026-08-01T11:21:19.024000Z,71.6
BIJAGOS,"Bijagós Archipelago, Guinea-Bissau",S2,S2B_MSIL2A_20260804T113319_N0512_R080_T28PBT_20260804T151817.SAFE,2026-08-04T11:33:19.024000Z,65.4
BIJAGOS,"Bijagós Archipelago, Guinea-Bissau",S2,S2C_MSIL2A_20260806T112111_N0512_R037_T28PDS_20260806T160510.SAFE,2026-08-06T11:21:11.025000Z,76.1
BIJAGOS,"Bijagós Archipelago, Guinea-Bissau",S2,S2A_MSIL2A_20260808T113651_N0512_R037_T28PBS_20260808T205410.SAFE,2026-08-08T11:36:51.024000Z,42.4
BIJAGOS,"Bijagós Archipelago, Guinea-Bissau",S2,S2C_MSIL2A_20260809T113321_N0512_R080_T28PCS_20260809T163509.SAFE,2026-08-09T11:33:21.025000Z,15.0
BIJAGOS,"Bijagós Archipelago, Guinea-Bissau",S2,S2B_MSIL2A_20260811T112109_N0512_R037_T28PDS_20260811T150329.SAFE,2026-08-11T11:21:09.025000Z,96.2
BIJAGOS,"Bijagós Archipelago, Guinea-Bissau",S2,S2B_MSIL2A_20260814T113319_N0512_R080_T28PBU_20260814T151959.SAFE,2026-08-14T11:33:19.024000Z,71.7
BIJAGOS,"Bijagós Archipelago, Guinea-Bissau",S2,S2C_MSIL2A_20260816T112111_N0512_R037_T28PCU_20260816T154715.SAFE,2026-08-16T11:21:11.025000Z,45.2
BIJAGOS,"Bijagós Archipelago, Guinea-Bissau",S2,S2A_MSIL2A_20260818T112131_N0512_R037_T28PCU_20260818T210108.SAFE,2026-08-18T11:21:31.024000Z,58.8
BIJAGOS,"Bijagós Archipelago, Guinea-Bissau",S2,S2C_MSIL2A_20260819T113321_N0512_R080_T28PBS_20260819T163110.SAFE,2026-08-19T11:33:21.025000Z,29.2
BIJAGOS,"Bijagós Archipelago, Guinea-Bissau",S2,S2B_MSIL2A_20260821T112109_N0512_R037_T28PCT_20260821T150358.SAFE,2026-08-21T11:21:09.024000Z,7.2
BIJAGOS,"Bijagós Archipelago, Guinea-Bissau",S2,S2B_MSIL2A_20260824T113319_N0512_R080_T28PBU_20260824T152039.SAFE,2026-08-24T11:33:19.024000Z,65.4
BIJAGOS,"Bijagós Archipelago, Guinea-Bissau",S2,S2C_MSIL2A_20260826T112111_N0512_R037_T28PCT_20260826T155425.SAFE,2026-08-26T11:21:11.025000Z,100.0
BIJAGOS,"Bijagós Archipelago, Guinea-Bissau",S2,S2A_MSIL2A_20260828T113641_N0512_R037_T28PCU_20260828T204809.SAFE,2026-08-28T11:36:41.024000Z,59.5
BIJAGOS,"Bijagós Archipelago, Guinea-Bissau",S2,S2C_MSIL2A_20260829T113321_N0512_R080_T28PBU_20260829T163354.SAFE,2026-08-29T11:33:21.025000Z,71.1
BIJAGOS,"Bijagós Archipelago, Guinea-Bissau",S2,S2B_MSIL2A_20260831T112109_N0512_R037_T28PCS_20260831T150950.SAFE,2026-08-31T11:21:09.024000Z,9.1
BIJAGOS,"Bijagós Archipelago, Guinea-Bissau",S2,S2B_MSIL2A_20260903T113319_N0512_R080_T28PBU_20260903T164956.SAFE,2026-09-03T11:33:19.024000Z,34.9
BIJAGOS,"Bijagós Archipelago, Guinea-Bissau",S2,S2C_MSIL2A_20260905T112111_N0512_R037_T28PCT_20260905T160902.SAFE,2026-09-05T11:21:11.025000Z,27.0
BIJAGOS,"Bijagós Archipelago, Guinea-Bissau",S2,S2A_MSIL2A_20260907T112131_N0512_R037_T28PBT_20260907T210810.SAFE,2026-09-07T11:21:31.024000Z,2.7
BIJAGOS,"Bijagós Archipelago, Guinea-Bissau",S2,S2C_MSIL2A_20260908T113321_N0512_R080_T28PBT_20260908T162009.SAFE,2026-09-08T11:33:21.025000Z,74.8
BIJAGOS,"Bijagós Archipelago, Guinea-Bissau",S2,S2B_MSIL2A_20260910T112109_N0512_R037_T28PDT_20260910T152036.SAFE,2026-09-10T11:21:09.024000Z,25.2
BIJAGOS,"Bijagós Archipelago, Guinea-Bissau",S2,S2B_MSIL2A_20260913T113319_N0512_R080_T28PBT_20260913T165526.SAFE,2026-09-13T11:33:19.024000Z,6.8
