scene_id,mmsi,lat,lon,sog,cog,method,dt_before_s,dt_after_s
S1D_IW_GRDH_1SDV_20260813T170107_20260813T170132_004110_007814_52E6,219003066,57.492732,10.505372,0.0,,interpolated,5,1
S1D_IW_GRDH_1SDV_20260813T170107_20260813T170132_004110_007814_52E6,219009135,57.492817,10.505574,0.0,27.6,interpolated,8,0
S1D_IW_GRDH_1SDV_20260813T170107_20260813T170132_004110_007814_52E6,219006301,57.492179,10.506703,0.0,347.7,interpolated,8,1
S1D_IW_GRDH_1SDV_20260813T170107_20260813T170132_004110_007814_52E6,219005956,57.493027,10.506218,0.0,242.4,interpolated,9,1
S1D_IW_GRDH_1SDV_20260813T170107_20260813T170132_004110_007814_52E6,220072000,57.493411,10.506228,0.0,,interpolated,9,0
S1D_IW_GRDH_1SDV_20260813T170107_20260813T170132_004110_007814_52E6,266212000,57.685077,10.629803,0.0,283.4,interpolated,7,2
S1D_IW_GRDH_1SDV_20260813T170107_20260813T170132_004110_007814_52E6,219010207,57.47443,10.649652,6.4,99.7,interpolated,8,2
S1D_IW_GRDH_1SDV_20260813T170107_20260813T170132_004110_007814_52E6,219005941,57.492056,10.506318,0.0,234.7,interpolated,6,3
S1D_IW_GRDH_1SDV_20260813T170107_20260813T170132_004110_007814_52E6,220356000,57.49231,10.507102,0.0,79.8,interpolated,7,2
S1D_IW_GRDH_1SDV_20260813T170107_20260813T170132_004110_007814_52E6,219024715,57.492102,10.505185,0.0,,interpolated,3,0
S1D_IW_GRDH_1SDV_20260813T170107_20260813T170132_004110_007814_52E6,219164000,57.276736,10.714562,6.7,184.0,interpolated,6,3
S1D_IW_GRDH_1SDV_20260813T170107_20260813T170132_004110_007814_52E6,220359000,57.494169,10.501916,0.0,2.8,interpolated,16,3
S1D_IW_GRDH_1SDV_20260813T170107_20260813T170132_004110_007814_52E6,258116000,57.549635,10.745688,11.3,21.6,interpolated,5,5
S1D_IW_GRDH_1SDV_20260813T170107_20260813T170132_004110_007814_52E6,219008474,57.59182,10.42885,0.0,347.2,interpolated,5,4
S1D_IW_GRDH_1SDV_20260813T170107_20260813T170132_004110_007814_52E6,219021235,57.492358,10.504915,0.0,314.1,interpolated,4,4
S1D_IW_GRDH_1SDV_20260813T170107_20260813T170132_004110_007814_52E6,219001239,57.439173,10.549732,0.0,218.3,interpolated,55,4
S1D_IW_GRDH_1SDV_20260813T170107_20260813T170132_004110_007814_52E6,219005732,57.493406,10.502341,0.0,,interpolated,4,6
S1D_IW_GRDH_1SDV_20260813T170107_20260813T170132_004110_007814_52E6,219021587,57.333053,10.532755,0.6,,interpolated,57,26
S1D_IW_GRDH_1SDV_20260813T170107_20260813T170132_004110_007814_52E6,257125610,57.435862,10.601945,5.8,218.1,interpolated,23,37
S1D_IW_GRDH_1SDV_20260813T170107_20260813T170132_004110_007814_52E6,219005659,57.49257,10.504853,0.0,,interpolated,4,5
S1D_IW_GRDH_1SDV_20260813T170107_20260813T170132_004110_007814_52E6,220127000,57.483984,10.586523,6.8,105.9,interpolated,5,4
S1D_IW_GRDH_1SDV_20260813T170107_20260813T170132_004110_007814_52E6,219006971,57.492826,10.505839,0.0,3.3,interpolated,14,6
S1D_IW_GRDH_1SDV_20260813T170107_20260813T170132_004110_007814_52E6,219003138,57.493322,10.506358,0.0,,interpolated,43,6
S1D_IW_GRDH_1SDV_20260813T170107_20260813T170132_004110_007814_52E6,219032670,57.332118,10.533518,0.5,133.4,interpolated,3,6
S1D_IW_GRDH_1SDV_20260813T170107_20260813T170132_004110_007814_52E6,232009818,57.435234,10.553994,0.0,333.0,interpolated,3,6
S1D_IW_GRDH_1SDV_20260813T170107_20260813T170132_004110_007814_52E6,257577000,57.515673,10.766502,6.9,72.7,nearest,881,
S1D_IW_GRDH_1SDV_20260813T170107_20260813T170132_004110_007814_52E6,220256000,57.487876,10.571307,7.7,106.6,interpolated,10,0
S1D_IW_GRDH_1SDV_20260813T170107_20260813T170132_004110_007814_52E6,219029704,57.332055,10.533406,0.0,261.1,interpolated,10,10
S1D_IW_GRDH_1SDV_20260813T170107_20260813T170132_004110_007814_52E6,219000942,57.484282,10.62273,0.0,,interpolated,9,0
S1D_IW_GRDH_1SDV_20260813T170107_20260813T170132_004110_007814_52E6,219263000,57.431331,10.537694,0.0,96.2,interpolated,10,29
S1D_IW_GRDH_1SDV_20260813T170107_20260813T170132_004110_007814_52E6,219001125,57.49184,10.505679,0.0,,interpolated,5,3
S1D_IW_GRDH_1SDV_20260813T170107_20260813T170132_004110_007814_52E6,219036058,57.493907,10.505098,0.0,,interpolated,167,14
S1D_IW_GRDH_1SDV_20260813T170107_20260813T170132_004110_007814_52E6,219005954,57.49465,10.5037,0.0,0.0,interpolated,5,14
S1D_IW_GRDH_1SDV_20260813T170107_20260813T170132_004110_007814_52E6,219007457,57.491719,10.504569,0.0,300.7,interpolated,4,4
S1D_IW_GRDH_1SDV_20260813T170107_20260813T170132_004110_007814_52E6,219001522,57.494365,10.50185,0.0,353.3,interpolated,4,16
S1D_IW_GRDH_1SDV_20260813T170107_20260813T170132_004110_007814_52E6,219111114,57.436775,10.559815,0.1,,interpolated,75,17
S1D_IW_GRDH_1SDV_20260813T170107_20260813T170132_004110_007814_52E6,219002732,57.439284,10.549678,0.0,263.2,interpolated,2,7
S1D_IW_GRDH_1SDV_20260813T170107_20260813T170132_004110_007814_52E6,219002585,57.592236,10.427295,0.0,,interpolated,3,6
S1D_IW_GRDH_1SDV_20260813T170107_20260813T170132_004110_007814_52E6,219904000,57.491439,10.537398,6.8,105.3,interpolated,0,18
S1D_IW_GRDH_1SDV_20260813T170107_20260813T170132_004110_007814_52E6,219028256,57.332915,10.534262,0.1,,interpolated,49,17
S1D_IW_GRDH_1SDV_20260813T170107_20260813T170132_004110_007814_52E6,219031988,57.593192,10.42901,0.0,72.6,interpolated,266,453
S1D_IW_GRDH_1SDV_20260813T170107_20260813T170132_004110_007814_52E6,311027400,57.560968,10.69557,0.0,145.5,interpolated,159,15
S1D_IW_GRDH_1SDV_20260813T170107_20260813T170132_004110_007814_52E6,241875000,57.63962,10.728956,0.0,61.8,interpolated,136,20
S1D_IW_GRDH_1SDV_20260813T170107_20260813T170132_004110_007814_52E6,257432840,57.452707,10.619001,4.4,209.2,interpolated,9,23
S1D_IW_GRDH_1SDV_20260813T170107_20260813T170132_004110_007814_52E6,219013474,57.591998,10.429256,0.0,331.2,interpolated,48,851
S1D_IW_GRDH_1SDV_20260813T170107_20260813T170132_004110_007814_52E6,219015617,57.493503,10.502596,0.0,271.9,interpolated,1,10
S1D_IW_GRDH_1SDV_20260813T170107_20260813T170132_004110_007814_52E6,211880640,57.33247,10.532628,0.0,,nearest,504,
S1D_IW_GRDH_1SDV_20260813T170107_20260813T170132_004110_007814_52E6,219004365,57.332764,10.532057,0.0,,interpolated,143,37
S1D_IW_GRDH_1SDV_20260813T170107_20260813T170132_004110_007814_52E6,209488000,57.672366,10.594891,0.1,231.1,interpolated,120,47
S1D_IW_GRDH_1SDV_20260813T170107_20260813T170132_004110_007814_52E6,219022300,57.685074,10.678588,0.0,284.0,interpolated,15,35
S1D_IW_GRDH_1SDV_20260813T170107_20260813T170132_004110_007814_52E6,248022000,57.669092,10.705585,0.0,333.6,interpolated,288,36
S1D_IW_GRDH_1SDV_20260813T170107_20260813T170132_004110_007814_52E6,219111111,57.43783,10.558005,0.0,,interpolated,13,42
S1D_IW_GRDH_1SDV_20260813T170107_20260813T170132_004110_007814_52E6,256717000,57.686,10.594167,3.7,358.0,nearest,488,
S1D_IW_GRDH_1SDV_20260813T170107_20260813T170132_004110_007814_52E6,219032621,57.333303,10.533072,0.0,,interpolated,12,43
S1D_IW_GRDH_1SDV_20260813T170107_20260813T170132_004110_007814_52E6,219032146,57.558455,10.458216,7.1,337.5,interpolated,11,16
S1D_IW_GRDH_1SDV_20260813T170107_20260813T170132_004110_007814_52E6,219000003,57.435897,10.555718,0.0,,interpolated,107,44
S1D_IW_GRDH_1SDV_20260813T170107_20260813T170132_004110_007814_52E6,241730000,57.684914,10.679078,0.0,322.6,interpolated,127,52
S1D_IW_GRDH_1SDV_20260813T170107_20260813T170132_004110_007814_52E6,219035413,57.593279,10.428549,0.3,,interpolated,245,39
S1D_IW_GRDH_1SDV_20260813T170107_20260813T170132_004110_007814_52E6,565487000,57.68515,10.6297,0.0,357.0,interpolated,63,92
S1D_IW_GRDH_1SDV_20260813T170107_20260813T170132_004110_007814_52E6,255917333,57.679115,10.72823,0.1,145.9,interpolated,121,58
S1D_IW_GRDH_1SDV_20260813T170107_20260813T170132_004110_007814_52E6,219025470,57.322485,10.49207,0.0,,interpolated,355,60
S1D_IW_GRDH_1SDV_20260813T170107_20260813T170132_004110_007814_52E6,219035911,57.425532,10.52924,0.0,,interpolated,240,58
S1D_IW_GRDH_1SDV_20260813T170107_20260813T170132_004110_007814_52E6,219032027,57.42559,10.529625,0.0,,interpolated,195,68
S1D_IW_GRDH_1SDV_20260813T170107_20260813T170132_004110_007814_52E6,219029283,57.425719,10.531326,0.0,224.3,interpolated,112,66
S1D_IW_GRDH_1SDV_20260813T170107_20260813T170132_004110_007814_52E6,219016781,57.441986,10.546703,0.0,356.4,interpolated,66,253
S1D_IW_GRDH_1SDV_20260813T170107_20260813T170132_004110_007814_52E6,219012314,57.493773,10.503882,0.0,130.0,interpolated,12,63
S1D_IW_GRDH_1SDV_20260813T170107_20260813T170132_004110_007814_52E6,259961000,57.436712,10.542148,0.0,315.6,interpolated,100,73
S1D_IW_GRDH_1SDV_20260813T170107_20260813T170132_004110_007814_52E6,219025076,57.592795,10.42827,0.0,12.7,interpolated,94,49
S1D_IW_GRDH_1SDV_20260813T170107_20260813T170132_004110_007814_52E6,257177570,57.436865,10.541149,0.0,226.7,interpolated,119,82
S1D_IW_GRDH_1SDV_20260813T170107_20260813T170132_004110_007814_52E6,219011069,57.464241,10.537301,0.2,,interpolated,97,81
S1D_IW_GRDH_1SDV_20260813T170107_20260813T170132_004110_007814_52E6,241866000,57.657003,10.635977,0.0,314.3,interpolated,71,94
S1D_IW_GRDH_1SDV_20260813T170107_20260813T170132_004110_007814_52E6,219022611,57.493126,10.504475,0.0,,interpolated,81,96
S1D_IW_GRDH_1SDV_20260813T170107_20260813T170132_004110_007814_52E6,311000766,57.621851,10.711634,0.0,181.2,interpolated,37,97
S1D_IW_GRDH_1SDV_20260813T170107_20260813T170132_004110_007814_52E6,266203000,57.684394,10.678736,0.0,4.4,interpolated,79,99
S1D_IW_GRDH_1SDV_20260813T170107_20260813T170132_004110_007814_52E6,219036571,57.334345,10.531328,0.0,,interpolated,62,117
S1D_IW_GRDH_1SDV_20260813T170107_20260813T170132_004110_007814_52E6,219012459,57.492015,10.505313,0.0,,interpolated,26,125
S1D_IW_GRDH_1SDV_20260813T170107_20260813T170132_004110_007814_52E6,211181940,57.33161,10.536653,0.1,,interpolated,1,304
S1D_IW_GRDH_1SDV_20260813T170107_20260813T170132_004110_007814_52E6,219033698,57.4249,10.52867,0.0,,interpolated,265,191
S1D_IW_GRDH_1SDV_20260813T170107_20260813T170132_004110_007814_52E6,244130354,57.332604,10.53417,0.0,77.6,interpolated,27,136
S1D_IW_GRDH_1SDV_20260813T170107_20260813T170132_004110_007814_52E6,259319000,57.43854,10.547345,0.0,47.0,interpolated,32,225
S1D_IW_GRDH_1SDV_20260813T170107_20260813T170132_004110_007814_52E6,219033327,57.333863,10.531085,0.0,,interpolated,208,151
S1D_IW_GRDH_1SDV_20260813T170107_20260813T170132_004110_007814_52E6,219525000,57.430656,10.542687,0.0,69.4,interpolated,25,154
S1D_IW_GRDH_1SDV_20260813T170107_20260813T170132_004110_007814_52E6,219028949,57.425957,10.528415,0.0,,interpolated,33,155
S1D_IW_GRDH_1SDV_20260813T170107_20260813T170132_004110_007814_52E6,219005787,57.439178,10.549673,0.0,,interpolated,378,162
S1D_IW_GRDH_1SDV_20260813T170107_20260813T170132_004110_007814_52E6,219001997,57.495538,10.50161,0.0,318.9,interpolated,28,172
S1D_IW_GRDH_1SDV_20260813T170107_20260813T170132_004110_007814_52E6,219002066,57.43201,10.535763,0.0,210.6,interpolated,8,166
S1D_IW_GRDH_1SDV_20260813T170107_20260813T170132_004110_007814_52E6,538011116,57.667177,10.619456,0.1,343.7,interpolated,16,163
S1D_IW_GRDH_1SDV_20260813T170107_20260813T170132_004110_007814_52E6,219018795,57.425248,10.531696,0.0,,interpolated,188,13
S1D_IW_GRDH_1SDV_20260813T170107_20260813T170132_004110_007814_52E6,211439880,57.424687,10.528605,0.0,,interpolated,7,171
S1D_IW_GRDH_1SDV_20260813T170107_20260813T170132_004110_007814_52E6,219000416,57.431055,10.537383,0.0,304.1,interpolated,139,1
S1D_IW_GRDH_1SDV_20260813T170107_20260813T170132_004110_007814_52E6,235094271,57.44252,10.550386,0.0,,interpolated,41,445
S1D_IW_GRDH_1SDV_20260813T170107_20260813T170132_004110_007814_52E6,219016634,57.424957,10.529125,0.0,64.4,nearest,88,
S1D_IW_GRDH_1SDV_20260813T170107_20260813T170132_004110_007814_52E6,219026533,57.593247,10.42864,0.0,,interpolated,338,21
S1D_IW_GRDH_1SDV_20260813T170107_20260813T170132_004110_007814_52E6,219029594,57.463495,10.537451,0.0,320.0,interpolated,101,54
S1D_IW_GRDH_1SDV_20260813T170107_20260813T170132_004110_007814_52E6,219032276,57.463263,10.53691,0.2,78.5,interpolated,59,118
S1D_IW_GRDH_1SDV_20260813T170107_20260813T170132_004110_007814_52E6,219026558,57.428677,10.503002,0.0,13.1,interpolated,22,157
S1D_IW_GRDH_1SDV_20260813T170107_20260813T170132_004110_007814_52E6,219033835,57.465063,10.537114,0.0,,interpolated,36,94
S1D_IW_GRDH_1SDV_20260813T170107_20260813T170132_004110_007814_52E6,219025260,57.463707,10.537028,0.0,,interpolated,238,25
S1D_IW_GRDH_1SDV_20260813T170107_20260813T170132_004110_007814_52E6,219013692,57.592887,10.427815,0.0,,interpolated,782,297
S1D_IW_GRDH_1SDV_20260813T170107_20260813T170132_004110_007814_52E6,219022157,57.437589,10.541956,0.0,210.2,interpolated,61,3
S1D_IW_GRDH_1SDV_20260813T170107_20260813T170132_004110_007814_52E6,219035065,57.495485,10.50236,0.2,190.5,interpolated,55,245
S1D_IW_GRDH_1SDV_20260813T170107_20260813T170132_004110_007814_52E6,219025340,57.493013,10.503178,0.0,,interpolated,56,19
S1D_IW_GRDH_1SDV_20260813T170107_20260813T170132_004110_007814_52E6,219005323,57.442843,10.54648,0.0,0.0,interpolated,21,289
S1D_IW_GRDH_1SDV_20260813T170107_20260813T170132_004110_007814_52E6,219034043,57.491402,10.5058,0.6,254.2,interpolated,509,20
S1D_IW_GRDH_1SDV_20260813T170107_20260813T170132_004110_007814_52E6,219018343,57.593,10.428367,0.0,29.7,interpolated,364,57
S1D_IW_GRDH_1SDV_20260813T170107_20260813T170132_004110_007814_52E6,219009415,57.49197,10.506075,0.0,,interpolated,196,496
S1D_IW_GRDH_1SDV_20260813T170107_20260813T170132_004110_007814_52E6,257929000,57.332675,10.533637,0.0,111.7,nearest,6,
S1D_IW_GRDH_1SDV_20260813T170107_20260813T170132_004110_007814_52E6,219030855,57.462431,10.565842,6.8,293.8,interpolated,4,25
S1D_IW_GRDH_1SDV_20260813T170107_20260813T170132_004110_007814_52E6,209014000,57.2727,10.69953,8.5,178.5,interpolated,4,5
S1D_IW_GRDH_1SDV_20260813T170107_20260813T170132_004110_007814_52E6,219023134,57.59702,10.438997,1.4,169.7,interpolated,205,1147
S1D_IW_GRDH_1SDV_20260813T170107_20260813T170132_004110_007814_52E6,219033919,57.464298,10.537265,0.1,,nearest,32,
S1D_IW_GRDH_1SDV_20260813T170107_20260813T170132_004110_007814_52E6,219026327,57.277254,10.614193,5.3,321.0,interpolated,10,16
S1D_IW_GRDH_1SDV_20260813T170107_20260813T170132_004110_007814_52E6,265410000,57.429084,10.561372,9.4,310.7,interpolated,2,3
S1D_IW_GRDH_1SDV_20260813T170107_20260813T170132_004110_007814_52E6,219029963,57.492768,10.503053,0.0,212.2,nearest,1023,
S1D_IW_GRDH_1SDV_20260813T170107_20260813T170132_004110_007814_52E6,219036341,57.333803,10.531948,0.1,,nearest,,15
S1D_IW_GRDH_1SDV_20260813T170107_20260813T170132_004110_007814_52E6,211663830,57.269127,10.766918,4.6,339.7,nearest,,171
S1C_IW_GRDH_1SDV_20260814T053939_20260814T054004_008987_011D54_B1A4,219006301,57.4922,10.506662,0.0,318.8,interpolated,1,8
S1C_IW_GRDH_1SDV_20260814T053939_20260814T054004_008987_011D54_B1A4,219005941,57.49206,10.506324,0.0,234.7,interpolated,8,2
S1C_IW_GRDH_1SDV_20260814T053939_20260814T054004_008987_011D54_B1A4,220345000,57.492116,10.50513,0.0,260.0,interpolated,10,0
S1C_IW_GRDH_1SDV_20260814T053939_20260814T054004_008987_011D54_B1A4,219024715,57.492717,10.508258,0.0,,interpolated,8,5
S1C_IW_GRDH_1SDV_20260814T053939_20260814T054004_008987_011D54_B1A4,219525000,57.430653,10.542677,0.0,69.4,interpolated,178,2
S1C_IW_GRDH_1SDV_20260814T053939_20260814T054004_008987_011D54_B1A4,265012140,57.641339,10.68023,0.1,182.2,interpolated,15,159
S1C_IW_GRDH_1SDV_20260814T053939_20260814T054004_008987_011D54_B1A4,219021235,57.492347,10.504925,0.0,314.1,interpolated,5,2
S1C_IW_GRDH_1SDV_20260814T053939_20260814T054004_008987_011D54_B1A4,219001239,57.439167,10.549762,0.0,20.9,interpolated,17,12
S1C_IW_GRDH_1SDV_20260814T053939_20260814T054004_008987_011D54_B1A4,232009818,57.435257,10.553916,0.0,333.0,interpolated,5,5
S1C_IW_GRDH_1SDV_20260814T053939_20260814T054004_008987_011D54_B1A4,538003818,57.659662,10.734175,0.0,135.3,interpolated,179,3
S1C_IW_GRDH_1SDV_20260814T053939_20260814T054004_008987_011D54_B1A4,219005732,57.493433,10.502327,0.0,,interpolated,4,3
S1C_IW_GRDH_1SDV_20260814T053939_20260814T054004_008987_011D54_B1A4,219001522,57.494369,10.50185,0.0,290.1,interpolated,14,25
S1C_IW_GRDH_1SDV_20260814T053939_20260814T054004_008987_011D54_B1A4,219002732,57.439264,10.549709,0.0,158.0,interpolated,13,25
S1C_IW_GRDH_1SDV_20260814T053939_20260814T054004_008987_011D54_B1A4,219015617,57.493487,10.50258,0.0,257.0,interpolated,2,17
S1C_IW_GRDH_1SDV_20260814T053939_20260814T054004_008987_011D54_B1A4,219005323,57.44284,10.546487,0.0,0.0,interpolated,353,6
S1C_IW_GRDH_1SDV_20260814T053939_20260814T054004_008987_011D54_B1A4,219029704,57.332009,10.533347,0.0,326.1,interpolated,12,27
S1C_IW_GRDH_1SDV_20260814T053939_20260814T054004_008987_011D54_B1A4,219904000,57.493896,10.502086,0.0,342.3,interpolated,13,6
S1C_IW_GRDH_1SDV_20260814T053939_20260814T054004_008987_011D54_B1A4,219005956,57.493018,10.506227,0.0,242.4,interpolated,1,8
S1C_IW_GRDH_1SDV_20260814T053939_20260814T054004_008987_011D54_B1A4,219035065,57.495543,10.502343,0.0,48.4,interpolated,349,8
S1C_IW_GRDH_1SDV_20260814T053939_20260814T054004_008987_011D54_B1A4,220072000,57.493428,10.506215,0.0,,interpolated,11,0
S1C_IW_GRDH_1SDV_20260814T053939_20260814T054004_008987_011D54_B1A4,219000942,57.442323,10.547504,0.0,,interpolated,1,27
S1C_IW_GRDH_1SDV_20260814T053939_20260814T054004_008987_011D54_B1A4,219005787,57.439204,10.549682,0.0,,interpolated,169,10
S1C_IW_GRDH_1SDV_20260814T053939_20260814T054004_008987_011D54_B1A4,219005453,57.439707,10.54928,0.0,243.2,interpolated,9,1
S1C_IW_GRDH_1SDV_20260814T053939_20260814T054004_008987_011D54_B1A4,219008474,57.591837,10.428897,0.0,340.9,interpolated,9,0
S1C_IW_GRDH_1SDV_20260814T053939_20260814T054004_008987_011D54_B1A4,249990000,57.668451,10.589448,0.5,208.0,interpolated,18,144
S1C_IW_GRDH_1SDV_20260814T053939_20260814T054004_008987_011D54_B1A4,538011116,57.666857,10.620238,0.1,326.4,interpolated,348,11
S1C_IW_GRDH_1SDV_20260814T053939_20260814T054004_008987_011D54_B1A4,219026558,57.428632,10.502947,0.0,229.8,interpolated,347,113
S1C_IW_GRDH_1SDV_20260814T053939_20260814T054004_008987_011D54_B1A4,219001125,57.491837,10.505673,0.0,,interpolated,8,2
S1C_IW_GRDH_1SDV_20260814T053939_20260814T054004_008987_011D54_B1A4,257125610,57.425097,10.5306,0.0,,interpolated,42,13
S1C_IW_GRDH_1SDV_20260814T053939_20260814T054004_008987_011D54_B1A4,219005659,57.492572,10.504836,0.0,,interpolated,6,3
S1C_IW_GRDH_1SDV_20260814T053939_20260814T054004_008987_011D54_B1A4,219012314,57.493779,10.503899,0.0,343.6,interpolated,78,14
S1C_IW_GRDH_1SDV_20260814T053939_20260814T054004_008987_011D54_B1A4,219002585,57.592245,10.427326,0.0,,interpolated,5,4
S1C_IW_GRDH_1SDV_20260814T053939_20260814T054004_008987_011D54_B1A4,219032670,57.332053,10.533953,1.4,112.4,interpolated,3,24
S1C_IW_GRDH_1SDV_20260814T053939_20260814T054004_008987_011D54_B1A4,219018795,57.425259,10.531703,0.0,,interpolated,49,153
S1C_IW_GRDH_1SDV_20260814T053939_20260814T054004_008987_011D54_B1A4,220256000,57.493256,10.506469,0.0,294.1,interpolated,32,18
S1C_IW_GRDH_1SDV_20260814T053939_20260814T054004_008987_011D54_B1A4,211439880,57.424652,10.528597,0.0,,interpolated,339,144
S1C_IW_GRDH_1SDV_20260814T053939_20260814T054004_008987_011D54_B1A4,219005954,57.494656,10.503728,0.0,0.0,interpolated,327,162
S1C_IW_GRDH_1SDV_20260814T053939_20260814T054004_008987_011D54_B1A4,241730000,57.685245,10.677713,0.0,244.9,interpolated,99,23
S1C_IW_GRDH_1SDV_20260814T053939_20260814T054004_008987_011D54_B1A4,219021587,57.333079,10.532783,0.8,,interpolated,123,83
S1C_IW_GRDH_1SDV_20260814T053939_20260814T054004_008987_011D54_B1A4,219009135,57.492799,10.505605,0.0,83.1,interpolated,2,8
S1C_IW_GRDH_1SDV_20260814T053939_20260814T054004_008987_011D54_B1A4,257929000,57.508165,10.702173,8.3,19.9,interpolated,27,209
S1C_IW_GRDH_1SDV_20260814T053939_20260814T054004_008987_011D54_B1A4,219263000,57.431325,10.537712,0.0,96.2,interpolated,97,13
S1C_IW_GRDH_1SDV_20260814T053939_20260814T054004_008987_011D54_B1A4,219002066,57.432012,10.53577,0.0,207.7,interpolated,134,39
S1C_IW_GRDH_1SDV_20260814T053939_20260814T054004_008987_011D54_B1A4,219033698,57.424897,10.528662,0.0,,interpolated,59,120
S1C_IW_GRDH_1SDV_20260814T053939_20260814T054004_008987_011D54_B1A4,235094271,57.442507,10.550383,0.0,,interpolated,72,403
S1C_IW_GRDH_1SDV_20260814T053939_20260814T054004_008987_011D54_B1A4,219025340,57.493014,10.503166,0.0,,interpolated,311,48
S1C_IW_GRDH_1SDV_20260814T053939_20260814T054004_008987_011D54_B1A4,219032146,57.592405,10.428317,0.0,,interpolated,42,47
S1C_IW_GRDH_1SDV_20260814T053939_20260814T054004_008987_011D54_B1A4,241875000,57.639541,10.729164,0.0,127.9,interpolated,131,48
S1C_IW_GRDH_1SDV_20260814T053939_20260814T054004_008987_011D54_B1A4,311027400,57.561019,10.695881,0.0,88.2,interpolated,129,49
S1C_IW_GRDH_1SDV_20260814T053939_20260814T054004_008987_011D54_B1A4,219011069,57.46421,10.537295,0.4,,interpolated,5,51
S1C_IW_GRDH_1SDV_20260814T053939_20260814T054004_008987_011D54_B1A4,219025470,57.322519,10.492096,0.0,,interpolated,147,234
S1C_IW_GRDH_1SDV_20260814T053939_20260814T054004_008987_011D54_B1A4,219000416,57.431049,10.537378,0.0,304.1,interpolated,117,61
S1C_IW_GRDH_1SDV_20260814T053939_20260814T054004_008987_011D54_B1A4,219004365,57.332748,10.532067,0.0,,interpolated,39,64
S1C_IW_GRDH_1SDV_20260814T053939_20260814T054004_008987_011D54_B1A4,219032027,57.425575,10.529602,0.0,,interpolated,84,12
S1C_IW_GRDH_1SDV_20260814T053939_20260814T054004_008987_011D54_B1A4,256862000,57.67377,10.658313,0.0,153.8,interpolated,13,72
S1C_IW_GRDH_1SDV_20260814T053939_20260814T054004_008987_011D54_B1A4,219007457,57.491717,10.504541,0.1,300.7,interpolated,16,3
S1C_IW_GRDH_1SDV_20260814T053939_20260814T054004_008987_011D54_B1A4,265410000,57.43504,10.54343,0.0,43.3,interpolated,38,74
S1C_IW_GRDH_1SDV_20260814T053939_20260814T054004_008987_011D54_B1A4,255917333,57.678811,10.728751,0.0,145.9,interpolated,89,86
S1C_IW_GRDH_1SDV_20260814T053939_20260814T054004_008987_011D54_B1A4,219035911,57.425543,10.529208,0.1,,interpolated,32,85
S1C_IW_GRDH_1SDV_20260814T053939_20260814T054004_008987_011D54_B1A4,219029283,57.425692,10.53133,0.0,268.9,interpolated,984,87
S1C_IW_GRDH_1SDV_20260814T053939_20260814T054004_008987_011D54_B1A4,219026327,57.333895,10.531467,0.0,349.4,interpolated,1001,441
S1C_IW_GRDH_1SDV_20260814T053939_20260814T054004_008987_011D54_B1A4,219029594,57.463487,10.537448,0.0,320.0,interpolated,614,103
S1C_IW_GRDH_1SDV_20260814T053939_20260814T054004_008987_011D54_B1A4,248022000,57.668533,10.706647,0.0,323.2,interpolated,80,99
S1C_IW_GRDH_1SDV_20260814T053939_20260814T054004_008987_011D54_B1A4,219111111,57.437833,10.558017,0.0,,interpolated,80,194
S1C_IW_GRDH_1SDV_20260814T053939_20260814T054004_008987_011D54_B1A4,219000003,57.435883,10.555802,0.0,,interpolated,78,253
S1C_IW_GRDH_1SDV_20260814T053939_20260814T054004_008987_011D54_B1A4,256717000,57.673667,10.706286,10.4,82.0,interpolated,3,5
S1C_IW_GRDH_1SDV_20260814T053939_20260814T054004_008987_011D54_B1A4,219036571,57.334372,10.531377,0.0,,interpolated,32,53
S1C_IW_GRDH_1SDV_20260814T053939_20260814T054004_008987_011D54_B1A4,259961000,57.436703,10.5422,0.0,315.6,interpolated,72,110
S1C_IW_GRDH_1SDV_20260814T053939_20260814T054004_008987_011D54_B1A4,241866000,57.657027,10.6359,0.0,117.4,interpolated,57,122
S1C_IW_GRDH_1SDV_20260814T053939_20260814T054004_008987_011D54_B1A4,219022611,57.493118,10.50449,0.0,,interpolated,56,17
S1C_IW_GRDH_1SDV_20260814T053939_20260814T054004_008987_011D54_B1A4,311000766,57.621743,10.711918,0.0,181.2,interpolated,51,171
S1C_IW_GRDH_1SDV_20260814T053939_20260814T054004_008987_011D54_B1A4,259319000,57.43854,10.547383,0.0,227.0,interpolated,183,133
S1C_IW_GRDH_1SDV_20260814T053939_20260814T054004_008987_011D54_B1A4,565949000,57.641703,10.681438,0.2,181.7,interpolated,15,129
S1C_IW_GRDH_1SDV_20260814T053939_20260814T054004_008987_011D54_B1A4,219111114,57.436767,10.559827,0.0,,interpolated,46,132
S1C_IW_GRDH_1SDV_20260814T053939_20260814T054004_008987_011D54_B1A4,257177570,57.43687,10.54116,0.0,46.8,interpolated,69,147
S1C_IW_GRDH_1SDV_20260814T053939_20260814T054004_008987_011D54_B1A4,219022157,57.43745,10.542018,0.0,133.0,interpolated,215,143
S1C_IW_GRDH_1SDV_20260814T053939_20260814T054004_008987_011D54_B1A4,219016781,57.441983,10.546708,0.0,21.5,interpolated,78,100
S1C_IW_GRDH_1SDV_20260814T053939_20260814T054004_008987_011D54_B1A4,219032276,57.463297,10.536903,0.1,200.4,interpolated,203,91
S1C_IW_GRDH_1SDV_20260814T053939_20260814T054004_008987_011D54_B1A4,266436000,57.657055,10.635398,0.0,183.7,interpolated,16,163
S1C_IW_GRDH_1SDV_20260814T053939_20260814T054004_008987_011D54_B1A4,219028256,57.332929,10.534311,0.0,,interpolated,494,519
S1C_IW_GRDH_1SDV_20260814T053939_20260814T054004_008987_011D54_B1A4,258349500,57.604607,10.566144,0.9,217.4,interpolated,8,20
S1C_IW_GRDH_1SDV_20260814T053939_20260814T054004_008987_011D54_B1A4,219026533,57.593255,10.428661,0.0,,interpolated,122,57
S1C_IW_GRDH_1SDV_20260814T053939_20260814T054004_008987_011D54_B1A4,220614000,57.673755,10.65754,0.0,236.0,interpolated,0,178
S1C_IW_GRDH_1SDV_20260814T053939_20260814T054004_008987_011D54_B1A4,219001997,57.495553,10.501607,0.0,344.1,interpolated,11,137
S1C_IW_GRDH_1SDV_20260814T053939_20260814T054004_008987_011D54_B1A4,219025260,57.463677,10.537039,0.0,,interpolated,180,146
S1C_IW_GRDH_1SDV_20260814T053939_20260814T054004_008987_011D54_B1A4,219035413,57.593345,10.428508,0.2,,interpolated,38,272
S1C_IW_GRDH_1SDV_20260814T053939_20260814T054004_008987_011D54_B1A4,219036058,57.493917,10.505127,0.1,,interpolated,136,42
S1C_IW_GRDH_1SDV_20260814T053939_20260814T054004_008987_011D54_B1A4,219012459,57.492013,10.50532,0.0,,interpolated,21,171
S1C_IW_GRDH_1SDV_20260814T053939_20260814T054004_008987_011D54_B1A4,636026102,57.60415,10.566103,0.3,296.8,interpolated,81,100
S1C_IW_GRDH_1SDV_20260814T053939_20260814T054004_008987_011D54_B1A4,219031988,57.593217,10.42902,0.0,51.1,interpolated,59,194
S1C_IW_GRDH_1SDV_20260814T053939_20260814T054004_008987_011D54_B1A4,219009415,57.491983,10.506095,0.0,,interpolated,347,344
S1C_IW_GRDH_1SDV_20260814T053939_20260814T054004_008987_011D54_B1A4,219025076,57.592778,10.428278,0.0,12.7,interpolated,250,355
S1C_IW_GRDH_1SDV_20260814T053939_20260814T054004_008987_011D54_B1A4,219009407,57.23018,10.641303,6.7,204.6,nearest,503,
S1C_IW_GRDH_1SDV_20260814T053939_20260814T054004_008987_011D54_B1A4,219032621,57.333335,10.53305,0.0,,interpolated,315,1125
S1C_IW_GRDH_1SDV_20260814T053939_20260814T054004_008987_011D54_B1A4,219018343,57.592996,10.428378,0.0,36.5,interpolated,796,220
S1C_IW_GRDH_1SDV_20260814T053939_20260814T054004_008987_011D54_B1A4,220359000,57.494177,10.501907,0.0,297.9,interpolated,7,1
S1C_IW_GRDH_1SDV_20260814T053939_20260814T054004_008987_011D54_B1A4,219003138,57.494511,10.509093,7.4,267.6,interpolated,5,14
S1C_IW_GRDH_1SDV_20260814T053939_20260814T054004_008987_011D54_B1A4,219003066,57.488936,10.551435,6.3,282.5,interpolated,1,9
S1C_IW_GRDH_1SDV_20260814T053939_20260814T054004_008987_011D54_B1A4,219000407,57.437066,10.539317,0.0,0.0,interpolated,10,0
S1C_IW_GRDH_1SDV_20260814T053939_20260814T054004_008987_011D54_B1A4,220368000,57.487571,10.566166,4.7,277.8,interpolated,8,1
S1C_IW_GRDH_1SDV_20260814T053939_20260814T054004_008987_011D54_B1A4,220356000,57.487772,10.571253,7.7,286.4,interpolated,7,3
S1C_IW_GRDH_1SDV_20260814T053939_20260814T054004_008987_011D54_B1A4,219006971,57.486023,10.581485,7.6,283.7,interpolated,25,11
S1C_IW_GRDH_1SDV_20260814T053939_20260814T054004_008987_011D54_B1A4,235116122,57.396631,10.595772,8.5,23.0,interpolated,1,6
S1C_IW_GRDH_1SDV_20260814T053939_20260814T054004_008987_011D54_B1A4,220127000,57.462375,10.616047,7.5,301.7,interpolated,7,3
S1C_IW_GRDH_1SDV_20260814T053939_20260814T054004_008987_011D54_B1A4,211880640,57.230175,10.610513,2.9,181.9,nearest,151,
S1C_IW_GRDH_1SDV_20260814T053939_20260814T054004_008987_011D54_B1A4,219017348,57.485126,10.52681,5.6,139.4,interpolated,4,22
S1C_IW_GRDH_1SDV_20260814T053939_20260814T054004_008987_011D54_B1A4,219031797,57.659855,10.734106,0.1,248.2,interpolated,4,5
S1C_IW_GRDH_1SDV_20260814T053939_20260814T054004_008987_011D54_B1A4,219000128,57.672348,10.760656,6.1,185.6,interpolated,0,8
S1C_IW_GRDH_1SDV_20260814T053939_20260814T054004_008987_011D54_B1A4,219030872,57.373428,10.76478,10.5,304.6,nearest,,1128
S1D_IW_GRDH_1SDV_20260820T053952_20260820T054017_004205_007B51_A46D,219001239,57.43076,10.559823,3.5,171.1,interpolated,8,1
S1D_IW_GRDH_1SDV_20260820T053952_20260820T054017_004205_007B51_A46D,219005453,57.439711,10.549279,0.0,280.0,interpolated,2,8
S1D_IW_GRDH_1SDV_20260820T053952_20260820T054017_004205_007B51_A46D,219018795,57.425235,10.531705,0.0,,interpolated,112,6
S1D_IW_GRDH_1SDV_20260820T053952_20260820T054017_004205_007B51_A46D,219016759,57.49179,10.506068,,,nearest,1138,
S1D_IW_GRDH_1SDV_20260820T053952_20260820T054017_004205_007B51_A46D,219015617,57.493482,10.502584,0.0,63.1,interpolated,7,1
S1D_IW_GRDH_1SDV_20260820T053952_20260820T054017_004205_007B51_A46D,220072000,57.492253,10.506897,0.0,,interpolated,3,5
S1D_IW_GRDH_1SDV_20260820T053952_20260820T054017_004205_007B51_A46D,219005659,57.492574,10.504847,0.0,,interpolated,6,2
S1D_IW_GRDH_1SDV_20260820T053952_20260820T054017_004205_007B51_A46D,219029576,57.431035,10.537385,0.0,23.9,interpolated,5,4
S1D_IW_GRDH_1SDV_20260820T053952_20260820T054017_004205_007B51_A46D,219032670,57.331953,10.533982,0.7,127.4,interpolated,3,5
S1D_IW_GRDH_1SDV_20260820T053952_20260820T054017_004205_007B51_A46D,265056000,57.433608,10.56065,0.0,74.5,interpolated,188,171
S1D_IW_GRDH_1SDV_20260820T053952_20260820T054017_004205_007B51_A46D,219029704,57.332015,10.533354,0.0,310.4,interpolated,4,4
S1D_IW_GRDH_1SDV_20260820T053952_20260820T054017_004205_007B51_A46D,219003066,57.504199,10.546336,4.9,234.6,interpolated,3,4
S1D_IW_GRDH_1SDV_20260820T053952_20260820T054017_004205_007B51_A46D,219009135,57.492805,10.505595,0.0,288.5,interpolated,3,5
S1D_IW_GRDH_1SDV_20260820T053952_20260820T054017_004205_007B51_A46D,219022611,57.493125,10.504483,0.0,,interpolated,50,5
S1D_IW_GRDH_1SDV_20260820T053952_20260820T054017_004205_007B51_A46D,220076700,57.491851,10.505582,0.1,90.4,interpolated,3,7
S1D_IW_GRDH_1SDV_20260820T053952_20260820T054017_004205_007B51_A46D,219010207,57.493388,10.50628,0.0,307.3,interpolated,2,6
S1D_IW_GRDH_1SDV_20260820T053952_20260820T054017_004205_007B51_A46D,219024715,57.492203,10.505083,0.0,,interpolated,3,6
S1D_IW_GRDH_1SDV_20260820T053952_20260820T054017_004205_007B51_A46D,219006301,57.492187,10.506682,0.0,257.1,interpolated,3,6
S1D_IW_GRDH_1SDV_20260820T053952_20260820T054017_004205_007B51_A46D,219017684,57.245987,10.724836,3.9,172.7,interpolated,0,9
S1D_IW_GRDH_1SDV_20260820T053952_20260820T054017_004205_007B51_A46D,219001125,57.49184,10.505677,0.0,,interpolated,2,8
S1D_IW_GRDH_1SDV_20260820T053952_20260820T054017_004205_007B51_A46D,220368000,57.492725,10.505339,0.0,316.1,interpolated,2,7
S1D_IW_GRDH_1SDV_20260820T053952_20260820T054017_004205_007B51_A46D,219005941,57.492042,10.506295,0.0,190.2,interpolated,0,7
S1D_IW_GRDH_1SDV_20260820T053952_20260820T054017_004205_007B51_A46D,266212000,57.432052,10.560882,0.0,178.6,interpolated,0,20
S1D_IW_GRDH_1SDV_20260820T053952_20260820T054017_004205_007B51_A46D,219000417,57.431467,10.536044,0.0,213.5,interpolated,12,166
S1D_IW_GRDH_1SDV_20260820T053952_20260820T054017_004205_007B51_A46D,219002732,57.439257,10.549674,0.0,127.1,interpolated,8,0
S1D_IW_GRDH_1SDV_20260820T053952_20260820T054017_004205_007B51_A46D,219007457,57.491709,10.504511,0.0,260.8,interpolated,8,10
S1D_IW_GRDH_1SDV_20260820T053952_20260820T054017_004205_007B51_A46D,219021235,57.492358,10.504917,0.0,248.9,interpolated,8,1
S1D_IW_GRDH_1SDV_20260820T053952_20260820T054017_004205_007B51_A46D,219001997,57.495357,10.500927,0.0,160.6,interpolated,0,10
S1D_IW_GRDH_1SDV_20260820T053952_20260820T054017_004205_007B51_A46D,219001522,57.500735,10.530318,0.4,156.7,interpolated,7,11
S1D_IW_GRDH_1SDV_20260820T053952_20260820T054017_004205_007B51_A46D,220256000,57.493237,10.506428,0.0,291.6,interpolated,4,5
S1D_IW_GRDH_1SDV_20260820T053952_20260820T054017_004205_007B51_A46D,219000942,57.442308,10.547515,0.0,,interpolated,4,4
S1D_IW_GRDH_1SDV_20260820T053952_20260820T054017_004205_007B51_A46D,219005954,57.500217,10.537517,0.0,0.0,interpolated,0,8
S1D_IW_GRDH_1SDV_20260820T053952_20260820T054017_004205_007B51_A46D,244850975,57.244303,10.724929,4.0,172.1,interpolated,1,9
S1D_IW_GRDH_1SDV_20260820T053952_20260820T054017_004205_007B51_A46D,219022157,57.43745,10.542149,0.0,77.2,interpolated,161,19
S1D_IW_GRDH_1SDV_20260820T053952_20260820T054017_004205_007B51_A46D,219012459,57.4921,10.505242,0.0,,interpolated,100,29
S1D_IW_GRDH_1SDV_20260820T053952_20260820T054017_004205_007B51_A46D,219002585,57.491956,10.505389,0.0,339.3,interpolated,1,8
S1D_IW_GRDH_1SDV_20260820T053952_20260820T054017_004205_007B51_A46D,219005323,57.442842,10.546497,0.0,0.0,interpolated,58,45
S1D_IW_GRDH_1SDV_20260820T053952_20260820T054017_004205_007B51_A46D,219025470,57.322475,10.49213,0.1,,interpolated,103,256
S1D_IW_GRDH_1SDV_20260820T053952_20260820T054017_004205_007B51_A46D,219035065,57.495535,10.502399,0.1,359.3,interpolated,132,50
S1D_IW_GRDH_1SDV_20260820T053952_20260820T054017_004205_007B51_A46D,219011069,57.464218,10.53735,0.0,,interpolated,18,38
S1D_IW_GRDH_1SDV_20260820T053952_20260820T054017_004205_007B51_A46D,219026327,57.333889,10.531471,0.0,162.0,interpolated,282,43
S1D_IW_GRDH_1SDV_20260820T053952_20260820T054017_004205_007B51_A46D,219021587,57.333118,10.532659,1.3,,interpolated,9,18
S1D_IW_GRDH_1SDV_20260820T053952_20260820T054017_004205_007B51_A46D,219005787,57.439199,10.549666,0.0,,interpolated,129,52
S1D_IW_GRDH_1SDV_20260820T053952_20260820T054017_004205_007B51_A46D,257177570,57.436872,10.541157,0.0,47.1,interpolated,82,60
S1D_IW_GRDH_1SDV_20260820T053952_20260820T054017_004205_007B51_A46D,211439880,57.424653,10.528618,0.0,,interpolated,102,54
S1D_IW_GRDH_1SDV_20260820T053952_20260820T054017_004205_007B51_A46D,219025076,57.59279,10.428282,0.0,12.7,interpolated,184,105
S1D_IW_GRDH_1SDV_20260820T053952_20260820T054017_004205_007B51_A46D,219009415,57.491996,10.506109,0.0,,interpolated,243,115
S1D_IW_GRDH_1SDV_20260820T053952_20260820T054017_004205_007B51_A46D,219019097,57.424678,10.528455,0.0,98.9,interpolated,229,9
S1D_IW_GRDH_1SDV_20260820T053952_20260820T054017_004205_007B51_A46D,219029594,57.463495,10.537457,0.0,339.8,interpolated,267,60
S1D_IW_GRDH_1SDV_20260820T053952_20260820T054017_004205_007B51_A46D,219033835,57.465048,10.537139,0.1,,interpolated,115,66
S1D_IW_GRDH_1SDV_20260820T053952_20260820T054017_004205_007B51_A46D,219018343,57.592997,10.428398,0.0,37.8,interpolated,49,311
S1D_IW_GRDH_1SDV_20260820T053952_20260820T054017_004205_007B51_A46D,219025260,57.463623,10.537058,0.0,,interpolated,288,110
S1D_IW_GRDH_1SDV_20260820T053952_20260820T054017_004205_007B51_A46D,219263000,57.431321,10.537706,0.0,15.4,interpolated,269,72
S1D_IW_GRDH_1SDV_20260820T053952_20260820T054017_004205_007B51_A46D,257896000,57.685859,10.697576,0.0,15.6,interpolated,110,67
S1D_IW_GRDH_1SDV_20260820T053952_20260820T054017_004205_007B51_A46D,219032027,57.425545,10.529622,0.0,,interpolated,457,83
S1D_IW_GRDH_1SDV_20260820T053952_20260820T054017_004205_007B51_A46D,220614000,57.679422,10.604454,0.3,73.0,interpolated,98,81
S1D_IW_GRDH_1SDV_20260820T053952_20260820T054017_004205_007B51_A46D,244189000,57.332513,10.532633,0.0,,interpolated,95,83
S1D_IW_GRDH_1SDV_20260820T053952_20260820T054017_004205_007B51_A46D,219111111,57.437812,10.558004,0.0,,interpolated,93,84
S1D_IW_GRDH_1SDV_20260820T053952_20260820T054017_004205_007B51_A46D,265791400,57.425298,10.53186,0.1,282.3,interpolated,177,98
S1D_IW_GRDH_1SDV_20260820T053952_20260820T054017_004205_007B51_A46D,636026102,57.602891,10.568645,0.0,325.2,interpolated,12,276
S1D_IW_GRDH_1SDV_20260820T053952_20260820T054017_004205_007B51_A46D,249788000,57.622725,10.594956,0.1,33.0,interpolated,77,103
S1D_IW_GRDH_1SDV_20260820T053952_20260820T054017_004205_007B51_A46D,211879660,57.333516,10.531912,0.0,,interpolated,81,95
S1D_IW_GRDH_1SDV_20260820T053952_20260820T054017_004205_007B51_A46D,538011116,57.665103,10.620503,0.0,136.7,interpolated,1,107
S1D_IW_GRDH_1SDV_20260820T053952_20260820T054017_004205_007B51_A46D,219034404,57.463775,10.536003,0.0,0.3,interpolated,143,114
S1D_IW_GRDH_1SDV_20260820T053952_20260820T054017_004205_007B51_A46D,219111114,57.436737,10.559842,0.0,,interpolated,61,212
S1D_IW_GRDH_1SDV_20260820T053952_20260820T054017_004205_007B51_A46D,259961000,57.436443,10.541916,0.0,102.0,interpolated,43,138
S1D_IW_GRDH_1SDV_20260820T053952_20260820T054017_004205_007B51_A46D,257980000,57.63006,10.64704,0.2,13.5,interpolated,31,151
S1D_IW_GRDH_1SDV_20260820T053952_20260820T054017_004205_007B51_A46D,219012314,57.493769,10.503892,0.0,332.7,interpolated,110,71
S1D_IW_GRDH_1SDV_20260820T053952_20260820T054017_004205_007B51_A46D,219016781,57.441975,10.546714,0.0,254.4,interpolated,31,145
S1D_IW_GRDH_1SDV_20260820T053952_20260820T054017_004205_007B51_A46D,219035413,57.593242,10.428539,0.2,,interpolated,31,147
S1D_IW_GRDH_1SDV_20260820T053952_20260820T054017_004205_007B51_A46D,311000766,57.621461,10.718941,0.1,262.2,interpolated,26,149
S1D_IW_GRDH_1SDV_20260820T053952_20260820T054017_004205_007B51_A46D,259319000,57.43857,10.547275,0.0,,interpolated,27,171
S1D_IW_GRDH_1SDV_20260820T053952_20260820T054017_004205_007B51_A46D,219525000,57.43064,10.542674,0.0,69.4,interpolated,9,169
S1D_IW_GRDH_1SDV_20260820T053952_20260820T054017_004205_007B51_A46D,219026558,57.428632,10.502978,0.0,213.9,interpolated,5,139
S1D_IW_GRDH_1SDV_20260820T053952_20260820T054017_004205_007B51_A46D,219026533,57.593248,10.428663,0.0,,interpolated,183,176
S1D_IW_GRDH_1SDV_20260820T053952_20260820T054017_004205_007B51_A46D,219004365,57.332747,10.532043,0.0,,interpolated,76,26
S1D_IW_GRDH_1SDV_20260820T053952_20260820T054017_004205_007B51_A46D,219013474,57.59201,10.429235,0.0,179.4,interpolated,128,144
S1D_IW_GRDH_1SDV_20260820T053952_20260820T054017_004205_007B51_A46D,219035911,57.42555,10.529274,0.1,,interpolated,45,72
S1D_IW_GRDH_1SDV_20260820T053952_20260820T054017_004205_007B51_A46D,219030766,57.425324,10.528563,0.0,,interpolated,13,164
S1D_IW_GRDH_1SDV_20260820T053952_20260820T054017_004205_007B51_A46D,219002066,57.432005,10.535751,0.0,349.3,interpolated,27,154
S1D_IW_GRDH_1SDV_20260820T053952_20260820T054017_004205_007B51_A46D,219028949,57.425945,10.528454,0.0,,interpolated,368,340
S1D_IW_GRDH_1SDV_20260820T053952_20260820T054017_004205_007B51_A46D,219904000,57.499257,10.551023,0.2,100.2,interpolated,0,8
S1D_IW_GRDH_1SDV_20260820T053952_20260820T054017_004205_007B51_A46D,211181910,57.343928,10.550988,4.4,172.7,interpolated,20,9
S1D_IW_GRDH_1SDV_20260820T053952_20260820T054017_004205_007B51_A46D,219025465,57.42552,10.528948,0.0,289.9,interpolated,87,137
S1D_IW_GRDH_1SDV_20260820T053952_20260820T054017_004205_007B51_A46D,219006113,57.517179,10.63039,7.3,314.5,interpolated,5,2
S1D_IW_GRDH_1SDV_20260820T053952_20260820T054017_004205_007B51_A46D,219032621,57.33333,10.533073,0.0,,interpolated,147,181
S1D_IW_GRDH_1SDV_20260820T053952_20260820T054017_004205_007B51_A46D,220189000,57.347885,10.736987,,,interpolated,3,6
S1D_IW_GRDH_1SDV_20260820T053952_20260820T054017_004205_007B51_A46D,219031988,57.593204,10.428993,0.0,123.8,interpolated,82,207
S1D_IW_GRDH_1SDV_20260820T053952_20260820T054017_004205_007B51_A46D,219000407,57.437053,10.53933,0.0,0.0,interpolated,2,7
S1D_IW_GRDH_1SDV_20260820T053952_20260820T054017_004205_007B51_A46D,219033842,57.456848,10.566223,5.4,285.7,interpolated,34,25
S1D_IW_GRDH_1SDV_20260820T053952_20260820T054017_004205_007B51_A46D,219027108,57.584004,10.628281,5.9,174.0,interpolated,27,0
S1D_IW_GRDH_1SDV_20260820T053952_20260820T054017_004205_007B51_A46D,259032770,57.236385,10.752815,5.3,174.4,interpolated,36,23
S1D_IW_GRDH_1SDV_20260820T053952_20260820T054017_004205_007B51_A46D,265789440,57.526719,10.634345,5.6,355.1,interpolated,20,8
S1D_IW_GRDH_1SDV_20260820T053952_20260820T054017_004205_007B51_A46D,266436000,57.68555,10.591869,0.0,19.8,interpolated,157,201
S1D_IW_GRDH_1SDV_20260820T053952_20260820T054017_004205_007B51_A46D,227470480,57.414026,10.545736,5.0,170.9,interpolated,21,8
S1D_IW_GRDH_1SDV_20260820T053952_20260820T054017_004205_007B51_A46D,244768000,57.677325,10.622202,0.6,34.8,interpolated,8,1
S1D_IW_GRDH_1SDV_20260820T053952_20260820T054017_004205_007B51_A46D,211837080,57.267065,10.740402,7.1,196.5,interpolated,21,8
S1D_IW_GRDH_1SDV_20260820T053952_20260820T054017_004205_007B51_A46D,232065621,57.280208,10.752273,5.5,182.4,interpolated,28,2
S1D_IW_GRDH_1SDV_20260820T053952_20260820T054017_004205_007B51_A46D,211182380,57.295192,10.766033,8.6,213.7,nearest,,52
S1D_IW_GRDH_1SDV_20260820T053952_20260820T054017_004205_007B51_A46D,219032932,57.685598,10.606183,11.0,175.0,nearest,,259
S1C_IW_GRDH_1SDV_20260821T053125_20260821T053150_009089_0120B4_CA72,219023779,57.433461,10.539201,0.0,318.3,interpolated,21,59
S1C_IW_GRDH_1SDV_20260821T053125_20260821T053150_009089_0120B4_CA72,219005659,57.492578,10.50484,0.0,,interpolated,9,0
S1C_IW_GRDH_1SDV_20260821T053125_20260821T053150_009089_0120B4_CA72,219111114,57.436813,10.559823,0.0,,interpolated,93,0
S1C_IW_GRDH_1SDV_20260821T053125_20260821T053150_009089_0120B4_CA72,266212000,57.681742,10.597015,0.0,163.9,interpolated,4,5
S1C_IW_GRDH_1SDV_20260821T053125_20260821T053150_009089_0120B4_CA72,220068000,57.326035,10.707677,19.1,144.5,interpolated,7,1
S1C_IW_GRDH_1SDV_20260821T053125_20260821T053150_009089_0120B4_CA72,219006113,57.494078,10.501965,0.0,203.9,interpolated,7,1
S1C_IW_GRDH_1SDV_20260821T053125_20260821T053150_009089_0120B4_CA72,220345000,57.49382,10.502126,0.0,80.5,interpolated,14,5
S1C_IW_GRDH_1SDV_20260821T053125_20260821T053150_009089_0120B4_CA72,220256000,57.493237,10.506448,0.0,307.0,interpolated,6,2
S1C_IW_GRDH_1SDV_20260821T053125_20260821T053150_009089_0120B4_CA72,219005956,57.492138,10.50656,0.0,114.3,interpolated,8,2
S1C_IW_GRDH_1SDV_20260821T053125_20260821T053150_009089_0120B4_CA72,219009135,57.492818,10.505596,0.0,201.5,interpolated,7,3
S1C_IW_GRDH_1SDV_20260821T053125_20260821T053150_009089_0120B4_CA72,220349000,57.492907,10.505873,0.0,313.1,interpolated,4,3
S1C_IW_GRDH_1SDV_20260821T053125_20260821T053150_009089_0120B4_CA72,219000942,57.442314,10.547501,0.1,,interpolated,7,3
S1C_IW_GRDH_1SDV_20260821T053125_20260821T053150_009089_0120B4_CA72,220072000,57.492232,10.506871,0.0,,interpolated,5,4
S1C_IW_GRDH_1SDV_20260821T053125_20260821T053150_009089_0120B4_CA72,219029704,57.332008,10.533367,0.0,221.8,interpolated,17,2
S1C_IW_GRDH_1SDV_20260821T053125_20260821T053150_009089_0120B4_CA72,220359000,57.493043,10.506263,0.0,258.1,interpolated,3,27
S1C_IW_GRDH_1SDV_20260821T053125_20260821T053150_009089_0120B4_CA72,219001239,57.439168,10.549769,0.0,84.0,interpolated,6,2
S1C_IW_GRDH_1SDV_20260821T053125_20260821T053150_009089_0120B4_CA72,219006301,57.492036,10.50629,0.0,253.2,interpolated,6,4
S1C_IW_GRDH_1SDV_20260821T053125_20260821T053150_009089_0120B4_CA72,219032670,57.332173,10.533471,1.4,302.8,interpolated,6,4
S1C_IW_GRDH_1SDV_20260821T053125_20260821T053150_009089_0120B4_CA72,219003066,57.487337,10.575492,4.9,282.9,interpolated,5,3
S1C_IW_GRDH_1SDV_20260821T053125_20260821T053150_009089_0120B4_CA72,219024715,57.492204,10.505064,0.0,,interpolated,5,4
S1C_IW_GRDH_1SDV_20260821T053125_20260821T053150_009089_0120B4_CA72,219034404,57.463762,10.535964,0.1,123.4,interpolated,88,4
S1C_IW_GRDH_1SDV_20260821T053125_20260821T053150_009089_0120B4_CA72,219025260,57.463659,10.537067,0.0,,interpolated,173,27
S1C_IW_GRDH_1SDV_20260821T053125_20260821T053150_009089_0120B4_CA72,220076700,57.491861,10.505615,0.0,14.1,interpolated,6,3
S1C_IW_GRDH_1SDV_20260821T053125_20260821T053150_009089_0120B4_CA72,219997000,57.430878,10.54379,0.0,100.1,interpolated,139,38
S1C_IW_GRDH_1SDV_20260821T053125_20260821T053150_009089_0120B4_CA72,219005954,57.500992,10.534604,0.5,9.0,interpolated,3,25
S1C_IW_GRDH_1SDV_20260821T053125_20260821T053150_009089_0120B4_CA72,219904000,57.520624,10.553561,0.5,33.6,interpolated,3,7
S1C_IW_GRDH_1SDV_20260821T053125_20260821T053150_009089_0120B4_CA72,219002585,57.491945,10.505402,0.0,322.7,interpolated,2,6
S1C_IW_GRDH_1SDV_20260821T053125_20260821T053150_009089_0120B4_CA72,219001125,57.491838,10.505692,0.0,,interpolated,3,36
S1C_IW_GRDH_1SDV_20260821T053125_20260821T053150_009089_0120B4_CA72,220368000,57.492713,10.505339,0.0,288.6,interpolated,4,7
S1C_IW_GRDH_1SDV_20260821T053125_20260821T053150_009089_0120B4_CA72,219025470,57.322498,10.492103,0.0,,interpolated,170,347
S1C_IW_GRDH_1SDV_20260821T053125_20260821T053150_009089_0120B4_CA72,219005941,57.492052,10.506386,0.0,112.5,interpolated,3,5
S1C_IW_GRDH_1SDV_20260821T053125_20260821T053150_009089_0120B4_CA72,219021235,57.49234,10.50493,0.0,239.0,interpolated,1,8
S1C_IW_GRDH_1SDV_20260821T053125_20260821T053150_009089_0120B4_CA72,220127000,57.492577,10.507803,0.0,291.9,interpolated,12,8
S1C_IW_GRDH_1SDV_20260821T053125_20260821T053150_009089_0120B4_CA72,219007457,57.491679,10.504485,0.0,258.4,interpolated,11,7
S1C_IW_GRDH_1SDV_20260821T053125_20260821T053150_009089_0120B4_CA72,219002732,57.439269,10.549672,0.0,332.9,interpolated,10,18
S1C_IW_GRDH_1SDV_20260821T053125_20260821T053150_009089_0120B4_CA72,219013005,57.492717,10.504165,0.0,0.0,interpolated,168,9
S1C_IW_GRDH_1SDV_20260821T053125_20260821T053150_009089_0120B4_CA72,311018700,57.668767,10.65575,0.0,344.0,interpolated,169,85
S1C_IW_GRDH_1SDV_20260821T053125_20260821T053150_009089_0120B4_CA72,219013474,57.592002,10.429258,0.0,141.6,interpolated,67,8
S1C_IW_GRDH_1SDV_20260821T053125_20260821T053150_009089_0120B4_CA72,256717000,57.524195,10.764167,7.2,5.0,interpolated,0,10
S1C_IW_GRDH_1SDV_20260821T053125_20260821T053150_009089_0120B4_CA72,219029576,57.43105,10.537381,0.0,48.7,interpolated,7,1
S1C_IW_GRDH_1SDV_20260821T053125_20260821T053150_009089_0120B4_CA72,244260617,57.333229,10.535125,0.0,,interpolated,124,13
S1C_IW_GRDH_1SDV_20260821T053125_20260821T053150_009089_0120B4_CA72,636016374,57.68013,10.630763,0.1,289.2,interpolated,17,91
S1C_IW_GRDH_1SDV_20260821T053125_20260821T053150_009089_0120B4_CA72,636026102,57.604268,10.56662,0.1,55.0,interpolated,112,66
S1C_IW_GRDH_1SDV_20260821T053125_20260821T053150_009089_0120B4_CA72,219005453,57.439706,10.549309,0.0,279.8,interpolated,13,5
S1C_IW_GRDH_1SDV_20260821T053125_20260821T053150_009089_0120B4_CA72,219001997,57.495373,10.500941,0.0,303.0,interpolated,15,4
S1C_IW_GRDH_1SDV_20260821T053125_20260821T053150_009089_0120B4_CA72,219005787,57.439188,10.549669,0.0,,interpolated,161,19
S1C_IW_GRDH_1SDV_20260821T053125_20260821T053150_009089_0120B4_CA72,219018795,57.425257,10.531699,0.0,,interpolated,142,50
S1C_IW_GRDH_1SDV_20260821T053125_20260821T053150_009089_0120B4_CA72,219009415,57.492585,10.504978,0.0,,interpolated,655,119
S1C_IW_GRDH_1SDV_20260821T053125_20260821T053150_009089_0120B4_CA72,219111111,57.437853,10.558008,0.0,,interpolated,304,26
S1C_IW_GRDH_1SDV_20260821T053125_20260821T053150_009089_0120B4_CA72,219016781,57.441977,10.546708,0.0,99.4,interpolated,66,114
S1C_IW_GRDH_1SDV_20260821T053125_20260821T053150_009089_0120B4_CA72,219005323,57.442837,10.546493,0.0,0.0,interpolated,90,43
S1C_IW_GRDH_1SDV_20260821T053125_20260821T053150_009089_0120B4_CA72,219033835,57.465091,10.537109,0.0,,interpolated,110,31
S1C_IW_GRDH_1SDV_20260821T053125_20260821T053150_009089_0120B4_CA72,219035413,57.593332,10.428495,0.0,,interpolated,160,96
S1C_IW_GRDH_1SDV_20260821T053125_20260821T053150_009089_0120B4_CA72,219035911,57.42559,10.529255,0.0,,interpolated,257,39
S1C_IW_GRDH_1SDV_20260821T053125_20260821T053150_009089_0120B4_CA72,219030959,57.463851,10.535967,0.0,,interpolated,317,266
S1C_IW_GRDH_1SDV_20260821T053125_20260821T053150_009089_0120B4_CA72,219032027,57.42561,10.529638,0.0,,interpolated,130,203
S1C_IW_GRDH_1SDV_20260821T053125_20260821T053150_009089_0120B4_CA72,219025465,57.425529,10.52892,0.0,120.5,interpolated,292,75
S1C_IW_GRDH_1SDV_20260821T053125_20260821T053150_009089_0120B4_CA72,265410000,57.435041,10.543427,0.0,224.6,interpolated,127,53
S1C_IW_GRDH_1SDV_20260821T053125_20260821T053150_009089_0120B4_CA72,212123000,57.674617,10.606298,0.0,97.0,interpolated,97,60
S1C_IW_GRDH_1SDV_20260821T053125_20260821T053150_009089_0120B4_CA72,259319000,57.438578,10.54727,0.0,,interpolated,58,63
S1C_IW_GRDH_1SDV_20260821T053125_20260821T053150_009089_0120B4_CA72,219012459,57.492095,10.50524,0.0,,interpolated,129,142
S1C_IW_GRDH_1SDV_20260821T053125_20260821T053150_009089_0120B4_CA72,257177570,57.436865,10.541177,0.0,46.7,interpolated,2,65
S1C_IW_GRDH_1SDV_20260821T053125_20260821T053150_009089_0120B4_CA72,219012314,57.493774,10.503876,0.0,211.1,interpolated,25,68
S1C_IW_GRDH_1SDV_20260821T053125_20260821T053150_009089_0120B4_CA72,219004365,57.332752,10.532035,0.0,,interpolated,5,70
S1C_IW_GRDH_1SDV_20260821T053125_20260821T053150_009089_0120B4_CA72,219022611,57.493125,10.504471,0.0,,interpolated,206,75
S1C_IW_GRDH_1SDV_20260821T053125_20260821T053150_009089_0120B4_CA72,219031988,57.593207,10.428997,0.0,97.6,interpolated,654,1074
S1C_IW_GRDH_1SDV_20260821T053125_20260821T053150_009089_0120B4_CA72,219263000,57.431318,10.537708,0.0,15.4,interpolated,95,86
S1C_IW_GRDH_1SDV_20260821T053125_20260821T053150_009089_0120B4_CA72,219026327,57.333882,10.531468,0.1,311.2,interpolated,135,214
S1C_IW_GRDH_1SDV_20260821T053125_20260821T053150_009089_0120B4_CA72,219025076,57.592778,10.428267,0.0,12.7,interpolated,21,55
S1C_IW_GRDH_1SDV_20260821T053125_20260821T053150_009089_0120B4_CA72,311027500,57.680665,10.657167,0.0,303.8,interpolated,19,90
S1C_IW_GRDH_1SDV_20260821T053125_20260821T053150_009089_0120B4_CA72,219034326,57.484183,10.622567,0.0,,interpolated,55,95
S1C_IW_GRDH_1SDV_20260821T053125_20260821T053150_009089_0120B4_CA72,265075150,57.523211,10.638032,8.8,354.1,interpolated,7,38
S1C_IW_GRDH_1SDV_20260821T053125_20260821T053150_009089_0120B4_CA72,219525000,57.430658,10.54269,0.0,69.4,interpolated,42,112
S1C_IW_GRDH_1SDV_20260821T053125_20260821T053150_009089_0120B4_CA72,259961000,57.436437,10.541926,0.0,102.0,interpolated,67,114
S1C_IW_GRDH_1SDV_20260821T053125_20260821T053150_009089_0120B4_CA72,211839050,57.333508,10.531825,0.0,,interpolated,38,118
S1C_IW_GRDH_1SDV_20260821T053125_20260821T053150_009089_0120B4_CA72,314631000,57.651412,10.623947,0.3,311.4,interpolated,40,127
S1C_IW_GRDH_1SDV_20260821T053125_20260821T053150_009089_0120B4_CA72,257980000,57.631832,10.652189,0.0,252.3,interpolated,51,121
S1C_IW_GRDH_1SDV_20260821T053125_20260821T053150_009089_0120B4_CA72,311000766,57.622355,10.718508,0.0,71.9,interpolated,47,125
S1C_IW_GRDH_1SDV_20260821T053125_20260821T053150_009089_0120B4_CA72,219028949,57.425952,10.528443,0.0,,interpolated,276,139
S1C_IW_GRDH_1SDV_20260821T053125_20260821T053150_009089_0120B4_CA72,219011069,57.46424,10.537357,0.0,,interpolated,174,129
S1C_IW_GRDH_1SDV_20260821T053125_20260821T053150_009089_0120B4_CA72,219000417,57.431462,10.53606,0.0,248.9,interpolated,180,115
S1C_IW_GRDH_1SDV_20260821T053125_20260821T053150_009089_0120B4_CA72,538003218,57.681792,10.59682,0.0,146.3,interpolated,37,145
S1C_IW_GRDH_1SDV_20260821T053125_20260821T053150_009089_0120B4_CA72,538011116,57.667179,10.61953,0.0,296.3,interpolated,33,146
S1C_IW_GRDH_1SDV_20260821T053125_20260821T053150_009089_0120B4_CA72,219029817,57.593329,10.428674,0.4,,interpolated,127,52
S1C_IW_GRDH_1SDV_20260821T053125_20260821T053150_009089_0120B4_CA72,219018343,57.592987,10.428395,0.0,80.9,interpolated,145,213
S1C_IW_GRDH_1SDV_20260821T053125_20260821T053150_009089_0120B4_CA72,219022157,57.437326,10.542577,0.0,67.1,interpolated,13,166
S1C_IW_GRDH_1SDV_20260821T053125_20260821T053150_009089_0120B4_CA72,219026533,57.593268,10.42867,0.0,,interpolated,151,28
S1C_IW_GRDH_1SDV_20260821T053125_20260821T053150_009089_0120B4_CA72,219026558,57.428634,10.502968,0.0,78.8,interpolated,133,47
S1C_IW_GRDH_1SDV_20260821T053125_20260821T053150_009089_0120B4_CA72,219029594,57.463489,10.537457,0.0,339.8,interpolated,839,29
S1C_IW_GRDH_1SDV_20260821T053125_20260821T053150_009089_0120B4_CA72,219028977,57.42555,10.53265,0.1,0.0,interpolated,80,280
S1C_IW_GRDH_1SDV_20260821T053125_20260821T053150_009089_0120B4_CA72,219001522,57.494938,10.523363,0.5,11.6,interpolated,1,20
S1C_IW_GRDH_1SDV_20260821T053125_20260821T053150_009089_0120B4_CA72,219024852,57.467141,10.634762,5.9,19.5,interpolated,13,16
S1C_IW_GRDH_1SDV_20260821T053125_20260821T053150_009089_0120B4_CA72,219035065,57.495569,10.502374,0.0,69.6,interpolated,73,154
S1C_IW_GRDH_1SDV_20260821T053125_20260821T053150_009089_0120B4_CA72,219032621,57.333347,10.533048,0.0,,interpolated,334,179
S1C_IW_GRDH_1SDV_20260821T053125_20260821T053150_009089_0120B4_CA72,257081000,57.406563,10.733212,10.8,182.7,interpolated,2,5
S1C_IW_GRDH_1SDV_20260821T053125_20260821T053150_009089_0120B4_CA72,219010207,57.428726,10.660542,5.2,317.8,interpolated,4,4
S1C_IW_GRDH_1SDV_20260821T053125_20260821T053150_009089_0120B4_CA72,219019097,57.463678,10.536088,0.0,350.8,interpolated,421,178
S1C_IW_GRDH_1SDV_20260821T053125_20260821T053150_009089_0120B4_CA72,219000407,57.437067,10.539317,0.0,0.0,interpolated,4,4
S1C_IW_GRDH_1SDV_20260821T053125_20260821T053150_009089_0120B4_CA72,220189000,57.289391,10.720897,18.1,182.4,interpolated,4,0
S1C_IW_GRDH_1SDV_20260821T053125_20260821T053150_009089_0120B4_CA72,219009407,57.250162,10.682005,5.1,214.1,interpolated,111,51
S1C_IW_GRDH_1SDV_20260821T053125_20260821T053150_009089_0120B4_CA72,219030445,57.321088,10.564022,6.1,134.0,interpolated,43,12
S1C_IW_GRDH_1SDV_20260821T053125_20260821T053150_009089_0120B4_CA72,211312770,57.35817,10.743232,5.3,295.4,interpolated,0,5
S1C_IW_GRDH_1SDV_20260821T053125_20260821T053150_009089_0120B4_CA72,211452110,57.348265,10.755313,5.4,287.3,interpolated,14,18
S1C_IW_GRDH_1SDV_20260821T053125_20260821T053150_009089_0120B4_CA72,219013885,57.495331,10.501169,0.0,24.0,interpolated,8,13
S1C_IW_GRDH_1SDV_20260821T053125_20260821T053150_009089_0120B4_CA72,257576680,57.332662,10.534025,0.0,,nearest,,86
S1D_IW_GRDH_1SDV_20260825T170108_20260825T170133_004285_007E34_65C9,219003066,57.494165,10.501902,0.0,,interpolated,1,8
S1D_IW_GRDH_1SDV_20260825T170108_20260825T170133_004285_007E34_65C9,219025340,57.48499,10.540897,4.9,57.4,interpolated,340,2
S1D_IW_GRDH_1SDV_20260825T170108_20260825T170133_004285_007E34_65C9,219024715,57.492197,10.505073,0.0,,interpolated,0,21
S1D_IW_GRDH_1SDV_20260825T170108_20260825T170133_004285_007E34_65C9,219333000,57.652222,10.699762,0.0,73.3,interpolated,12,16
S1D_IW_GRDH_1SDV_20260825T170108_20260825T170133_004285_007E34_65C9,220072000,57.468336,10.660276,7.1,109.9,interpolated,9,0
S1D_IW_GRDH_1SDV_20260825T170108_20260825T170133_004285_007E34_65C9,259961000,57.393577,10.720057,0.7,95.3,interpolated,3,6
S1D_IW_GRDH_1SDV_20260825T170108_20260825T170133_004285_007E34_65C9,219029825,57.333992,10.530365,0.0,,interpolated,717,7
S1D_IW_GRDH_1SDV_20260825T170108_20260825T170133_004285_007E34_65C9,219005453,57.439716,10.54927,0.0,255.6,interpolated,7,2
S1D_IW_GRDH_1SDV_20260825T170108_20260825T170133_004285_007E34_65C9,219005954,57.492733,10.508067,0.0,0.0,interpolated,7,11
S1D_IW_GRDH_1SDV_20260825T170108_20260825T170133_004285_007E34_65C9,259025610,57.529952,10.634514,5.1,147.3,interpolated,27,152
S1D_IW_GRDH_1SDV_20260825T170108_20260825T170133_004285_007E34_65C9,220191000,57.442225,10.642555,0.2,80.7,interpolated,267,90
S1D_IW_GRDH_1SDV_20260825T170108_20260825T170133_004285_007E34_65C9,219021235,57.492344,10.50493,0.0,210.3,interpolated,4,5
S1D_IW_GRDH_1SDV_20260825T170108_20260825T170133_004285_007E34_65C9,219009135,57.492807,10.505602,0.0,321.5,nearest,103,
S1D_IW_GRDH_1SDV_20260825T170108_20260825T170133_004285_007E34_65C9,314540000,57.680201,10.710836,0.0,46.3,interpolated,33,14
S1D_IW_GRDH_1SDV_20260825T170108_20260825T170133_004285_007E34_65C9,219026706,57.492145,10.506555,0.0,163.8,interpolated,3,6
S1D_IW_GRDH_1SDV_20260825T170108_20260825T170133_004285_007E34_65C9,255915748,57.517071,10.76183,8.8,2.0,interpolated,3,6
S1D_IW_GRDH_1SDV_20260825T170108_20260825T170133_004285_007E34_65C9,219029576,57.431072,10.537379,0.0,206.8,interpolated,1,8
S1D_IW_GRDH_1SDV_20260825T170108_20260825T170133_004285_007E34_65C9,219005659,57.492327,10.507174,0.0,,interpolated,3,6
S1D_IW_GRDH_1SDV_20260825T170108_20260825T170133_004285_007E34_65C9,220256000,57.491253,10.544796,6.2,104.3,interpolated,0,9
S1D_IW_GRDH_1SDV_20260825T170108_20260825T170133_004285_007E34_65C9,311046300,57.664333,10.706983,0.3,322.2,interpolated,47,103
S1D_IW_GRDH_1SDV_20260825T170108_20260825T170133_004285_007E34_65C9,219000417,57.431443,10.5362,0.0,276.6,interpolated,29,153
S1D_IW_GRDH_1SDV_20260825T170108_20260825T170133_004285_007E34_65C9,219015617,57.492437,10.50747,0.0,89.0,interpolated,10,0
S1D_IW_GRDH_1SDV_20260825T170108_20260825T170133_004285_007E34_65C9,219006301,57.481269,10.599296,7.2,107.8,interpolated,9,0
S1D_IW_GRDH_1SDV_20260825T170108_20260825T170133_004285_007E34_65C9,219000942,57.48418,10.622563,0.0,,interpolated,0,10
S1D_IW_GRDH_1SDV_20260825T170108_20260825T170133_004285_007E34_65C9,219001125,57.491838,10.505674,0.0,,interpolated,26,12
S1D_IW_GRDH_1SDV_20260825T170108_20260825T170133_004285_007E34_65C9,219000003,57.435835,10.556252,0.0,,interpolated,43,316
S1D_IW_GRDH_1SDV_20260825T170108_20260825T170133_004285_007E34_65C9,219002585,57.491976,10.505352,0.0,239.9,interpolated,5,24
S1D_IW_GRDH_1SDV_20260825T170108_20260825T170133_004285_007E34_65C9,219007457,57.491682,10.504534,0.0,247.4,interpolated,4,15
S1D_IW_GRDH_1SDV_20260825T170108_20260825T170133_004285_007E34_65C9,219031988,57.59322,10.429002,0.0,287.4,interpolated,344,2
S1D_IW_GRDH_1SDV_20260825T170108_20260825T170133_004285_007E34_65C9,219031325,57.334037,10.530173,0.0,293.0,interpolated,283,45
S1D_IW_GRDH_1SDV_20260825T170108_20260825T170133_004285_007E34_65C9,219034404,57.463772,10.535992,0.0,340.5,interpolated,164,17
S1D_IW_GRDH_1SDV_20260825T170108_20260825T170133_004285_007E34_65C9,219111114,57.436768,10.55983,0.0,,interpolated,75,16
S1D_IW_GRDH_1SDV_20260825T170108_20260825T170133_004285_007E34_65C9,219017348,57.488149,10.550086,4.8,57.8,interpolated,24,5
S1D_IW_GRDH_1SDV_20260825T170108_20260825T170133_004285_007E34_65C9,219001522,57.494365,10.501836,0.0,233.7,interpolated,5,14
S1D_IW_GRDH_1SDV_20260825T170108_20260825T170133_004285_007E34_65C9,219036047,57.33334,10.534056,0.4,275.6,interpolated,28,33
S1D_IW_GRDH_1SDV_20260825T170108_20260825T170133_004285_007E34_65C9,219032670,57.331864,10.533388,0.4,0.2,interpolated,1,7
S1D_IW_GRDH_1SDV_20260825T170108_20260825T170133_004285_007E34_65C9,219034043,57.491523,10.505667,0.3,2.9,interpolated,341,18
S1D_IW_GRDH_1SDV_20260825T170108_20260825T170133_004285_007E34_65C9,219003138,57.493313,10.506375,0.0,,interpolated,11,37
S1D_IW_GRDH_1SDV_20260825T170108_20260825T170133_004285_007E34_65C9,219001997,57.495377,10.500944,0.0,7.3,interpolated,8,0
S1D_IW_GRDH_1SDV_20260825T170108_20260825T170133_004285_007E34_65C9,219013474,57.592002,10.429235,0.1,209.5,interpolated,322,62
S1D_IW_GRDH_1SDV_20260825T170108_20260825T170133_004285_007E34_65C9,219029704,57.332012,10.533368,0.0,136.1,interpolated,0,8
S1D_IW_GRDH_1SDV_20260825T170108_20260825T170133_004285_007E34_65C9,257061000,57.439039,10.543624,0.0,38.0,interpolated,80,97
S1D_IW_GRDH_1SDV_20260825T170108_20260825T170133_004285_007E34_65C9,636023848,57.6318,10.682965,0.0,39.6,interpolated,90,43
S1D_IW_GRDH_1SDV_20260825T170108_20260825T170133_004285_007E34_65C9,219029594,57.463492,10.537445,0.0,339.8,interpolated,104,44
S1D_IW_GRDH_1SDV_20260825T170108_20260825T170133_004285_007E34_65C9,636016374,57.676192,10.630092,0.1,334.9,interpolated,121,51
S1D_IW_GRDH_1SDV_20260825T170108_20260825T170133_004285_007E34_65C9,219032146,57.48412,10.622497,0.1,,interpolated,125,49
S1D_IW_GRDH_1SDV_20260825T170108_20260825T170133_004285_007E34_65C9,219012314,57.493787,10.503883,0.0,274.0,interpolated,19,54
S1D_IW_GRDH_1SDV_20260825T170108_20260825T170133_004285_007E34_65C9,219013005,57.492697,10.504172,0.0,0.0,interpolated,122,57
S1D_IW_GRDH_1SDV_20260825T170108_20260825T170133_004285_007E34_65C9,219028949,57.42595,10.528438,0.0,,interpolated,119,100
S1D_IW_GRDH_1SDV_20260825T170108_20260825T170133_004285_007E34_65C9,219025076,57.59279,10.428262,0.0,12.7,interpolated,2,81
S1D_IW_GRDH_1SDV_20260825T170108_20260825T170133_004285_007E34_65C9,219034659,57.435048,10.554117,0.0,334.7,interpolated,115,64
S1D_IW_GRDH_1SDV_20260825T170108_20260825T170133_004285_007E34_65C9,219001239,57.439168,10.549755,0.0,152.0,interpolated,280,71
S1D_IW_GRDH_1SDV_20260825T170108_20260825T170133_004285_007E34_65C9,257177570,57.436933,10.54925,0.0,136.3,interpolated,99,79
S1D_IW_GRDH_1SDV_20260825T170108_20260825T170133_004285_007E34_65C9,219009415,57.481546,10.600155,7.2,106.9,interpolated,52,7
S1D_IW_GRDH_1SDV_20260825T170108_20260825T170133_004285_007E34_65C9,219029698,57.416809,10.506839,0.0,121.4,interpolated,57,2
S1D_IW_GRDH_1SDV_20260825T170108_20260825T170133_004285_007E34_65C9,255805390,57.434543,10.553445,0.0,0.0,interpolated,97,82
S1D_IW_GRDH_1SDV_20260825T170108_20260825T170133_004285_007E34_65C9,219035413,57.5933,10.428535,0.3,,interpolated,303,54
S1D_IW_GRDH_1SDV_20260825T170108_20260825T170133_004285_007E34_65C9,219024585,57.46412,10.537255,0.0,,interpolated,80,87
S1D_IW_GRDH_1SDV_20260825T170108_20260825T170133_004285_007E34_65C9,219011069,57.464208,10.537335,0.1,,interpolated,157,61
S1D_IW_GRDH_1SDV_20260825T170108_20260825T170133_004285_007E34_65C9,219025465,57.425525,10.528985,0.0,294.6,interpolated,362,99
S1D_IW_GRDH_1SDV_20260825T170108_20260825T170133_004285_007E34_65C9,219026327,57.333902,10.531488,0.1,271.9,interpolated,80,99
S1D_IW_GRDH_1SDV_20260825T170108_20260825T170133_004285_007E34_65C9,219035911,57.425563,10.529227,0.1,,interpolated,23,45
S1D_IW_GRDH_1SDV_20260825T170108_20260825T170133_004285_007E34_65C9,219002066,57.432003,10.535768,0.0,328.0,interpolated,75,107
S1D_IW_GRDH_1SDV_20260825T170108_20260825T170133_004285_007E34_65C9,219263000,57.431323,10.537682,0.0,15.4,interpolated,276,122
S1D_IW_GRDH_1SDV_20260825T170108_20260825T170133_004285_007E34_65C9,219023870,57.593201,10.429138,0.0,,interpolated,73,105
S1D_IW_GRDH_1SDV_20260825T170108_20260825T170133_004285_007E34_65C9,219018795,57.42526,10.531707,0.0,,interpolated,63,468
S1D_IW_GRDH_1SDV_20260825T170108_20260825T170133_004285_007E34_65C9,219026862,57.425448,10.529169,0.0,,interpolated,84,101
S1D_IW_GRDH_1SDV_20260825T170108_20260825T170133_004285_007E34_65C9,219309000,57.682525,10.641572,0.0,148.1,interpolated,57,121
S1D_IW_GRDH_1SDV_20260825T170108_20260825T170133_004285_007E34_65C9,246127000,57.64137,10.766868,10.1,118.8,nearest,922,
S1D_IW_GRDH_1SDV_20260825T170108_20260825T170133_004285_007E34_65C9,219016781,57.441971,10.546704,0.0,280.7,interpolated,49,131
S1D_IW_GRDH_1SDV_20260825T170108_20260825T170133_004285_007E34_65C9,259319000,57.438563,10.547271,0.0,,interpolated,42,137
S1D_IW_GRDH_1SDV_20260825T170108_20260825T170133_004285_007E34_65C9,219525000,57.430652,10.542668,0.0,69.4,interpolated,26,265
S1D_IW_GRDH_1SDV_20260825T170108_20260825T170133_004285_007E34_65C9,219023085,57.334279,10.531472,0.0,,interpolated,37,518
S1D_IW_GRDH_1SDV_20260825T170108_20260825T170133_004285_007E34_65C9,538011116,57.663873,10.617484,0.0,348.2,interpolated,17,162
S1D_IW_GRDH_1SDV_20260825T170108_20260825T170133_004285_007E34_65C9,219022611,57.493152,10.504543,0.0,,interpolated,89,113
S1D_IW_GRDH_1SDV_20260825T170108_20260825T170133_004285_007E34_65C9,219025195,57.425518,10.53065,0.1,,interpolated,3,172
S1D_IW_GRDH_1SDV_20260825T170108_20260825T170133_004285_007E34_65C9,219022157,57.437427,10.542021,0.0,155.8,interpolated,22,179
S1D_IW_GRDH_1SDV_20260825T170108_20260825T170133_004285_007E34_65C9,219004365,57.332717,10.53202,0.0,,interpolated,171,178
S1D_IW_GRDH_1SDV_20260825T170108_20260825T170133_004285_007E34_65C9,219025260,57.463657,10.537073,0.0,,interpolated,123,235
S1D_IW_GRDH_1SDV_20260825T170108_20260825T170133_004285_007E34_65C9,219005787,57.439188,10.549685,0.0,,interpolated,106,214
S1D_IW_GRDH_1SDV_20260825T170108_20260825T170133_004285_007E34_65C9,257980000,57.627756,10.651626,0.0,70.3,interpolated,12,168
S1D_IW_GRDH_1SDV_20260825T170108_20260825T170133_004285_007E34_65C9,219026533,57.593274,10.428686,0.0,,interpolated,9,232
S1D_IW_GRDH_1SDV_20260825T170108_20260825T170133_004285_007E34_65C9,219035065,57.49551,10.502396,0.1,227.4,interpolated,64,233
S1D_IW_GRDH_1SDV_20260825T170108_20260825T170133_004285_007E34_65C9,219028256,57.332915,10.534317,0.0,,interpolated,467,16
S1D_IW_GRDH_1SDV_20260825T170108_20260825T170133_004285_007E34_65C9,219026558,57.428605,10.502942,0.0,206.4,interpolated,16,163
S1D_IW_GRDH_1SDV_20260825T170108_20260825T170133_004285_007E34_65C9,219012459,57.492098,10.505208,0.0,,interpolated,32,270
S1D_IW_GRDH_1SDV_20260825T170108_20260825T170133_004285_007E34_65C9,219016142,57.45022,10.578513,0.1,133.8,interpolated,261,85
S1D_IW_GRDH_1SDV_20260825T170108_20260825T170133_004285_007E34_65C9,219111111,57.437833,10.557987,0.0,,interpolated,14,71
S1D_IW_GRDH_1SDV_20260825T170108_20260825T170133_004285_007E34_65C9,219005323,57.442835,10.546499,0.0,0.0,interpolated,68,104
S1D_IW_GRDH_1SDV_20260825T170108_20260825T170133_004285_007E34_65C9,219032027,57.425576,10.529601,0.0,,interpolated,162,201
S1D_IW_GRDH_1SDV_20260825T170108_20260825T170133_004285_007E34_65C9,219018343,57.592977,10.428401,0.0,131.4,interpolated,860,515
S1D_IW_GRDH_1SDV_20260825T170108_20260825T170133_004285_007E34_65C9,220614000,57.67994,10.710807,0.0,1.0,interpolated,276,68
S1D_IW_GRDH_1SDV_20260825T170108_20260825T170133_004285_007E34_65C9,219026999,57.333699,10.530011,0.0,141.8,interpolated,133,227
S1D_IW_GRDH_1SDV_20260825T170108_20260825T170133_004285_007E34_65C9,219006367,57.489013,10.554293,4.7,63.1,interpolated,29,1
S1D_IW_GRDH_1SDV_20260825T170108_20260825T170133_004285_007E34_65C9,219030313,57.555733,10.450699,7.7,164.1,interpolated,20,9
S1D_IW_GRDH_1SDV_20260825T170108_20260825T170133_004285_007E34_65C9,265410000,57.426655,10.566468,11.3,310.2,interpolated,6,0
S1D_IW_GRDH_1SDV_20260825T170108_20260825T170133_004285_007E34_65C9,219010873,57.685947,10.622083,9.2,339.8,nearest,375,
S1D_IW_GRDH_1SDV_20260825T170108_20260825T170133_004285_007E34_65C9,219035154,57.42422,10.558453,2.5,82.8,interpolated,36,227
S1D_IW_GRDH_1SDV_20260825T170108_20260825T170133_004285_007E34_65C9,219030766,57.374906,10.70967,7.8,306.5,interpolated,6,23
S1D_IW_GRDH_1SDV_20260825T170108_20260825T170133_004285_007E34_65C9,210704000,57.262723,10.735427,9.8,2.4,interpolated,3,6
S1D_IW_GRDH_1SDV_20260825T170108_20260825T170133_004285_007E34_65C9,219018452,57.430918,10.53693,0.2,277.7,nearest,,574
S1C_IW_GRDH_1SDV_20260826T053940_20260826T054005_009162_01232C_0084,219525000,57.430637,10.542662,0.0,69.4,interpolated,178,2
S1C_IW_GRDH_1SDV_20260826T053940_20260826T054005_009162_01232C_0084,219904000,57.493314,10.506373,0.0,282.9,interpolated,7,1
S1C_IW_GRDH_1SDV_20260826T053940_20260826T054005_009162_01232C_0084,219009135,57.492793,10.505591,0.0,326.0,interpolated,7,1
S1C_IW_GRDH_1SDV_20260826T053940_20260826T054005_009162_01232C_0084,219001125,57.491838,10.50568,0.0,,interpolated,18,2
S1C_IW_GRDH_1SDV_20260826T053940_20260826T054005_009162_01232C_0084,219002585,57.491978,10.505339,0.0,315.6,interpolated,8,2
S1C_IW_GRDH_1SDV_20260826T053940_20260826T054005_009162_01232C_0084,219021235,57.492348,10.504937,0.0,210.3,interpolated,5,4
S1C_IW_GRDH_1SDV_20260826T053940_20260826T054005_009162_01232C_0084,259961000,57.430223,10.725047,0.2,358.6,interpolated,5,5
S1C_IW_GRDH_1SDV_20260826T053940_20260826T054005_009162_01232C_0084,219026706,57.492119,10.506587,0.0,163.8,interpolated,5,3
S1C_IW_GRDH_1SDV_20260826T053940_20260826T054005_009162_01232C_0084,219029576,57.431036,10.537391,0.0,182.1,interpolated,3,6
S1C_IW_GRDH_1SDV_20260826T053940_20260826T054005_009162_01232C_0084,219032670,57.332136,10.533823,0.2,17.4,interpolated,2,6
S1C_IW_GRDH_1SDV_20260826T053940_20260826T054005_009162_01232C_0084,220256000,57.5023,10.528424,0.3,273.2,interpolated,2,28
S1C_IW_GRDH_1SDV_20260826T053940_20260826T054005_009162_01232C_0084,219015617,57.493483,10.502568,0.0,150.4,interpolated,1,18
S1C_IW_GRDH_1SDV_20260826T053940_20260826T054005_009162_01232C_0084,220072000,57.493437,10.506245,0.0,,interpolated,9,29
S1C_IW_GRDH_1SDV_20260826T053940_20260826T054005_009162_01232C_0084,219000942,57.44231,10.547515,0.0,,interpolated,12,28
S1C_IW_GRDH_1SDV_20260826T053940_20260826T054005_009162_01232C_0084,219006301,57.492123,10.506457,0.0,352.9,interpolated,10,0
S1C_IW_GRDH_1SDV_20260826T053940_20260826T054005_009162_01232C_0084,219005453,57.439708,10.549268,0.0,327.3,interpolated,9,0
S1C_IW_GRDH_1SDV_20260826T053940_20260826T054005_009162_01232C_0084,219012314,57.493774,10.503906,0.0,36.0,interpolated,84,7
S1C_IW_GRDH_1SDV_20260826T053940_20260826T054005_009162_01232C_0084,219024715,57.492203,10.505052,0.0,,interpolated,0,19
S1C_IW_GRDH_1SDV_20260826T053940_20260826T054005_009162_01232C_0084,538011116,57.666757,10.618873,0.1,331.2,interpolated,168,11
S1C_IW_GRDH_1SDV_20260826T053940_20260826T054005_009162_01232C_0084,219005659,57.492583,10.504849,0.0,,interpolated,8,21
S1C_IW_GRDH_1SDV_20260826T053940_20260826T054005_009162_01232C_0084,219029698,57.41682,10.5068,0.0,127.6,interpolated,59,320
S1C_IW_GRDH_1SDV_20260826T053940_20260826T054005_009162_01232C_0084,219029825,57.425105,10.531473,0.0,,interpolated,12,1074
S1C_IW_GRDH_1SDV_20260826T053940_20260826T054005_009162_01232C_0084,219018795,57.42524,10.531709,0.0,,interpolated,26,342
S1C_IW_GRDH_1SDV_20260826T053940_20260826T054005_009162_01232C_0084,219029704,57.332018,10.533331,0.0,197.4,interpolated,1,8
S1C_IW_GRDH_1SDV_20260826T053940_20260826T054005_009162_01232C_0084,219001997,57.495367,10.500929,0.0,339.3,interpolated,11,7
S1C_IW_GRDH_1SDV_20260826T053940_20260826T054005_009162_01232C_0084,219025260,57.463632,10.537042,0.1,,interpolated,326,384
S1C_IW_GRDH_1SDV_20260826T053940_20260826T054005_009162_01232C_0084,257980000,57.631744,10.650512,0.0,55.0,interpolated,164,19
S1C_IW_GRDH_1SDV_20260826T053940_20260826T054005_009162_01232C_0084,219007457,57.491661,10.504596,0.0,247.4,interpolated,36,13
S1C_IW_GRDH_1SDV_20260826T053940_20260826T054005_009162_01232C_0084,219000417,57.431475,10.536166,0.0,231.0,interpolated,44,27
S1C_IW_GRDH_1SDV_20260826T053940_20260826T054005_009162_01232C_0084,219025195,57.425505,10.530622,0.0,,interpolated,280,23
S1C_IW_GRDH_1SDV_20260826T053940_20260826T054005_009162_01232C_0084,219023870,57.593188,10.429128,0.0,,interpolated,43,26
S1C_IW_GRDH_1SDV_20260826T053940_20260826T054005_009162_01232C_0084,219022157,57.437527,10.541862,0.0,335.4,interpolated,152,144
S1C_IW_GRDH_1SDV_20260826T053940_20260826T054005_009162_01232C_0084,219004365,57.332715,10.532028,0.0,,interpolated,179,0
S1C_IW_GRDH_1SDV_20260826T053940_20260826T054005_009162_01232C_0084,219005954,57.500005,10.53906,0.3,306.0,interpolated,78,211
S1C_IW_GRDH_1SDV_20260826T053940_20260826T054005_009162_01232C_0084,210046000,57.67665,10.651122,0.1,215.8,interpolated,84,44
S1C_IW_GRDH_1SDV_20260826T053940_20260826T054005_009162_01232C_0084,219011069,57.464217,10.53735,0.1,,interpolated,5,51
S1C_IW_GRDH_1SDV_20260826T053940_20260826T054005_009162_01232C_0084,219005787,57.439196,10.549682,0.0,,interpolated,116,64
S1C_IW_GRDH_1SDV_20260826T053940_20260826T054005_009162_01232C_0084,219333000,57.655777,10.699753,0.0,55.3,interpolated,108,60
S1C_IW_GRDH_1SDV_20260826T053940_20260826T054005_009162_01232C_0084,219016781,57.441982,10.54671,0.0,320.5,interpolated,21,67
S1C_IW_GRDH_1SDV_20260826T053940_20260826T054005_009162_01232C_0084,219000003,57.435858,10.556255,0.0,,interpolated,107,75
S1C_IW_GRDH_1SDV_20260826T053940_20260826T054005_009162_01232C_0084,255805390,57.434557,10.553428,0.0,0.0,interpolated,67,95
S1C_IW_GRDH_1SDV_20260826T053940_20260826T054005_009162_01232C_0084,311046300,57.668133,10.70723,0.2,21.5,interpolated,149,28
S1C_IW_GRDH_1SDV_20260826T053940_20260826T054005_009162_01232C_0084,219028949,57.425943,10.528439,0.0,,interpolated,354,267
S1C_IW_GRDH_1SDV_20260826T053940_20260826T054005_009162_01232C_0084,219026327,57.333867,10.531483,0.1,181.0,interpolated,50,129
S1C_IW_GRDH_1SDV_20260826T053940_20260826T054005_009162_01232C_0084,219034659,57.435051,10.554113,0.0,330.7,interpolated,17,93
S1C_IW_GRDH_1SDV_20260826T053940_20260826T054005_009162_01232C_0084,219111111,57.437823,10.557975,0.0,,interpolated,82,99
S1C_IW_GRDH_1SDV_20260826T053940_20260826T054005_009162_01232C_0084,219012459,57.492088,10.505225,0.0,,interpolated,151,166
S1C_IW_GRDH_1SDV_20260826T053940_20260826T054005_009162_01232C_0084,219009415,57.492649,10.50514,0.0,,interpolated,199,157
S1C_IW_GRDH_1SDV_20260826T053940_20260826T054005_009162_01232C_0084,219001239,57.439174,10.549781,0.0,152.0,interpolated,74,38
S1C_IW_GRDH_1SDV_20260826T053940_20260826T054005_009162_01232C_0084,257177570,57.436945,10.54926,0.0,316.0,interpolated,70,109
S1C_IW_GRDH_1SDV_20260826T053940_20260826T054005_009162_01232C_0084,219026558,57.428625,10.50298,0.0,214.7,interpolated,245,113
S1C_IW_GRDH_1SDV_20260826T053940_20260826T054005_009162_01232C_0084,219033835,57.465042,10.537113,0.0,,interpolated,105,76
S1C_IW_GRDH_1SDV_20260826T053940_20260826T054005_009162_01232C_0084,636023848,57.635047,10.682444,0.0,343.2,interpolated,61,118
S1C_IW_GRDH_1SDV_20260826T053940_20260826T054005_009162_01232C_0084,219111114,57.436749,10.559801,0.0,,interpolated,46,131
S1C_IW_GRDH_1SDV_20260826T053940_20260826T054005_009162_01232C_0084,257061000,57.439029,10.543624,0.0,38.0,interpolated,47,131
S1C_IW_GRDH_1SDV_20260826T053940_20260826T054005_009162_01232C_0084,219005323,57.442844,10.546499,0.0,0.0,interpolated,46,134
S1C_IW_GRDH_1SDV_20260826T053940_20260826T054005_009162_01232C_0084,219263000,57.43132,10.5377,0.0,15.4,interpolated,4,113
S1C_IW_GRDH_1SDV_20260826T053940_20260826T054005_009162_01232C_0084,219309000,57.685706,10.641721,0.0,7.7,interpolated,20,155
S1C_IW_GRDH_1SDV_20260826T053940_20260826T054005_009162_01232C_0084,219002066,57.432,10.535758,0.0,36.3,interpolated,18,159
S1C_IW_GRDH_1SDV_20260826T053940_20260826T054005_009162_01232C_0084,259319000,57.438587,10.54729,0.0,,interpolated,13,165
S1C_IW_GRDH_1SDV_20260826T053940_20260826T054005_009162_01232C_0084,219034404,57.463787,10.536029,0.0,343.9,interpolated,93,178
S1C_IW_GRDH_1SDV_20260826T053940_20260826T054005_009162_01232C_0084,219026533,57.593243,10.428676,0.0,,interpolated,458,262
S1C_IW_GRDH_1SDV_20260826T053940_20260826T054005_009162_01232C_0084,219025076,57.592787,10.428267,0.0,12.7,interpolated,207,250
S1C_IW_GRDH_1SDV_20260826T053940_20260826T054005_009162_01232C_0084,219034043,57.491391,10.505996,0.2,4.0,interpolated,489,165
S1C_IW_GRDH_1SDV_20260826T053940_20260826T054005_009162_01232C_0084,219035911,57.425534,10.529238,0.1,,interpolated,48,4
S1C_IW_GRDH_1SDV_20260826T053940_20260826T054005_009162_01232C_0084,219013005,57.492707,10.504148,0.0,0.0,interpolated,360,80
S1C_IW_GRDH_1SDV_20260826T053940_20260826T054005_009162_01232C_0084,636016374,57.678605,10.628331,0.0,203.9,interpolated,92,86
S1C_IW_GRDH_1SDV_20260826T053940_20260826T054005_009162_01232C_0084,219035413,57.593247,10.428529,0.0,,interpolated,37,139
S1C_IW_GRDH_1SDV_20260826T053940_20260826T054005_009162_01232C_0084,219035065,57.49554,10.502353,0.0,203.8,interpolated,208,94
S1C_IW_GRDH_1SDV_20260826T053940_20260826T054005_009162_01232C_0084,219026862,57.425398,10.529187,0.0,,interpolated,27,102
S1C_IW_GRDH_1SDV_20260826T053940_20260826T054005_009162_01232C_0084,219024585,57.464083,10.537219,0.0,,interpolated,6,128
S1C_IW_GRDH_1SDV_20260826T053940_20260826T054005_009162_01232C_0084,219022611,57.493112,10.504485,0.0,,interpolated,37,18
S1C_IW_GRDH_1SDV_20260826T053940_20260826T054005_009162_01232C_0084,219032027,57.425557,10.529616,0.0,,interpolated,290,47
S1C_IW_GRDH_1SDV_20260826T053940_20260826T054005_009162_01232C_0084,219003066,57.488817,10.563472,5.3,287.4,interpolated,2,9
S1C_IW_GRDH_1SDV_20260826T053940_20260826T054005_009162_01232C_0084,219025465,57.425521,10.528904,0.0,313.2,interpolated,210,281
S1C_IW_GRDH_1SDV_20260826T053940_20260826T054005_009162_01232C_0084,219023085,57.334282,10.531517,0.0,,interpolated,60,8
S1C_IW_GRDH_1SDV_20260826T053940_20260826T054005_009162_01232C_0084,219018343,57.592993,10.428404,0.0,43.6,interpolated,68,231
S1C_IW_GRDH_1SDV_20260826T053940_20260826T054005_009162_01232C_0084,219000407,57.437067,10.539348,0.0,0.0,interpolated,8,0
S1C_IW_GRDH_1SDV_20260826T053940_20260826T054005_009162_01232C_0084,219003138,57.476261,10.650064,6.5,275.8,interpolated,33,27
S1C_IW_GRDH_1SDV_20260826T053940_20260826T054005_009162_01232C_0084,219004596,57.685985,10.35005,1.9,46.3,nearest,55,
S1C_IW_GRDH_1SDV_20260826T053940_20260826T054005_009162_01232C_0084,219013692,57.59288,10.427837,0.0,,nearest,,191
S1C_IW_GRDH_1SDV_20260826T053940_20260826T054005_009162_01232C_0084,211135980,57.297033,10.766657,5.9,268.6,nearest,,902
S1C_IW_GRDH_1SDV_20260826T053940_20260826T054005_009162_01232C_0084,219021597,57.613463,10.321445,3.3,65.4,nearest,,1187
S1C_IW_GRDH_1SDV_20260826T165300_20260826T165325_009169_012370_935C,219001125,57.491843,10.50567,0.0,,interpolated,19,1
S1C_IW_GRDH_1SDV_20260826T165300_20260826T165325_009169_012370_935C,257056010,57.536045,10.757956,10.0,2.1,interpolated,2,6
S1C_IW_GRDH_1SDV_20260826T165300_20260826T165325_009169_012370_935C,219904000,57.494637,10.503415,0.0,303.0,interpolated,9,1
S1C_IW_GRDH_1SDV_20260826T165300_20260826T165325_009169_012370_935C,219009135,57.492807,10.505599,0.0,180.1,interpolated,9,0
S1C_IW_GRDH_1SDV_20260826T165300_20260826T165325_009169_012370_935C,219023870,57.593185,10.429125,0.0,,interpolated,308,2
S1C_IW_GRDH_1SDV_20260826T165300_20260826T165325_009169_012370_935C,219002585,57.491967,10.50537,0.0,30.6,interpolated,9,1
S1C_IW_GRDH_1SDV_20260826T165300_20260826T165325_009169_012370_935C,219005659,57.492543,10.504895,0.0,,interpolated,18,0
S1C_IW_GRDH_1SDV_20260826T165300_20260826T165325_009169_012370_935C,256865000,57.680033,10.603438,0.0,72.0,interpolated,7,2
S1C_IW_GRDH_1SDV_20260826T165300_20260826T165325_009169_012370_935C,219007457,57.491666,10.504463,0.0,247.4,interpolated,17,12
S1C_IW_GRDH_1SDV_20260826T165300_20260826T165325_009169_012370_935C,219033958,57.590548,10.444328,3.7,276.9,interpolated,55,32
S1C_IW_GRDH_1SDV_20260826T165300_20260826T165325_009169_012370_935C,219026706,57.492131,10.506566,0.0,163.8,interpolated,6,3
S1C_IW_GRDH_1SDV_20260826T165300_20260826T165325_009169_012370_935C,636016374,57.678757,10.630541,0.0,159.4,interpolated,172,3
S1C_IW_GRDH_1SDV_20260826T165300_20260826T165325_009169_012370_935C,219333000,57.655929,10.69928,0.0,99.3,interpolated,156,8
S1C_IW_GRDH_1SDV_20260826T165300_20260826T165325_009169_012370_935C,219032670,57.331957,10.533506,0.4,162.8,interpolated,4,5
S1C_IW_GRDH_1SDV_20260826T165300_20260826T165325_009169_012370_935C,219029576,57.431065,10.53739,0.0,28.7,interpolated,4,6
S1C_IW_GRDH_1SDV_20260826T165300_20260826T165325_009169_012370_935C,219000942,57.484179,10.622555,0.0,,interpolated,13,8
S1C_IW_GRDH_1SDV_20260826T165300_20260826T165325_009169_012370_935C,220256000,57.497349,10.528207,6.9,78.2,interpolated,13,16
S1C_IW_GRDH_1SDV_20260826T165300_20260826T165325_009169_012370_935C,219003138,57.493658,10.515048,5.6,104.1,interpolated,2,5
S1C_IW_GRDH_1SDV_20260826T165300_20260826T165325_009169_012370_935C,219001997,57.495454,10.500895,0.0,299.7,interpolated,13,6
S1C_IW_GRDH_1SDV_20260826T165300_20260826T165325_009169_012370_935C,219029704,57.33202,10.533373,0.0,222.9,interpolated,2,7
S1C_IW_GRDH_1SDV_20260826T165300_20260826T165325_009169_012370_935C,259961000,57.4866,10.697686,0.6,66.2,interpolated,0,2
S1C_IW_GRDH_1SDV_20260826T165300_20260826T165325_009169_012370_935C,220072000,57.488957,10.547483,6.9,105.4,interpolated,2,7
S1C_IW_GRDH_1SDV_20260826T165300_20260826T165325_009169_012370_935C,219024715,57.492202,10.505078,0.1,151.3,interpolated,1,8
S1C_IW_GRDH_1SDV_20260826T165300_20260826T165325_009169_012370_935C,219003066,57.494341,10.501823,0.0,,interpolated,3,7
S1C_IW_GRDH_1SDV_20260826T165300_20260826T165325_009169_012370_935C,219004365,57.332723,10.532027,0.0,,interpolated,2,8
S1C_IW_GRDH_1SDV_20260826T165300_20260826T165325_009169_012370_935C,219015617,57.493484,10.502582,0.0,304.8,interpolated,1,7
S1C_IW_GRDH_1SDV_20260826T165300_20260826T165325_009169_012370_935C,219006301,57.492077,10.506395,0.0,326.1,interpolated,0,7
S1C_IW_GRDH_1SDV_20260826T165300_20260826T165325_009169_012370_935C,219028949,57.42595,10.528435,0.0,,interpolated,435,8
S1C_IW_GRDH_1SDV_20260826T165300_20260826T165325_009169_012370_935C,219031988,57.593226,10.429006,0.0,271.5,interpolated,219,10
S1C_IW_GRDH_1SDV_20260826T165300_20260826T165325_009169_012370_935C,219013692,57.591647,10.460412,1.9,173.5,interpolated,53,113
S1C_IW_GRDH_1SDV_20260826T165300_20260826T165325_009169_012370_935C,219011069,57.464222,10.53734,0.1,,interpolated,29,38
S1C_IW_GRDH_1SDV_20260826T165300_20260826T165325_009169_012370_935C,219013461,57.425169,10.530141,0.0,,interpolated,44,131
S1C_IW_GRDH_1SDV_20260826T165300_20260826T165325_009169_012370_935C,219034659,57.435035,10.55408,0.0,326.0,interpolated,74,12
S1C_IW_GRDH_1SDV_20260826T165300_20260826T165325_009169_012370_935C,219035785,57.430707,10.536557,0.0,0.0,interpolated,84,96
S1C_IW_GRDH_1SDV_20260826T165300_20260826T165325_009169_012370_935C,219013474,57.592017,10.42926,0.0,200.1,interpolated,207,523
S1C_IW_GRDH_1SDV_20260826T165300_20260826T165325_009169_012370_935C,219033528,57.479444,10.615886,9.3,200.2,interpolated,12,47
S1C_IW_GRDH_1SDV_20260826T165300_20260826T165325_009169_012370_935C,219111111,57.43786,10.558012,0.0,,interpolated,160,113
S1C_IW_GRDH_1SDV_20260826T165300_20260826T165325_009169_012370_935C,219005453,57.439707,10.549293,0.0,265.2,interpolated,0,9
S1C_IW_GRDH_1SDV_20260826T165300_20260826T165325_009169_012370_935C,219005954,57.492383,10.507267,0.0,0.0,interpolated,8,0
S1C_IW_GRDH_1SDV_20260826T165300_20260826T165325_009169_012370_935C,219012459,57.492105,10.505233,0.0,,interpolated,64,31
S1C_IW_GRDH_1SDV_20260826T165300_20260826T165325_009169_012370_935C,255805390,57.43452,10.55344,0.0,0.0,interpolated,148,30
S1C_IW_GRDH_1SDV_20260826T165300_20260826T165325_009169_012370_935C,219033835,57.465067,10.53714,0.0,,interpolated,7,91
S1C_IW_GRDH_1SDV_20260826T165300_20260826T165325_009169_012370_935C,219026558,57.428623,10.502938,0.0,190.9,interpolated,320,35
S1C_IW_GRDH_1SDV_20260826T165300_20260826T165325_009169_012370_935C,219022611,57.493128,10.504483,0.0,,interpolated,62,36
S1C_IW_GRDH_1SDV_20260826T165300_20260826T165325_009169_012370_935C,636023848,57.634724,10.683543,0.0,147.6,interpolated,142,37
S1C_IW_GRDH_1SDV_20260826T165300_20260826T165325_009169_012370_935C,538011116,57.667257,10.619438,0.0,106.1,interpolated,69,39
S1C_IW_GRDH_1SDV_20260826T165300_20260826T165325_009169_012370_935C,219025465,57.425513,10.528968,0.0,164.3,interpolated,337,69
S1C_IW_GRDH_1SDV_20260826T165300_20260826T165325_009169_012370_935C,219024585,57.464078,10.53726,0.0,,interpolated,86,47
S1C_IW_GRDH_1SDV_20260826T165300_20260826T165325_009169_012370_935C,219026327,57.350767,10.539919,1.7,203.9,interpolated,143,217
S1C_IW_GRDH_1SDV_20260826T165300_20260826T165325_009169_012370_935C,219111114,57.436756,10.559845,0.0,,interpolated,127,51
S1C_IW_GRDH_1SDV_20260826T165300_20260826T165325_009169_012370_935C,219005323,57.442841,10.546499,0.0,0.0,interpolated,96,52
S1C_IW_GRDH_1SDV_20260826T165300_20260826T165325_009169_012370_935C,219034043,57.49159,10.506317,0.3,123.8,interpolated,934,342
S1C_IW_GRDH_1SDV_20260826T165300_20260826T165325_009169_012370_935C,257061000,57.439036,10.543628,0.0,38.0,interpolated,131,52
S1C_IW_GRDH_1SDV_20260826T165300_20260826T165325_009169_012370_935C,219035868,57.425007,10.528262,0.9,167.2,interpolated,253,61
S1C_IW_GRDH_1SDV_20260826T165300_20260826T165325_009169_012370_935C,219525000,57.430642,10.542682,0.0,69.4,interpolated,78,65
S1C_IW_GRDH_1SDV_20260826T165300_20260826T165325_009169_012370_935C,219022157,57.437477,10.541885,0.0,162.6,interpolated,53,62
S1C_IW_GRDH_1SDV_20260826T165300_20260826T165325_009169_012370_935C,219035065,57.495534,10.50239,0.0,313.4,interpolated,291,90
S1C_IW_GRDH_1SDV_20260826T165300_20260826T165325_009169_012370_935C,219009415,57.493587,10.520087,3.1,191.3,interpolated,343,77
S1C_IW_GRDH_1SDV_20260826T165300_20260826T165325_009169_012370_935C,219000417,57.431442,10.536185,0.0,277.8,interpolated,30,142
S1C_IW_GRDH_1SDV_20260826T165300_20260826T165325_009169_012370_935C,259319000,57.438571,10.547274,0.0,,interpolated,94,84
S1C_IW_GRDH_1SDV_20260826T165300_20260826T165325_009169_012370_935C,219025076,57.592793,10.428272,0.0,12.7,interpolated,274,437
S1C_IW_GRDH_1SDV_20260826T165300_20260826T165325_009169_012370_935C,219002066,57.432013,10.53576,0.0,323.7,interpolated,78,99
S1C_IW_GRDH_1SDV_20260826T165300_20260826T165325_009169_012370_935C,219034404,57.46378,10.53598,0.0,99.9,interpolated,186,99
S1C_IW_GRDH_1SDV_20260826T165300_20260826T165325_009169_012370_935C,219035911,57.42554,10.529267,0.0,,interpolated,76,105
S1C_IW_GRDH_1SDV_20260826T165300_20260826T165325_009169_012370_935C,311046300,57.667933,10.707715,0.2,235.0,interpolated,87,46
S1C_IW_GRDH_1SDV_20260826T165300_20260826T165325_009169_012370_935C,219012314,57.493791,10.503893,0.0,72.0,interpolated,71,106
S1C_IW_GRDH_1SDV_20260826T165300_20260826T165325_009169_012370_935C,219029825,57.425113,10.531467,0.0,,interpolated,21,111
S1C_IW_GRDH_1SDV_20260826T165300_20260826T165325_009169_012370_935C,219032621,57.333312,10.533057,0.0,,interpolated,36,114
S1C_IW_GRDH_1SDV_20260826T165300_20260826T165325_009169_012370_935C,219018343,57.592997,10.428398,0.0,296.5,interpolated,2,114
S1C_IW_GRDH_1SDV_20260826T165300_20260826T165325_009169_012370_935C,257177570,57.405657,10.712355,0.0,111.6,interpolated,20,119
S1C_IW_GRDH_1SDV_20260826T165300_20260826T165325_009169_012370_935C,257980000,57.631269,10.652405,0.0,55.0,interpolated,53,119
S1C_IW_GRDH_1SDV_20260826T165300_20260826T165325_009169_012370_935C,219026533,57.593277,10.428667,0.0,,interpolated,237,120
S1C_IW_GRDH_1SDV_20260826T165300_20260826T165325_009169_012370_935C,219263000,57.431318,10.537709,0.0,15.4,interpolated,64,127
S1C_IW_GRDH_1SDV_20260826T165300_20260826T165325_009169_012370_935C,219005787,57.439184,10.549687,0.0,,interpolated,15,163
S1C_IW_GRDH_1SDV_20260826T165300_20260826T165325_009169_012370_935C,211145890,57.333336,10.531208,0.0,,interpolated,9,171
S1C_IW_GRDH_1SDV_20260826T165300_20260826T165325_009169_012370_935C,219028256,57.337045,10.551548,3.4,36.9,interpolated,41,49
S1C_IW_GRDH_1SDV_20260826T165300_20260826T165325_009169_012370_935C,219025195,57.42552,10.53071,0.0,,interpolated,56,303
S1C_IW_GRDH_1SDV_20260826T165300_20260826T165325_009169_012370_935C,219029594,57.463495,10.537435,0.0,339.8,interpolated,187,23
S1C_IW_GRDH_1SDV_20260826T165300_20260826T165325_009169_012370_935C,219035413,57.593291,10.428578,0.1,,interpolated,64,116
S1C_IW_GRDH_1SDV_20260826T165300_20260826T165325_009169_012370_935C,219001239,57.439168,10.549767,0.0,152.0,interpolated,154,20
S1C_IW_GRDH_1SDV_20260826T165300_20260826T165325_009169_012370_935C,211468420,57.33165,10.536662,0.0,,interpolated,58,119
S1C_IW_GRDH_1SDV_20260826T165300_20260826T165325_009169_012370_935C,219026862,57.425423,10.529171,0.0,,interpolated,52,207
S1C_IW_GRDH_1SDV_20260826T165300_20260826T165325_009169_012370_935C,219016142,57.467475,10.582748,0.1,350.5,interpolated,420,44
S1C_IW_GRDH_1SDV_20260826T165300_20260826T165325_009169_012370_935C,219016781,57.441987,10.546707,0.0,358.3,interpolated,6,618
S1C_IW_GRDH_1SDV_20260826T165300_20260826T165325_009169_012370_935C,219035786,57.430684,10.536502,0.0,0.0,interpolated,16,2
S1C_IW_GRDH_1SDV_20260826T165300_20260826T165325_009169_012370_935C,219013005,57.492679,10.504178,0.0,0.0,interpolated,6,173
S1C_IW_GRDH_1SDV_20260826T165300_20260826T165325_009169_012370_935C,219018795,57.42525,10.531712,0.0,,interpolated,62,238
S1C_IW_GRDH_1SDV_20260826T165300_20260826T165325_009169_012370_935C,219025260,57.463635,10.537092,0.0,,interpolated,223,4
S1C_IW_GRDH_1SDV_20260826T165300_20260826T165325_009169_012370_935C,219032027,57.425551,10.529626,0.0,,interpolated,31,146
S1C_IW_GRDH_1SDV_20260826T165300_20260826T165325_009169_012370_935C,219030959,57.463839,10.535977,0.0,,interpolated,173,50
S1C_IW_GRDH_1SDV_20260826T165300_20260826T165325_009169_012370_935C,219025340,57.493002,10.503202,0.0,,interpolated,153,71
S1C_IW_GRDH_1SDV_20260826T165300_20260826T165325_009169_012370_935C,219032146,57.480249,10.540379,2.6,352.5,interpolated,5,22
S1C_IW_GRDH_1SDV_20260826T165300_20260826T165325_009169_012370_935C,219027888,57.463057,10.558143,6.5,293.1,interpolated,27,1
S1C_IW_GRDH_1SDV_20260826T165300_20260826T165325_009169_012370_935C,219003815,57.335832,10.542808,0.8,142.1,interpolated,25,30
S1C_IW_GRDH_1SDV_20260826T165300_20260826T165325_009169_012370_935C,219036341,57.335185,10.538056,0.5,56.1,interpolated,47,38
S1C_IW_GRDH_1SDV_20260826T165300_20260826T165325_009169_012370_935C,219032399,57.421679,10.539302,1.3,108.7,interpolated,54,126
S1C_IW_GRDH_1SDV_20260826T165300_20260826T165325_009169_012370_935C,219033626,57.333272,10.5389,1.1,164.1,interpolated,42,14
S1C_IW_GRDH_1SDV_20260826T165300_20260826T165325_009169_012370_935C,311001765,57.337845,10.766987,10.0,20.4,nearest,1059,
S1C_IW_GRDH_1SDV_20260826T165300_20260826T165325_009169_012370_935C,219031648,57.33717,10.542348,1.8,38.0,interpolated,71,51
S1C_IW_GRDH_1SDV_20260826T165300_20260826T165325_009169_012370_935C,219023029,57.328911,10.608958,5.9,97.0,interpolated,28,62
S1C_IW_GRDH_1SDV_20260826T165300_20260826T165325_009169_012370_935C,265410000,57.414355,10.607603,14.8,264.2,interpolated,3,1
S1C_IW_GRDH_1SDV_20260826T165300_20260826T165325_009169_012370_935C,219021235,57.584235,10.716331,6.6,226.3,interpolated,7,2
S1C_IW_GRDH_1SDV_20260826T165300_20260826T165325_009169_012370_935C,219030313,57.592108,10.429232,0.0,0.0,nearest,233,
S1C_IW_GRDH_1SDV_20260826T165300_20260826T165325_009169_012370_935C,219032848,57.425275,10.528692,0.0,76.3,nearest,,485
S1D_IW_GRDH_1SDV_20260827T053138_20260827T053203_004307_007EF6_189E,219006301,57.49212,10.506442,0.0,14.2,interpolated,9,1
S1D_IW_GRDH_1SDV_20260827T053138_20260827T053203_004307_007EF6_189E,219024715,57.492202,10.505048,0.0,,interpolated,9,10
S1D_IW_GRDH_1SDV_20260827T053138_20260827T053203_004307_007EF6_189E,220072000,57.493028,10.506235,0.0,,interpolated,10,10
S1D_IW_GRDH_1SDV_20260827T053138_20260827T053203_004307_007EF6_189E,219005453,57.439692,10.549286,0.0,319.9,interpolated,8,1
S1D_IW_GRDH_1SDV_20260827T053138_20260827T053203_004307_007EF6_189E,219001125,57.491836,10.505681,0.0,,interpolated,8,23
S1D_IW_GRDH_1SDV_20260827T053138_20260827T053203_004307_007EF6_189E,220368000,57.492121,10.506545,0.0,46.1,interpolated,7,2
S1D_IW_GRDH_1SDV_20260827T053138_20260827T053203_004307_007EF6_189E,255916581,57.432558,10.560588,0.0,149.0,interpolated,64,114
S1D_IW_GRDH_1SDV_20260827T053138_20260827T053203_004307_007EF6_189E,256865000,57.680482,10.601706,0.0,343.0,interpolated,165,15
S1D_IW_GRDH_1SDV_20260827T053138_20260827T053203_004307_007EF6_189E,219002585,57.491947,10.505311,0.0,199.3,interpolated,6,22
S1D_IW_GRDH_1SDV_20260827T053138_20260827T053203_004307_007EF6_189E,305937000,57.518333,10.766967,9.1,3.9,nearest,615,
S1D_IW_GRDH_1SDV_20260827T053138_20260827T053203_004307_007EF6_189E,219000417,57.43146,10.536137,0.0,239.7,interpolated,165,8
S1D_IW_GRDH_1SDV_20260827T053138_20260827T053203_004307_007EF6_189E,219007457,57.491687,10.504508,0.0,247.4,interpolated,5,3
S1D_IW_GRDH_1SDV_20260827T053138_20260827T053203_004307_007EF6_189E,219005787,57.439198,10.54967,0.0,,interpolated,302,5
S1D_IW_GRDH_1SDV_20260827T053138_20260827T053203_004307_007EF6_189E,257177570,57.413999,10.687826,0.9,233.3,interpolated,0,2
S1D_IW_GRDH_1SDV_20260827T053138_20260827T053203_004307_007EF6_189E,219022257,57.492277,10.507008,0.0,320.2,interpolated,2,15
S1D_IW_GRDH_1SDV_20260827T053138_20260827T053203_004307_007EF6_189E,219009135,57.492801,10.505589,0.0,311.9,interpolated,2,6
S1D_IW_GRDH_1SDV_20260827T053138_20260827T053203_004307_007EF6_189E,219005659,57.492579,10.504827,0.0,,interpolated,23,17
S1D_IW_GRDH_1SDV_20260827T053138_20260827T053203_004307_007EF6_189E,219032670,57.332125,10.533322,0.8,335.8,interpolated,2,8
S1D_IW_GRDH_1SDV_20260827T053138_20260827T053203_004307_007EF6_189E,219001997,57.495441,10.500924,0.0,296.8,interpolated,42,8
S1D_IW_GRDH_1SDV_20260827T053138_20260827T053203_004307_007EF6_189E,219029704,57.332015,10.533348,0.0,344.2,interpolated,0,12
S1D_IW_GRDH_1SDV_20260827T053138_20260827T053203_004307_007EF6_189E,219013005,57.492708,10.504171,0.0,350.6,interpolated,244,8
S1D_IW_GRDH_1SDV_20260827T053138_20260827T053203_004307_007EF6_189E,219013474,57.59201,10.429257,0.0,54.6,interpolated,725,355
S1D_IW_GRDH_1SDV_20260827T053138_20260827T053203_004307_007EF6_189E,219000942,57.442309,10.547483,0.1,,interpolated,20,39
S1D_IW_GRDH_1SDV_20260827T053138_20260827T053203_004307_007EF6_189E,255806463,57.417045,10.727832,8.7,183.4,interpolated,0,9
S1D_IW_GRDH_1SDV_20260827T053138_20260827T053203_004307_007EF6_189E,218321000,57.374486,10.717,8.3,185.0,interpolated,0,9
S1D_IW_GRDH_1SDV_20260827T053138_20260827T053203_004307_007EF6_189E,219015617,57.493488,10.502603,0.0,72.0,interpolated,0,9
S1D_IW_GRDH_1SDV_20260827T053138_20260827T053203_004307_007EF6_189E,219111111,57.437827,10.557995,0.0,,interpolated,348,11
S1D_IW_GRDH_1SDV_20260827T053138_20260827T053203_004307_007EF6_189E,211145890,57.333299,10.53119,0.0,,interpolated,14,13
S1D_IW_GRDH_1SDV_20260827T053138_20260827T053203_004307_007EF6_189E,219005954,57.502339,10.535688,0.5,347.0,interpolated,14,33
S1D_IW_GRDH_1SDV_20260827T053138_20260827T053203_004307_007EF6_189E,257061000,57.439037,10.543635,0.0,38.0,interpolated,106,12
S1D_IW_GRDH_1SDV_20260827T053138_20260827T053203_004307_007EF6_189E,636023848,57.657512,10.754381,13.0,54.0,interpolated,2,6
S1D_IW_GRDH_1SDV_20260827T053138_20260827T053203_004307_007EF6_189E,219033835,57.465028,10.537128,0.1,,interpolated,123,195
S1D_IW_GRDH_1SDV_20260827T053138_20260827T053203_004307_007EF6_189E,219021235,57.492345,10.504915,0.0,24.9,interpolated,15,3
S1D_IW_GRDH_1SDV_20260827T053138_20260827T053203_004307_007EF6_189E,219034404,57.46377,10.536002,0.0,99.9,interpolated,59,15
S1D_IW_GRDH_1SDV_20260827T053138_20260827T053203_004307_007EF6_189E,219029576,57.431049,10.53739,0.0,331.1,interpolated,1,7
S1D_IW_GRDH_1SDV_20260827T053138_20260827T053203_004307_007EF6_189E,219035786,57.430707,10.53648,0.0,0.0,interpolated,14,4
S1D_IW_GRDH_1SDV_20260827T053138_20260827T053203_004307_007EF6_189E,219012314,57.493777,10.503907,0.0,210.4,interpolated,51,24
S1D_IW_GRDH_1SDV_20260827T053138_20260827T053203_004307_007EF6_189E,219035413,57.593238,10.428598,0.1,,interpolated,103,75
S1D_IW_GRDH_1SDV_20260827T053138_20260827T053203_004307_007EF6_189E,219026533,57.593249,10.428688,0.0,,interpolated,34,27
S1D_IW_GRDH_1SDV_20260827T053138_20260827T053203_004307_007EF6_189E,636016374,57.679185,10.629055,0.0,156.3,interpolated,150,25
S1D_IW_GRDH_1SDV_20260827T053138_20260827T053203_004307_007EF6_189E,219004365,57.332716,10.532022,0.0,,interpolated,147,34
S1D_IW_GRDH_1SDV_20260827T053138_20260827T053203_004307_007EF6_189E,259319000,57.438577,10.547283,0.0,,interpolated,73,48
S1D_IW_GRDH_1SDV_20260827T053138_20260827T053203_004307_007EF6_189E,219111114,57.436745,10.559827,0.0,,interpolated,13,43
S1D_IW_GRDH_1SDV_20260827T053138_20260827T053203_004307_007EF6_189E,219009415,57.492698,10.508145,0.1,,interpolated,612,107
S1D_IW_GRDH_1SDV_20260827T053138_20260827T053203_004307_007EF6_189E,220614000,57.666209,10.63201,5.1,141.4,interpolated,3,2
S1D_IW_GRDH_1SDV_20260827T053138_20260827T053203_004307_007EF6_189E,255805390,57.434554,10.553443,0.0,0.0,interpolated,126,54
S1D_IW_GRDH_1SDV_20260827T053138_20260827T053203_004307_007EF6_189E,219333000,57.656057,10.699327,0.0,162.1,interpolated,104,60
S1D_IW_GRDH_1SDV_20260827T053138_20260827T053203_004307_007EF6_189E,219024585,57.46405,10.537263,0.0,,interpolated,109,58
S1D_IW_GRDH_1SDV_20260827T053138_20260827T053203_004307_007EF6_189E,219022611,57.493095,10.504532,0.0,,interpolated,276,83
S1D_IW_GRDH_1SDV_20260827T053138_20260827T053203_004307_007EF6_189E,219028949,57.425913,10.528428,0.0,,interpolated,931,429
S1D_IW_GRDH_1SDV_20260827T053138_20260827T053203_004307_007EF6_189E,219035911,57.425538,10.529255,0.0,,interpolated,53,15
S1D_IW_GRDH_1SDV_20260827T053138_20260827T053203_004307_007EF6_189E,219005323,57.442827,10.546484,0.0,0.0,interpolated,104,73
S1D_IW_GRDH_1SDV_20260827T053138_20260827T053203_004307_007EF6_189E,219023870,57.593155,10.429125,0.0,,interpolated,104,147
S1D_IW_GRDH_1SDV_20260827T053138_20260827T053203_004307_007EF6_189E,219026862,57.425411,10.529187,0.0,,interpolated,267,232
S1D_IW_GRDH_1SDV_20260827T053138_20260827T053203_004307_007EF6_189E,219016781,57.441979,10.546704,0.0,304.3,interpolated,78,100
S1D_IW_GRDH_1SDV_20260827T053138_20260827T053203_004307_007EF6_189E,219011069,57.464203,10.53737,0.1,,interpolated,32,115
S1D_IW_GRDH_1SDV_20260827T053138_20260827T053203_004307_007EF6_189E,219525000,57.430661,10.542688,0.0,69.4,interpolated,55,123
S1D_IW_GRDH_1SDV_20260827T053138_20260827T053203_004307_007EF6_189E,259961000,57.43646,10.541865,0.0,42.5,interpolated,43,132
S1D_IW_GRDH_1SDV_20260827T053138_20260827T053203_004307_007EF6_189E,538011116,57.667647,10.617956,0.1,181.7,interpolated,47,132
S1D_IW_GRDH_1SDV_20260827T053138_20260827T053203_004307_007EF6_189E,311046300,57.66829,10.70712,0.1,288.2,interpolated,64,113
S1D_IW_GRDH_1SDV_20260827T053138_20260827T053203_004307_007EF6_189E,219032027,57.425526,10.529646,0.0,,interpolated,9,168
S1D_IW_GRDH_1SDV_20260827T053138_20260827T053203_004307_007EF6_189E,211468420,57.331644,10.536658,0.0,,interpolated,114,321
S1D_IW_GRDH_1SDV_20260827T053138_20260827T053203_004307_007EF6_189E,219025195,57.425519,10.530656,0.0,,interpolated,158,80
S1D_IW_GRDH_1SDV_20260827T053138_20260827T053203_004307_007EF6_189E,219002066,57.432008,10.535765,0.0,194.9,interpolated,90,147
S1D_IW_GRDH_1SDV_20260827T053138_20260827T053203_004307_007EF6_189E,219022157,57.43742,10.542189,0.0,14.9,interpolated,32,148
S1D_IW_GRDH_1SDV_20260827T053138_20260827T053203_004307_007EF6_189E,219263000,57.43132,10.537708,0.0,15.4,interpolated,8,161
S1D_IW_GRDH_1SDV_20260827T053138_20260827T053203_004307_007EF6_189E,219012459,57.492103,10.505233,0.0,,interpolated,193,72
S1D_IW_GRDH_1SDV_20260827T053138_20260827T053203_004307_007EF6_189E,219035868,57.446798,10.599959,6.0,348.0,interpolated,79,133
S1D_IW_GRDH_1SDV_20260827T053138_20260827T053203_004307_007EF6_189E,219032621,57.33331,10.53305,0.0,,interpolated,11,12
S1D_IW_GRDH_1SDV_20260827T053138_20260827T053203_004307_007EF6_189E,219001239,57.439179,10.549773,0.0,152.0,interpolated,70,168
S1D_IW_GRDH_1SDV_20260827T053138_20260827T053203_004307_007EF6_189E,219031988,57.593214,10.428991,0.0,358.8,interpolated,328,210
S1D_IW_GRDH_1SDV_20260827T053138_20260827T053203_004307_007EF6_189E,219026327,57.333896,10.531445,0.1,220.7,interpolated,160,69
S1D_IW_GRDH_1SDV_20260827T053138_20260827T053203_004307_007EF6_189E,219035065,57.495508,10.50235,0.1,19.1,interpolated,234,105
S1D_IW_GRDH_1SDV_20260827T053138_20260827T053203_004307_007EF6_189E,219029594,57.463491,10.537455,0.0,339.8,interpolated,131,195
S1D_IW_GRDH_1SDV_20260827T053138_20260827T053203_004307_007EF6_189E,219034659,57.435026,10.554111,0.0,330.7,interpolated,145,34
S1D_IW_GRDH_1SDV_20260827T053138_20260827T053203_004307_007EF6_189E,219026558,57.428628,10.502973,0.0,156.0,interpolated,112,68
S1D_IW_GRDH_1SDV_20260827T053138_20260827T053203_004307_007EF6_189E,219029825,57.425108,10.531477,0.0,,interpolated,52,134
S1D_IW_GRDH_1SDV_20260827T053138_20260827T053203_004307_007EF6_189E,219025465,57.425518,10.52891,0.0,129.3,interpolated,33,42
S1D_IW_GRDH_1SDV_20260827T053138_20260827T053203_004307_007EF6_189E,219025340,57.492982,10.503207,0.0,,nearest,389,
S1D_IW_GRDH_1SDV_20260827T053138_20260827T053203_004307_007EF6_189E,219025076,57.592783,10.428259,0.0,12.7,interpolated,1056,83
S1D_IW_GRDH_1SDV_20260827T053138_20260827T053203_004307_007EF6_189E,219013692,57.592887,10.427848,0.0,,nearest,48,
S1D_IW_GRDH_1SDV_20260827T053138_20260827T053203_004307_007EF6_189E,219025260,57.463613,10.537068,0.0,,interpolated,194,204
S1D_IW_GRDH_1SDV_20260827T053138_20260827T053203_004307_007EF6_189E,219035785,57.430707,10.536536,0.0,0.0,interpolated,218,141
S1D_IW_GRDH_1SDV_20260827T053138_20260827T053203_004307_007EF6_189E,219018795,57.425247,10.531707,0.0,,interpolated,153,29
S1D_IW_GRDH_1SDV_20260827T053138_20260827T053203_004307_007EF6_189E,219018343,57.592985,10.428407,0.0,47.7,interpolated,185,175
S1D_IW_GRDH_1SDV_20260827T053138_20260827T053203_004307_007EF6_189E,219003138,57.485159,10.583018,6.6,286.1,interpolated,41,8
S1D_IW_GRDH_1SDV_20260827T053138_20260827T053203_004307_007EF6_189E,211392440,57.5423,10.555243,3.9,133.7,interpolated,176,215
S1D_IW_GRDH_1SDV_20260827T053138_20260827T053203_004307_007EF6_189E,219000407,57.437075,10.539342,0.0,0.0,interpolated,18,10
S1D_IW_GRDH_1SDV_20260827T053138_20260827T053203_004307_007EF6_189E,219003066,57.513302,10.606382,4.3,269.7,interpolated,20,0
S1D_IW_GRDH_1SDV_20260827T053138_20260827T053203_004307_007EF6_189E,241373000,57.655539,10.638656,0.3,316.7,interpolated,3,6
S1D_IW_GRDH_1SDV_20260827T053138_20260827T053203_004307_007EF6_189E,219016416,57.683372,10.652898,18.6,323.6,nearest,82,
S1C_IW_GRDH_1SDV_20260831T170105_20260831T170130_009242_0125CD_66F2,219022257,57.495458,10.500967,0.0,82.8,interpolated,9,0
S1C_IW_GRDH_1SDV_20260831T170105_20260831T170130_009242_0125CD_66F2,257177570,57.437405,10.540242,0.0,226.3,interpolated,10,0
S1C_IW_GRDH_1SDV_20260831T170105_20260831T170130_009242_0125CD_66F2,219009135,57.492793,10.505572,0.0,189.8,interpolated,18,1
S1C_IW_GRDH_1SDV_20260831T170105_20260831T170130_009242_0125CD_66F2,219005659,57.49255,10.504857,0.0,,interpolated,8,0
S1C_IW_GRDH_1SDV_20260831T170105_20260831T170130_009242_0125CD_66F2,219005956,57.492738,10.505395,0.0,332.1,interpolated,8,2
S1C_IW_GRDH_1SDV_20260831T170105_20260831T170130_009242_0125CD_66F2,220204000,57.492323,10.507078,0.0,303.1,interpolated,7,1
S1C_IW_GRDH_1SDV_20260831T170105_20260831T170130_009242_0125CD_66F2,219005453,57.439692,10.54928,0.1,231.2,interpolated,9,0
S1C_IW_GRDH_1SDV_20260831T170105_20260831T170130_009242_0125CD_66F2,215371000,57.664668,10.675406,0.1,286.2,interpolated,39,140
S1C_IW_GRDH_1SDV_20260831T170105_20260831T170130_009242_0125CD_66F2,219019067,57.685998,10.600225,10.4,1.0,nearest,671,
S1C_IW_GRDH_1SDV_20260831T170105_20260831T170130_009242_0125CD_66F2,265056000,57.433615,10.560659,0.0,49.3,interpolated,89,450
S1C_IW_GRDH_1SDV_20260831T170105_20260831T170130_009242_0125CD_66F2,219003138,57.492888,10.505841,0.0,,interpolated,16,1
S1C_IW_GRDH_1SDV_20260831T170105_20260831T170130_009242_0125CD_66F2,219000942,57.442321,10.547482,0.0,,interpolated,5,3
S1C_IW_GRDH_1SDV_20260831T170105_20260831T170130_009242_0125CD_66F2,219029704,57.332013,10.533411,0.0,254.2,interpolated,6,3
S1C_IW_GRDH_1SDV_20260831T170105_20260831T170130_009242_0125CD_66F2,219035785,57.43263,10.554023,7.0,301.8,interpolated,3,1
S1C_IW_GRDH_1SDV_20260831T170105_20260831T170130_009242_0125CD_66F2,220256000,57.506182,10.59497,5.3,78.5,interpolated,6,2
S1C_IW_GRDH_1SDV_20260831T170105_20260831T170130_009242_0125CD_66F2,219006301,57.492353,10.530081,6.9,103.3,interpolated,4,3
S1C_IW_GRDH_1SDV_20260831T170105_20260831T170130_009242_0125CD_66F2,210149000,57.6485,10.591157,0.0,282.2,interpolated,96,82
S1C_IW_GRDH_1SDV_20260831T170105_20260831T170130_009242_0125CD_66F2,220072000,57.494089,10.507538,5.5,42.8,interpolated,6,0
S1C_IW_GRDH_1SDV_20260831T170105_20260831T170130_009242_0125CD_66F2,219003066,57.49325,10.522072,7.2,99.6,interpolated,6,14
S1C_IW_GRDH_1SDV_20260831T170105_20260831T170130_009242_0125CD_66F2,219025340,57.492998,10.503193,0.0,,interpolated,715,4
S1C_IW_GRDH_1SDV_20260831T170105_20260831T170130_009242_0125CD_66F2,219024715,57.492205,10.505062,0.0,,interpolated,5,5
S1C_IW_GRDH_1SDV_20260831T170105_20260831T170130_009242_0125CD_66F2,219012459,57.492098,10.505233,0.0,,interpolated,168,4
S1C_IW_GRDH_1SDV_20260831T170105_20260831T170130_009242_0125CD_66F2,219011325,57.48226,10.604321,5.6,106.9,interpolated,2,6
S1C_IW_GRDH_1SDV_20260831T170105_20260831T170130_009242_0125CD_66F2,219001125,57.491846,10.505685,0.0,,interpolated,4,5
S1C_IW_GRDH_1SDV_20260831T170105_20260831T170130_009242_0125CD_66F2,219001997,57.495446,10.500891,0.0,234.0,interpolated,4,6
S1C_IW_GRDH_1SDV_20260831T170105_20260831T170130_009242_0125CD_66F2,219005954,57.494284,10.501861,0.0,0.0,interpolated,13,26
S1C_IW_GRDH_1SDV_20260831T170105_20260831T170130_009242_0125CD_66F2,266472000,57.664501,10.674799,0.1,209.3,interpolated,2,7
S1C_IW_GRDH_1SDV_20260831T170105_20260831T170130_009242_0125CD_66F2,219904000,57.484806,10.586881,5.6,111.7,interpolated,3,6
S1C_IW_GRDH_1SDV_20260831T170105_20260831T170130_009242_0125CD_66F2,219002585,57.491952,10.505341,0.0,339.4,interpolated,2,6
S1C_IW_GRDH_1SDV_20260831T170105_20260831T170130_009242_0125CD_66F2,219031988,57.593201,10.428963,0.0,195.1,interpolated,149,394
S1C_IW_GRDH_1SDV_20260831T170105_20260831T170130_009242_0125CD_66F2,219021235,57.492345,10.504925,0.0,264.5,interpolated,2,8
S1C_IW_GRDH_1SDV_20260831T170105_20260831T170130_009242_0125CD_66F2,314377000,57.23141,10.709013,3.0,181.6,interpolated,19,0
S1C_IW_GRDH_1SDV_20260831T170105_20260831T170130_009242_0125CD_66F2,219035911,57.42554,10.529246,0.1,,interpolated,44,45
S1C_IW_GRDH_1SDV_20260831T170105_20260831T170130_009242_0125CD_66F2,220614000,57.67746,10.598094,0.0,297.7,interpolated,164,16
S1C_IW_GRDH_1SDV_20260831T170105_20260831T170130_009242_0125CD_66F2,219002066,57.431991,10.535749,0.0,50.7,interpolated,151,19
S1C_IW_GRDH_1SDV_20260831T170105_20260831T170130_009242_0125CD_66F2,220368000,57.481484,10.612927,5.6,102.8,interpolated,2,6
S1C_IW_GRDH_1SDV_20260831T170105_20260831T170130_009242_0125CD_66F2,219007457,57.491667,10.504607,0.0,247.4,interpolated,0,27
S1C_IW_GRDH_1SDV_20260831T170105_20260831T170130_009242_0125CD_66F2,219026533,57.593252,10.428698,0.0,,interpolated,279,22
S1C_IW_GRDH_1SDV_20260831T170105_20260831T170130_009242_0125CD_66F2,219001522,57.49662,10.521354,8.1,72.8,interpolated,0,19
S1C_IW_GRDH_1SDV_20260831T170105_20260831T170130_009242_0125CD_66F2,219111114,57.43677,10.559837,0.0,,interpolated,72,20
S1C_IW_GRDH_1SDV_20260831T170105_20260831T170130_009242_0125CD_66F2,219029576,57.431066,10.537395,0.0,178.7,interpolated,7,11
S1C_IW_GRDH_1SDV_20260831T170105_20260831T170130_009242_0125CD_66F2,219032027,57.425552,10.529634,0.0,,interpolated,135,22
S1C_IW_GRDH_1SDV_20260831T170105_20260831T170130_009242_0125CD_66F2,219018343,57.59298,10.42846,0.0,66.7,interpolated,94,236
S1C_IW_GRDH_1SDV_20260831T170105_20260831T170130_009242_0125CD_66F2,219026862,57.425401,10.52918,0.0,,interpolated,139,22
S1C_IW_GRDH_1SDV_20260831T170105_20260831T170130_009242_0125CD_66F2,219032670,57.332021,10.533497,,,interpolated,1,7
S1C_IW_GRDH_1SDV_20260831T170105_20260831T170130_009242_0125CD_66F2,219025195,57.425503,10.53063,0.0,,interpolated,158,54
S1C_IW_GRDH_1SDV_20260831T170105_20260831T170130_009242_0125CD_66F2,219029698,57.416847,10.506781,0.1,248.4,interpolated,4,4
S1C_IW_GRDH_1SDV_20260831T170105_20260831T170130_009242_0125CD_66F2,219025465,57.425497,10.528942,0.0,23.7,interpolated,155,304
S1C_IW_GRDH_1SDV_20260831T170105_20260831T170130_009242_0125CD_66F2,219018795,57.425252,10.531708,0.0,,interpolated,119,29
S1C_IW_GRDH_1SDV_20260831T170105_20260831T170130_009242_0125CD_66F2,250002434,57.674466,10.641107,0.0,329.6,interpolated,94,39
S1C_IW_GRDH_1SDV_20260831T170105_20260831T170130_009242_0125CD_66F2,219013474,57.592015,10.429253,0.0,342.9,interpolated,319,28
S1C_IW_GRDH_1SDV_20260831T170105_20260831T170130_009242_0125CD_66F2,219111111,57.437817,10.557977,0.0,,interpolated,10,45
S1C_IW_GRDH_1SDV_20260831T170105_20260831T170130_009242_0125CD_66F2,664444000,57.659239,10.620349,0.0,39.3,interpolated,132,48
S1C_IW_GRDH_1SDV_20260831T170105_20260831T170130_009242_0125CD_66F2,219029594,57.463493,10.537453,0.0,339.8,interpolated,110,251
S1C_IW_GRDH_1SDV_20260831T170105_20260831T170130_009242_0125CD_66F2,219033835,57.465055,10.537133,0.0,,interpolated,33,51
S1C_IW_GRDH_1SDV_20260831T170105_20260831T170130_009242_0125CD_66F2,257061000,57.43904,10.543625,0.0,38.0,interpolated,37,48
S1C_IW_GRDH_1SDV_20260831T170105_20260831T170130_009242_0125CD_66F2,219005787,57.439195,10.549668,0.0,,interpolated,46,55
S1C_IW_GRDH_1SDV_20260831T170105_20260831T170130_009242_0125CD_66F2,219012314,57.493787,10.50388,0.1,219.4,interpolated,17,58
S1C_IW_GRDH_1SDV_20260831T170105_20260831T170130_009242_0125CD_66F2,219035413,57.593225,10.428597,0.1,,interpolated,243,60
S1C_IW_GRDH_1SDV_20260831T170105_20260831T170130_009242_0125CD_66F2,219004365,57.332719,10.532031,0.0,258.5,interpolated,112,66
S1C_IW_GRDH_1SDV_20260831T170105_20260831T170130_009242_0125CD_66F2,219009415,57.492649,10.505131,0.0,,interpolated,217,76
S1C_IW_GRDH_1SDV_20260831T170105_20260831T170130_009242_0125CD_66F2,219034404,57.463768,10.536025,0.0,175.7,interpolated,12,84
S1C_IW_GRDH_1SDV_20260831T170105_20260831T170130_009242_0125CD_66F2,304342000,57.662083,10.640979,0.0,27.3,interpolated,87,91
S1C_IW_GRDH_1SDV_20260831T170105_20260831T170130_009242_0125CD_66F2,219024585,57.46408,10.537265,0.0,,interpolated,76,92
S1C_IW_GRDH_1SDV_20260831T170105_20260831T170130_009242_0125CD_66F2,636015944,57.682433,10.677553,0.0,123.0,interpolated,65,53
S1C_IW_GRDH_1SDV_20260831T170105_20260831T170130_009242_0125CD_66F2,219022611,57.493122,10.50449,0.0,,interpolated,86,93
S1C_IW_GRDH_1SDV_20260831T170105_20260831T170130_009242_0125CD_66F2,219525000,57.430657,10.54267,0.0,69.4,interpolated,23,106
S1C_IW_GRDH_1SDV_20260831T170105_20260831T170130_009242_0125CD_66F2,636016374,57.680323,10.632767,0.0,151.8,interpolated,35,105
S1C_IW_GRDH_1SDV_20260831T170105_20260831T170130_009242_0125CD_66F2,219023870,57.593183,10.429119,0.0,,interpolated,71,108
S1C_IW_GRDH_1SDV_20260831T170105_20260831T170130_009242_0125CD_66F2,219029825,57.425113,10.531473,0.0,,interpolated,7,164
S1C_IW_GRDH_1SDV_20260831T170105_20260831T170130_009242_0125CD_66F2,219026558,57.428611,10.502926,0.0,341.5,interpolated,63,115
S1C_IW_GRDH_1SDV_20260831T170105_20260831T170130_009242_0125CD_66F2,219013005,57.492675,10.504188,0.0,0.0,interpolated,240,118
S1C_IW_GRDH_1SDV_20260831T170105_20260831T170130_009242_0125CD_66F2,219025076,57.592787,10.428267,0.0,12.7,interpolated,354,360
S1C_IW_GRDH_1SDV_20260831T170105_20260831T170130_009242_0125CD_66F2,219005323,57.442837,10.546488,0.0,0.0,interpolated,51,103
S1C_IW_GRDH_1SDV_20260831T170105_20260831T170130_009242_0125CD_66F2,219009763,57.442465,10.545494,0.0,289.2,interpolated,53,126
S1C_IW_GRDH_1SDV_20260831T170105_20260831T170130_009242_0125CD_66F2,259319000,57.43858,10.547278,0.0,,interpolated,39,141
S1C_IW_GRDH_1SDV_20260831T170105_20260831T170130_009242_0125CD_66F2,219011069,57.46419,10.537323,0.1,,interpolated,153,150
S1C_IW_GRDH_1SDV_20260831T170105_20260831T170130_009242_0125CD_66F2,219035868,57.463728,10.537007,0.3,99.2,interpolated,62,239
S1C_IW_GRDH_1SDV_20260831T170105_20260831T170130_009242_0125CD_66F2,245091000,57.659485,10.599078,0.0,281.4,interpolated,27,152
S1C_IW_GRDH_1SDV_20260831T170105_20260831T170130_009242_0125CD_66F2,245299000,57.640875,10.608633,0.1,283.0,interpolated,24,155
S1C_IW_GRDH_1SDV_20260831T170105_20260831T170130_009242_0125CD_66F2,538011116,57.667897,10.618202,0.1,313.9,interpolated,13,166
S1C_IW_GRDH_1SDV_20260831T170105_20260831T170130_009242_0125CD_66F2,255805860,57.672465,10.672231,0.2,,interpolated,5,41
S1C_IW_GRDH_1SDV_20260831T170105_20260831T170130_009242_0125CD_66F2,219025260,57.463646,10.537076,0.0,,interpolated,537,85
S1C_IW_GRDH_1SDV_20260831T170105_20260831T170130_009242_0125CD_66F2,219012175,57.441482,10.546568,0.0,10.8,interpolated,138,8
S1C_IW_GRDH_1SDV_20260831T170105_20260831T170130_009242_0125CD_66F2,219001239,57.439165,10.549735,0.0,204.4,interpolated,128,46
S1C_IW_GRDH_1SDV_20260831T170105_20260831T170130_009242_0125CD_66F2,219035065,57.495512,10.502386,0.0,42.7,interpolated,54,100
S1C_IW_GRDH_1SDV_20260831T170105_20260831T170130_009242_0125CD_66F2,219022157,57.437491,10.541982,0.0,233.6,interpolated,30,10
S1C_IW_GRDH_1SDV_20260831T170105_20260831T170130_009242_0125CD_66F2,219016781,57.441977,10.546702,0.0,180.2,interpolated,34,323
S1C_IW_GRDH_1SDV_20260831T170105_20260831T170130_009242_0125CD_66F2,219000003,57.435915,10.556452,0.0,,interpolated,192,84
S1C_IW_GRDH_1SDV_20260831T170105_20260831T170130_009242_0125CD_66F2,219032621,57.333339,10.533082,0.0,,interpolated,340,18
S1C_IW_GRDH_1SDV_20260831T170105_20260831T170130_009242_0125CD_66F2,219030959,57.463815,10.535993,0.0,,interpolated,433,6
S1C_IW_GRDH_1SDV_20260831T170105_20260831T170130_009242_0125CD_66F2,219028949,57.425947,10.52844,0.0,,interpolated,355,161
S1C_IW_GRDH_1SDV_20260831T170105_20260831T170130_009242_0125CD_66F2,219164000,57.432965,10.751758,11.4,3.4,interpolated,3,7
S1C_IW_GRDH_1SDV_20260831T170105_20260831T170130_009242_0125CD_66F2,265410000,57.414772,10.594282,15.7,292.6,interpolated,0,5
S1D_IW_GRDH_1SDV_20260901T053953_20260901T054018_004380_00817C_D5A7,219021235,57.492382,10.504988,0.1,315.7,interpolated,9,0
S1D_IW_GRDH_1SDV_20260901T053953_20260901T054018_004380_00817C_D5A7,219000003,57.435929,10.556422,0.0,,interpolated,177,2
S1D_IW_GRDH_1SDV_20260901T053953_20260901T054018_004380_00817C_D5A7,257177570,57.4374,10.540223,0.0,46.4,interpolated,7,1
S1D_IW_GRDH_1SDV_20260901T053953_20260901T054018_004380_00817C_D5A7,219015617,57.493496,10.502557,0.0,316.0,interpolated,5,2
S1D_IW_GRDH_1SDV_20260901T053953_20260901T054018_004380_00817C_D5A7,219022257,57.495475,10.501109,0.0,50.9,interpolated,2,2
S1D_IW_GRDH_1SDV_20260901T053953_20260901T054018_004380_00817C_D5A7,219005659,57.492586,10.504858,0.0,,interpolated,18,2
S1D_IW_GRDH_1SDV_20260901T053953_20260901T054018_004380_00817C_D5A7,219029576,57.431061,10.537392,0.0,162.3,interpolated,36,3
S1D_IW_GRDH_1SDV_20260901T053953_20260901T054018_004380_00817C_D5A7,219009135,57.492809,10.505569,0.0,291.9,interpolated,7,2
S1D_IW_GRDH_1SDV_20260901T053953_20260901T054018_004380_00817C_D5A7,220204000,57.492324,10.507083,0.0,259.1,interpolated,6,3
S1D_IW_GRDH_1SDV_20260901T053953_20260901T054018_004380_00817C_D5A7,219005956,57.492742,10.505404,0.0,332.1,interpolated,5,2
S1D_IW_GRDH_1SDV_20260901T053953_20260901T054018_004380_00817C_D5A7,219003138,57.49289,10.505793,0.0,,interpolated,16,4
S1D_IW_GRDH_1SDV_20260901T053953_20260901T054018_004380_00817C_D5A7,257859000,57.678426,10.656331,0.0,28.2,interpolated,55,5
S1D_IW_GRDH_1SDV_20260901T053953_20260901T054018_004380_00817C_D5A7,219000942,57.442311,10.547478,0.1,,interpolated,4,4
S1D_IW_GRDH_1SDV_20260901T053953_20260901T054018_004380_00817C_D5A7,219003066,57.486651,10.578161,4.1,284.3,interpolated,5,6
S1D_IW_GRDH_1SDV_20260901T053953_20260901T054018_004380_00817C_D5A7,219029825,57.425107,10.531468,0.0,,interpolated,172,124
S1D_IW_GRDH_1SDV_20260901T053953_20260901T054018_004380_00817C_D5A7,219024715,57.492216,10.505074,0.0,,interpolated,3,6
S1D_IW_GRDH_1SDV_20260901T053953_20260901T054018_004380_00817C_D5A7,219022611,57.493125,10.504465,0.0,,interpolated,50,5
S1D_IW_GRDH_1SDV_20260901T053953_20260901T054018_004380_00817C_D5A7,219029704,57.332017,10.533349,0.0,193.0,interpolated,5,5
S1D_IW_GRDH_1SDV_20260901T053953_20260901T054018_004380_00817C_D5A7,220256000,57.50134,10.534054,0.7,1.3,interpolated,4,5
S1D_IW_GRDH_1SDV_20260901T053953_20260901T054018_004380_00817C_D5A7,220072000,57.492028,10.50628,0.0,,interpolated,3,6
S1D_IW_GRDH_1SDV_20260901T053953_20260901T054018_004380_00817C_D5A7,219006301,57.492168,10.50669,0.0,53.5,interpolated,3,6
S1D_IW_GRDH_1SDV_20260901T053953_20260901T054018_004380_00817C_D5A7,219010207,57.493797,10.50212,0.0,232.4,interpolated,1,9
S1D_IW_GRDH_1SDV_20260901T053953_20260901T054018_004380_00817C_D5A7,219032670,57.332259,10.533654,0.1,16.0,interpolated,10,0
S1D_IW_GRDH_1SDV_20260901T053953_20260901T054018_004380_00817C_D5A7,220368000,57.482867,10.593871,3.8,287.8,interpolated,0,8
S1D_IW_GRDH_1SDV_20260901T053953_20260901T054018_004380_00817C_D5A7,219012175,57.441487,10.546567,0.0,37.3,interpolated,139,10
S1D_IW_GRDH_1SDV_20260901T053953_20260901T054018_004380_00817C_D5A7,219002585,57.491952,10.505343,0.0,106.6,interpolated,1,10
S1D_IW_GRDH_1SDV_20260901T053953_20260901T054018_004380_00817C_D5A7,266203000,57.67854,10.656666,0.0,324.2,interpolated,165,9
S1D_IW_GRDH_1SDV_20260901T053953_20260901T054018_004380_00817C_D5A7,219263000,57.362562,10.622599,0.1,246.5,interpolated,169,13
S1D_IW_GRDH_1SDV_20260901T053953_20260901T054018_004380_00817C_D5A7,219007457,57.491772,10.504582,0.0,247.4,interpolated,9,0
S1D_IW_GRDH_1SDV_20260901T053953_20260901T054018_004380_00817C_D5A7,219001522,57.504492,10.532432,3.6,229.4,interpolated,8,11
S1D_IW_GRDH_1SDV_20260901T053953_20260901T054018_004380_00817C_D5A7,219025076,57.592773,10.428256,0.0,12.7,interpolated,107,132
S1D_IW_GRDH_1SDV_20260901T053953_20260901T054018_004380_00817C_D5A7,219005453,57.439682,10.549273,0.0,338.4,interpolated,16,3
S1D_IW_GRDH_1SDV_20260901T053953_20260901T054018_004380_00817C_D5A7,219023870,57.593203,10.429122,0.0,,interpolated,57,12
S1D_IW_GRDH_1SDV_20260901T053953_20260901T054018_004380_00817C_D5A7,219029698,57.416809,10.506771,0.0,106.8,interpolated,43,66
S1D_IW_GRDH_1SDV_20260901T053953_20260901T054018_004380_00817C_D5A7,219001125,57.491843,10.505683,0.0,,interpolated,2,7
S1D_IW_GRDH_1SDV_20260901T053953_20260901T054018_004380_00817C_D5A7,219005732,57.493417,10.502325,0.0,,interpolated,1,7
S1D_IW_GRDH_1SDV_20260901T053953_20260901T054018_004380_00817C_D5A7,219022157,57.43751,10.541882,0.0,327.8,interpolated,157,130
S1D_IW_GRDH_1SDV_20260901T053953_20260901T054018_004380_00817C_D5A7,219018343,57.593,10.428403,0.0,76.5,interpolated,270,89
S1D_IW_GRDH_1SDV_20260901T053953_20260901T054018_004380_00817C_D5A7,219005323,57.442838,10.546487,0.0,0.0,interpolated,39,39
S1D_IW_GRDH_1SDV_20260901T053953_20260901T054018_004380_00817C_D5A7,219005954,57.498445,10.533693,3.2,229.0,interpolated,21,8
S1D_IW_GRDH_1SDV_20260901T053953_20260901T054018_004380_00817C_D5A7,220614000,57.676749,10.598927,0.1,297.7,interpolated,4,27
S1D_IW_GRDH_1SDV_20260901T053953_20260901T054018_004380_00817C_D5A7,219025195,57.425559,10.53067,0.0,,interpolated,55,47
S1D_IW_GRDH_1SDV_20260901T053953_20260901T054018_004380_00817C_D5A7,219032027,57.42558,10.52959,0.0,,interpolated,0,36
S1D_IW_GRDH_1SDV_20260901T053953_20260901T054018_004380_00817C_D5A7,219011069,57.464223,10.53732,0.6,,interpolated,17,69
S1D_IW_GRDH_1SDV_20260901T053953_20260901T054018_004380_00817C_D5A7,219001239,57.43916,10.549743,0.0,170.6,interpolated,82,240
S1D_IW_GRDH_1SDV_20260901T053953_20260901T054018_004380_00817C_D5A7,219025465,57.425537,10.528912,0.0,273.3,interpolated,334,407
S1D_IW_GRDH_1SDV_20260901T053953_20260901T054018_004380_00817C_D5A7,258349500,57.641879,10.617454,1.7,62.5,interpolated,8,13
S1D_IW_GRDH_1SDV_20260901T053953_20260901T054018_004380_00817C_D5A7,250002434,57.674661,10.640647,0.0,12.0,interpolated,127,51
S1D_IW_GRDH_1SDV_20260901T053953_20260901T054018_004380_00817C_D5A7,219035911,57.425543,10.529246,0.0,,interpolated,121,57
S1D_IW_GRDH_1SDV_20260901T053953_20260901T054018_004380_00817C_D5A7,219001997,57.495456,10.50089,0.0,190.0,interpolated,22,25
S1D_IW_GRDH_1SDV_20260901T053953_20260901T054018_004380_00817C_D5A7,266472000,57.669232,10.60174,0.0,216.7,interpolated,122,57
S1D_IW_GRDH_1SDV_20260901T053953_20260901T054018_004380_00817C_D5A7,664444000,57.659203,10.620448,0.1,142.8,interpolated,121,0
S1D_IW_GRDH_1SDV_20260901T053953_20260901T054018_004380_00817C_D5A7,219029594,57.463485,10.537447,0.0,339.8,interpolated,119,80
S1D_IW_GRDH_1SDV_20260901T053953_20260901T054018_004380_00817C_D5A7,229094000,57.615274,10.565407,0.0,117.3,interpolated,114,67
S1D_IW_GRDH_1SDV_20260901T053953_20260901T054018_004380_00817C_D5A7,219033835,57.465096,10.537133,0.1,,interpolated,201,62
S1D_IW_GRDH_1SDV_20260901T053953_20260901T054018_004380_00817C_D5A7,219002066,57.43201,10.53576,0.0,204.6,interpolated,124,50
S1D_IW_GRDH_1SDV_20260901T053953_20260901T054018_004380_00817C_D5A7,219018795,57.42525,10.531708,0.0,,interpolated,138,4
S1D_IW_GRDH_1SDV_20260901T053953_20260901T054018_004380_00817C_D5A7,219005787,57.439194,10.549655,0.0,,interpolated,113,66
S1D_IW_GRDH_1SDV_20260901T053953_20260901T054018_004380_00817C_D5A7,219035868,57.463702,10.536972,0.3,185.6,interpolated,220,72
S1D_IW_GRDH_1SDV_20260901T053953_20260901T054018_004380_00817C_D5A7,219013474,57.592033,10.429235,0.0,342.9,interpolated,281,221
S1D_IW_GRDH_1SDV_20260901T053953_20260901T054018_004380_00817C_D5A7,219004365,57.332717,10.532036,0.0,258.5,interpolated,12,79
S1D_IW_GRDH_1SDV_20260901T053953_20260901T054018_004380_00817C_D5A7,219355000,57.6459,10.637,0.0,329.0,interpolated,16,79
S1D_IW_GRDH_1SDV_20260901T053953_20260901T054018_004380_00817C_D5A7,219111111,57.437867,10.55798,0.0,,interpolated,95,85
S1D_IW_GRDH_1SDV_20260901T053953_20260901T054018_004380_00817C_D5A7,636019773,57.645739,10.637487,0.0,229.7,interpolated,64,86
S1D_IW_GRDH_1SDV_20260901T053953_20260901T054018_004380_00817C_D5A7,219026558,57.428637,10.502988,0.0,187.5,interpolated,15,457
S1D_IW_GRDH_1SDV_20260901T053953_20260901T054018_004380_00817C_D5A7,259319000,57.438578,10.547282,0.0,,interpolated,27,107
S1D_IW_GRDH_1SDV_20260901T053953_20260901T054018_004380_00817C_D5A7,219035065,57.495534,10.502328,0.0,198.2,interpolated,50,109
S1D_IW_GRDH_1SDV_20260901T053953_20260901T054018_004380_00817C_D5A7,211822520,57.271722,10.585972,7.3,182.7,interpolated,15,44
S1D_IW_GRDH_1SDV_20260901T053953_20260901T054018_004380_00817C_D5A7,538011116,57.667767,10.61814,0.1,130.7,interpolated,1,107
S1D_IW_GRDH_1SDV_20260901T053953_20260901T054018_004380_00817C_D5A7,219009763,57.442477,10.54544,0.0,0.0,interpolated,46,113
S1D_IW_GRDH_1SDV_20260901T053953_20260901T054018_004380_00817C_D5A7,219024585,57.46413,10.537232,0.0,,interpolated,64,284
S1D_IW_GRDH_1SDV_20260901T053953_20260901T054018_004380_00817C_D5A7,219111114,57.436812,10.55984,0.0,,interpolated,60,119
S1D_IW_GRDH_1SDV_20260901T053953_20260901T054018_004380_00817C_D5A7,219035413,57.593343,10.428557,0.6,,interpolated,40,140
S1D_IW_GRDH_1SDV_20260901T053953_20260901T054018_004380_00817C_D5A7,215371000,57.663981,10.674491,0.0,298.4,interpolated,27,153
S1D_IW_GRDH_1SDV_20260901T053953_20260901T054018_004380_00817C_D5A7,219016781,57.441968,10.546703,0.0,272.6,interpolated,22,155
S1D_IW_GRDH_1SDV_20260901T053953_20260901T054018_004380_00817C_D5A7,257061000,57.439036,10.543627,0.0,38.0,interpolated,23,154
S1D_IW_GRDH_1SDV_20260901T053953_20260901T054018_004380_00817C_D5A7,210149000,57.647698,10.592706,0.0,46.9,interpolated,43,135
S1D_IW_GRDH_1SDV_20260901T053953_20260901T054018_004380_00817C_D5A7,219034404,57.463764,10.536018,0.0,175.7,interpolated,192,91
S1D_IW_GRDH_1SDV_20260901T053953_20260901T054018_004380_00817C_D5A7,219525000,57.430652,10.542684,0.0,69.4,interpolated,10,168
S1D_IW_GRDH_1SDV_20260901T053953_20260901T054018_004380_00817C_D5A7,219013005,57.492716,10.504154,0.0,0.0,interpolated,51,170
S1D_IW_GRDH_1SDV_20260901T053953_20260901T054018_004380_00817C_D5A7,219012314,57.493764,10.503902,0.0,340.7,interpolated,6,174
S1D_IW_GRDH_1SDV_20260901T053953_20260901T054018_004380_00817C_D5A7,219012459,57.492097,10.505229,0.0,,interpolated,2,21
S1D_IW_GRDH_1SDV_20260901T053953_20260901T054018_004380_00817C_D5A7,219032621,57.333341,10.533087,0.0,,interpolated,148,213
S1D_IW_GRDH_1SDV_20260901T053953_20260901T054018_004380_00817C_D5A7,219026533,57.593255,10.428664,0.0,,interpolated,508,94
S1D_IW_GRDH_1SDV_20260901T053953_20260901T054018_004380_00817C_D5A7,219026862,57.425455,10.529181,0.0,,interpolated,41,38
S1D_IW_GRDH_1SDV_20260901T053953_20260901T054018_004380_00817C_D5A7,219009415,57.492659,10.505129,0.0,,interpolated,89,269
S1D_IW_GRDH_1SDV_20260901T053953_20260901T054018_004380_00817C_D5A7,636016374,57.680392,10.632717,0.1,6.8,interpolated,23,157
S1D_IW_GRDH_1SDV_20260901T053953_20260901T054018_004380_00817C_D5A7,219025260,57.4637,10.537035,0.0,,interpolated,112,71
S1D_IW_GRDH_1SDV_20260901T053953_20260901T054018_004380_00817C_D5A7,219028949,57.425978,10.528448,0.1,,interpolated,166,14
S1D_IW_GRDH_1SDV_20260901T053953_20260901T054018_004380_00817C_D5A7,219030959,57.463851,10.535951,0.0,,interpolated,104,839
S1D_IW_GRDH_1SDV_20260901T053953_20260901T054018_004380_00817C_D5A7,219000407,57.437053,10.539317,0.0,0.0,interpolated,21,0
S1D_IW_GRDH_1SDV_20260901T053953_20260901T054018_004380_00817C_D5A7,538004721,57.642341,10.614637,0.5,33.6,interpolated,6,3
S1D_IW_GRDH_1SDV_20260901T053953_20260901T054018_004380_00817C_D5A7,244790685,57.426829,10.734803,4.8,184.7,interpolated,3,6
S1D_IW_GRDH_1SDV_20260901T053953_20260901T054018_004380_00817C_D5A7,257064430,57.651048,10.753559,7.5,185.8,interpolated,2,6
S1D_IW_GRDH_1SDV_20260901T053953_20260901T054018_004380_00817C_D5A7,219035786,57.43073,10.536477,0.0,35.2,interpolated,232,127
S1D_IW_GRDH_1SDV_20260901T053953_20260901T054018_004380_00817C_D5A7,219025854,57.463745,10.537177,0.0,,nearest,,374
S1C_IW_GRDH_1SDV_20260902T053125_20260902T053150_009264_01268E_2546,219022257,57.495452,10.50091,0.0,337.2,interpolated,21,0
S1C_IW_GRDH_1SDV_20260902T053125_20260902T053150_009264_01268E_2546,219003138,57.492903,10.50579,0.0,,interpolated,8,12
S1C_IW_GRDH_1SDV_20260902T053125_20260902T053150_009264_01268E_2546,220204000,57.492312,10.507105,0.0,249.0,interpolated,9,1
S1C_IW_GRDH_1SDV_20260902T053125_20260902T053150_009264_01268E_2546,219005956,57.481776,10.604015,4.8,290.7,interpolated,0,11
S1C_IW_GRDH_1SDV_20260902T053125_20260902T053150_009264_01268E_2546,219032027,57.425542,10.529582,0.0,,interpolated,178,147
S1C_IW_GRDH_1SDV_20260902T053125_20260902T053150_009264_01268E_2546,219008474,57.491877,10.505794,0.0,353.1,interpolated,7,0
S1C_IW_GRDH_1SDV_20260902T053125_20260902T053150_009264_01268E_2546,219032621,57.333314,10.533078,0.0,,interpolated,358,178
S1C_IW_GRDH_1SDV_20260902T053125_20260902T053150_009264_01268E_2546,219015617,57.49348,10.502582,0.0,148.0,interpolated,10,0
S1C_IW_GRDH_1SDV_20260902T053125_20260902T053150_009264_01268E_2546,220256000,57.497,10.536555,0.8,0.7,interpolated,7,1
S1C_IW_GRDH_1SDV_20260902T053125_20260902T053150_009264_01268E_2546,219003066,57.517359,10.602287,3.5,278.4,interpolated,8,11
S1C_IW_GRDH_1SDV_20260902T053125_20260902T053150_009264_01268E_2546,219001997,57.495444,10.500875,0.0,352.3,interpolated,17,1
S1C_IW_GRDH_1SDV_20260902T053125_20260902T053150_009264_01268E_2546,219024715,57.492196,10.505083,0.0,,interpolated,7,3
S1C_IW_GRDH_1SDV_20260902T053125_20260902T053150_009264_01268E_2546,220072000,57.491979,10.506072,0.0,,interpolated,6,4
S1C_IW_GRDH_1SDV_20260902T053125_20260902T053150_009264_01268E_2546,219029704,57.332016,10.533353,0.0,198.9,interpolated,7,2
S1C_IW_GRDH_1SDV_20260902T053125_20260902T053150_009264_01268E_2546,219000942,57.442302,10.547465,0.1,,interpolated,7,1
S1C_IW_GRDH_1SDV_20260902T053125_20260902T053150_009264_01268E_2546,219001125,57.491842,10.505676,0.0,,interpolated,5,4
S1C_IW_GRDH_1SDV_20260902T053125_20260902T053150_009264_01268E_2546,219904000,57.493019,10.506169,0.0,342.8,interpolated,4,6
S1C_IW_GRDH_1SDV_20260902T053125_20260902T053150_009264_01268E_2546,219010207,57.493798,10.50212,0.0,253.3,interpolated,4,4
S1C_IW_GRDH_1SDV_20260902T053125_20260902T053150_009264_01268E_2546,219025465,57.425534,10.528864,0.1,188.3,interpolated,17,21
S1C_IW_GRDH_1SDV_20260902T053125_20260902T053150_009264_01268E_2546,219011069,57.464217,10.537341,0.1,,interpolated,82,96
S1C_IW_GRDH_1SDV_20260902T053125_20260902T053150_009264_01268E_2546,219002585,57.491943,10.505338,0.0,124.0,interpolated,3,15
S1C_IW_GRDH_1SDV_20260902T053125_20260902T053150_009264_01268E_2546,220368000,57.478681,10.614576,5.0,310.0,interpolated,4,5
S1C_IW_GRDH_1SDV_20260902T053125_20260902T053150_009264_01268E_2546,220127000,57.462601,10.622096,3.6,283.1,interpolated,2,7
S1C_IW_GRDH_1SDV_20260902T053125_20260902T053150_009264_01268E_2546,219032670,57.332024,10.533563,0.3,75.4,interpolated,2,6
S1C_IW_GRDH_1SDV_20260902T053125_20260902T053150_009264_01268E_2546,220359000,57.49206,10.506215,0.0,341.3,interpolated,2,7
S1C_IW_GRDH_1SDV_20260902T053125_20260902T053150_009264_01268E_2546,219005453,57.439706,10.549272,0.0,343.8,interpolated,18,1
S1C_IW_GRDH_1SDV_20260902T053125_20260902T053150_009264_01268E_2546,266472000,57.666358,10.654567,0.1,320.5,interpolated,1,8
S1C_IW_GRDH_1SDV_20260902T053125_20260902T053150_009264_01268E_2546,219006971,57.496383,10.501304,0.0,341.9,interpolated,2,8
S1C_IW_GRDH_1SDV_20260902T053125_20260902T053150_009264_01268E_2546,257177570,57.437398,10.540232,0.0,226.3,interpolated,0,9
S1C_IW_GRDH_1SDV_20260902T053125_20260902T053150_009264_01268E_2546,219005659,57.49258,10.504818,0.0,,interpolated,0,29
S1C_IW_GRDH_1SDV_20260902T053125_20260902T053150_009264_01268E_2546,219005732,57.493442,10.502282,0.0,,interpolated,0,9
S1C_IW_GRDH_1SDV_20260902T053125_20260902T053150_009264_01268E_2546,219013474,57.592018,10.42925,0.0,224.2,interpolated,133,8
S1C_IW_GRDH_1SDV_20260902T053125_20260902T053150_009264_01268E_2546,219005954,57.494317,10.501876,0.0,0.0,interpolated,44,55
S1C_IW_GRDH_1SDV_20260902T053125_20260902T053150_009264_01268E_2546,219029576,57.431047,10.537373,0.0,24.3,interpolated,9,0
S1C_IW_GRDH_1SDV_20260902T053125_20260902T053150_009264_01268E_2546,219029698,57.416796,10.506754,0.1,285.6,interpolated,6,22
S1C_IW_GRDH_1SDV_20260902T053125_20260902T053150_009264_01268E_2546,210149000,57.647708,10.592706,0.0,108.9,interpolated,168,11
S1C_IW_GRDH_1SDV_20260902T053125_20260902T053150_009264_01268E_2546,219018795,57.425244,10.53171,0.0,,interpolated,150,38
S1C_IW_GRDH_1SDV_20260902T053125_20260902T053150_009264_01268E_2546,219006301,57.492208,10.506664,0.0,15.3,interpolated,5,3
S1C_IW_GRDH_1SDV_20260902T053125_20260902T053150_009264_01268E_2546,219001522,57.504375,10.546955,5.2,241.0,interpolated,1,19
S1C_IW_GRDH_1SDV_20260902T053125_20260902T053150_009264_01268E_2546,219007457,57.491747,10.504566,0.0,247.4,interpolated,3,6
S1C_IW_GRDH_1SDV_20260902T053125_20260902T053150_009264_01268E_2546,250002434,57.67383,10.64232,0.0,217.3,interpolated,336,19
S1C_IW_GRDH_1SDV_20260902T053125_20260902T053150_009264_01268E_2546,219009135,57.492805,10.505592,0.0,334.8,interpolated,0,9
S1C_IW_GRDH_1SDV_20260902T053125_20260902T053150_009264_01268E_2546,255806378,57.666196,10.654763,0.0,314.6,interpolated,44,22
S1C_IW_GRDH_1SDV_20260902T053125_20260902T053150_009264_01268E_2546,219005323,57.442837,10.546485,0.0,0.0,interpolated,4,35
S1C_IW_GRDH_1SDV_20260902T053125_20260902T053150_009264_01268E_2546,219035911,57.425542,10.529244,0.0,,interpolated,9,22
S1C_IW_GRDH_1SDV_20260902T053125_20260902T053150_009264_01268E_2546,248614000,57.684038,10.676018,0.0,316.2,interpolated,34,24
S1C_IW_GRDH_1SDV_20260902T053125_20260902T053150_009264_01268E_2546,219111111,57.43783,10.557973,0.0,,interpolated,31,24
S1C_IW_GRDH_1SDV_20260902T053125_20260902T053150_009264_01268E_2546,219001239,57.439148,10.549752,0.1,359.2,interpolated,144,83
S1C_IW_GRDH_1SDV_20260902T053125_20260902T053150_009264_01268E_2546,538005404,57.657868,10.599469,0.0,269.5,interpolated,155,24
S1C_IW_GRDH_1SDV_20260902T053125_20260902T053150_009264_01268E_2546,664444000,57.658389,10.622009,0.1,349.7,interpolated,96,27
S1C_IW_GRDH_1SDV_20260902T053125_20260902T053150_009264_01268E_2546,219033835,57.465063,10.537121,0.1,,interpolated,54,30
S1C_IW_GRDH_1SDV_20260902T053125_20260902T053150_009264_01268E_2546,219025195,57.425532,10.53064,0.0,,interpolated,265,33
S1C_IW_GRDH_1SDV_20260902T053125_20260902T053150_009264_01268E_2546,219005787,57.439222,10.549636,0.0,,interpolated,145,34
S1C_IW_GRDH_1SDV_20260902T053125_20260902T053150_009264_01268E_2546,229094000,57.615792,10.564747,0.0,145.0,interpolated,141,34
S1C_IW_GRDH_1SDV_20260902T053125_20260902T053150_009264_01268E_2546,266203000,57.657514,10.599536,0.0,170.9,interpolated,141,217
S1C_IW_GRDH_1SDV_20260902T053125_20260902T053150_009264_01268E_2546,219012314,57.49379,10.503887,0.1,191.8,interpolated,38,48
S1C_IW_GRDH_1SDV_20260902T053125_20260902T053150_009264_01268E_2546,219035413,57.593285,10.428488,0.2,,interpolated,11,18
S1C_IW_GRDH_1SDV_20260902T053125_20260902T053150_009264_01268E_2546,219004365,57.332716,10.53204,0.0,258.5,interpolated,134,45
S1C_IW_GRDH_1SDV_20260902T053125_20260902T053150_009264_01268E_2546,219026558,57.428629,10.502966,0.0,3.4,interpolated,108,55
S1C_IW_GRDH_1SDV_20260902T053125_20260902T053150_009264_01268E_2546,219111114,57.436763,10.559818,0.0,,interpolated,0,55
S1C_IW_GRDH_1SDV_20260902T053125_20260902T053150_009264_01268E_2546,219009415,57.492658,10.505117,0.0,,interpolated,306,54
S1C_IW_GRDH_1SDV_20260902T053125_20260902T053150_009264_01268E_2546,219034404,57.463762,10.536038,0.0,133.0,interpolated,34,58
S1C_IW_GRDH_1SDV_20260902T053125_20260902T053150_009264_01268E_2546,219002066,57.432009,10.535781,0.0,5.1,interpolated,102,72
S1C_IW_GRDH_1SDV_20260902T053125_20260902T053150_009264_01268E_2546,636019884,57.684703,10.593407,0.0,349.2,interpolated,30,70
S1C_IW_GRDH_1SDV_20260902T053125_20260902T053150_009264_01268E_2546,219024585,57.464098,10.537222,0.0,,interpolated,231,72
S1C_IW_GRDH_1SDV_20260902T053125_20260902T053150_009264_01268E_2546,219022611,57.49314,10.50447,0.0,,interpolated,105,71
S1C_IW_GRDH_1SDV_20260902T053125_20260902T053150_009264_01268E_2546,353732000,57.64171,10.623422,0.1,265.4,interpolated,45,77
S1C_IW_GRDH_1SDV_20260902T053125_20260902T053150_009264_01268E_2546,219028949,57.425955,10.528435,0.0,,interpolated,200,139
S1C_IW_GRDH_1SDV_20260902T053125_20260902T053150_009264_01268E_2546,219012459,57.492092,10.50523,0.0,,interpolated,11,86
S1C_IW_GRDH_1SDV_20260902T053125_20260902T053150_009264_01268E_2546,219035868,57.463715,10.536946,0.3,209.4,interpolated,91,76
S1C_IW_GRDH_1SDV_20260902T053125_20260902T053150_009264_01268E_2546,219009763,57.442478,10.545435,0.0,8.9,interpolated,93,85
S1C_IW_GRDH_1SDV_20260902T053125_20260902T053150_009264_01268E_2546,219023870,57.5932,10.429113,0.0,,interpolated,91,88
S1C_IW_GRDH_1SDV_20260902T053125_20260902T053150_009264_01268E_2546,219013005,57.49271,10.504128,0.0,0.0,interpolated,235,86
S1C_IW_GRDH_1SDV_20260902T053125_20260902T053150_009264_01268E_2546,256656000,57.651214,10.650848,0.0,155.2,interpolated,88,91
S1C_IW_GRDH_1SDV_20260902T053125_20260902T053150_009264_01268E_2546,219025076,57.592787,10.428252,0.0,12.7,interpolated,99,16
S1C_IW_GRDH_1SDV_20260902T053125_20260902T053150_009264_01268E_2546,311002416,57.611002,10.606902,0.0,353.8,interpolated,82,95
S1C_IW_GRDH_1SDV_20260902T053125_20260902T053150_009264_01268E_2546,636016374,57.68005,10.633295,0.1,137.5,interpolated,14,99
S1C_IW_GRDH_1SDV_20260902T053125_20260902T053150_009264_01268E_2546,259319000,57.438577,10.547262,0.0,,interpolated,60,1
S1C_IW_GRDH_1SDV_20260902T053125_20260902T053150_009264_01268E_2546,219016781,57.441963,10.546708,0.1,137.8,interpolated,40,124
S1C_IW_GRDH_1SDV_20260902T053125_20260902T053150_009264_01268E_2546,219525000,57.43065,10.542702,0.0,69.4,interpolated,44,128
S1C_IW_GRDH_1SDV_20260902T053125_20260902T053150_009264_01268E_2546,538011116,57.667823,10.618614,0.0,352.7,interpolated,34,145
S1C_IW_GRDH_1SDV_20260902T053125_20260902T053150_009264_01268E_2546,219018343,57.592996,10.428395,0.0,36.5,interpolated,449,89
S1C_IW_GRDH_1SDV_20260902T053125_20260902T053150_009264_01268E_2546,219025260,57.463669,10.537071,0.0,,interpolated,143,64
S1C_IW_GRDH_1SDV_20260902T053125_20260902T053150_009264_01268E_2546,219026862,57.425425,10.529165,0.0,,interpolated,165,29
S1C_IW_GRDH_1SDV_20260902T053125_20260902T053150_009264_01268E_2546,219022157,57.437518,10.541935,0.0,334.2,interpolated,10,169
S1C_IW_GRDH_1SDV_20260902T053125_20260902T053150_009264_01268E_2546,219029594,57.463485,10.537447,0.0,339.8,interpolated,122,30
S1C_IW_GRDH_1SDV_20260902T053125_20260902T053150_009264_01268E_2546,219035065,57.495535,10.502329,0.0,45.7,interpolated,73,44
S1C_IW_GRDH_1SDV_20260902T053125_20260902T053150_009264_01268E_2546,219026533,57.593258,10.428685,0.0,,interpolated,0,61
S1C_IW_GRDH_1SDV_20260902T053125_20260902T053150_009264_01268E_2546,219029825,57.425095,10.531488,0.0,,interpolated,25,114
S1C_IW_GRDH_1SDV_20260902T053125_20260902T053150_009264_01268E_2546,219030959,57.463816,10.535938,0.1,,interpolated,454,264
S1C_IW_GRDH_1SDV_20260902T053125_20260902T053150_009264_01268E_2546,258349500,57.530214,10.626855,9.5,344.7,interpolated,17,43
S1C_IW_GRDH_1SDV_20260902T053125_20260902T053150_009264_01268E_2546,219000407,57.437067,10.539361,0.0,0.0,interpolated,3,7
S1C_IW_GRDH_1SDV_20260902T053125_20260902T053150_009264_01268E_2546,219031988,57.593203,10.428983,0.0,,interpolated,231,127
S1C_IW_GRDH_1SDV_20260902T053125_20260902T053150_009264_01268E_2546,219018518,57.332652,10.533703,0.0,218.9,interpolated,42,50
S1C_IW_GRDH_1SDV_20260902T053125_20260902T053150_009264_01268E_2546,219034043,57.491255,10.505885,0.4,38.5,nearest,,15
S1C_IW_GRDH_1SDV_20260902T053125_20260902T053150_009264_01268E_2546,257925610,57.68528,10.668763,5.6,135.0,nearest,,333
S1D_IW_GRDH_1SDV_20260906T170108_20260906T170133_004460_00844F_D310,266473000,57.383433,10.6572,4.1,339.0,interpolated,0,10
S1D_IW_GRDH_1SDV_20260906T170108_20260906T170133_004460_00844F_D310,219002585,57.491953,10.505369,0.0,141.7,interpolated,9,0
S1D_IW_GRDH_1SDV_20260906T170108_20260906T170133_004460_00844F_D310,220345000,57.492362,10.504902,0.0,14.8,interpolated,8,1
S1D_IW_GRDH_1SDV_20260906T170108_20260906T170133_004460_00844F_D310,219032670,57.332069,10.53349,0.0,354.4,interpolated,7,1
S1D_IW_GRDH_1SDV_20260906T170108_20260906T170133_004460_00844F_D310,563164700,57.616925,10.600658,0.2,322.8,interpolated,156,22
S1D_IW_GRDH_1SDV_20260906T170108_20260906T170133_004460_00844F_D310,219904000,57.493029,10.506232,0.0,234.8,interpolated,7,2
S1D_IW_GRDH_1SDV_20260906T170108_20260906T170133_004460_00844F_D310,219010207,57.493797,10.502122,0.0,62.8,interpolated,6,3
S1D_IW_GRDH_1SDV_20260906T170108_20260906T170133_004460_00844F_D310,220368000,57.493286,10.506405,0.0,347.7,interpolated,8,2
S1D_IW_GRDH_1SDV_20260906T170108_20260906T170133_004460_00844F_D310,219007457,57.491706,10.504551,0.0,164.3,interpolated,34,5
S1D_IW_GRDH_1SDV_20260906T170108_20260906T170133_004460_00844F_D310,257177570,57.437393,10.54025,0.0,226.2,interpolated,4,6
S1D_IW_GRDH_1SDV_20260906T170108_20260906T170133_004460_00844F_D310,220127000,57.492553,10.507813,0.0,225.0,interpolated,5,3
S1D_IW_GRDH_1SDV_20260906T170108_20260906T170133_004460_00844F_D310,563235900,57.633633,10.620764,0.4,330.0,interpolated,4,5
S1D_IW_GRDH_1SDV_20260906T170108_20260906T170133_004460_00844F_D310,220359000,57.491942,10.506004,0.0,245.9,interpolated,5,5
S1D_IW_GRDH_1SDV_20260906T170108_20260906T170133_004460_00844F_D310,219013885,57.496285,10.501206,0.0,341.0,interpolated,4,4
S1D_IW_GRDH_1SDV_20260906T170108_20260906T170133_004460_00844F_D310,219009135,57.492803,10.505586,0.0,182.7,interpolated,2,6
S1D_IW_GRDH_1SDV_20260906T170108_20260906T170133_004460_00844F_D310,219003066,57.492445,10.526549,7.6,105.1,interpolated,1,6
S1D_IW_GRDH_1SDV_20260906T170108_20260906T170133_004460_00844F_D310,219005453,57.439689,10.549287,0.0,240.1,interpolated,3,5
S1D_IW_GRDH_1SDV_20260906T170108_20260906T170133_004460_00844F_D310,636019884,57.684272,10.593934,0.0,198.3,interpolated,163,8
S1D_IW_GRDH_1SDV_20260906T170108_20260906T170133_004460_00844F_D310,219005956,57.49181,10.531574,8.1,113.4,interpolated,3,6
S1D_IW_GRDH_1SDV_20260906T170108_20260906T170133_004460_00844F_D310,219022257,57.495384,10.50104,0.0,130.1,interpolated,3,7
S1D_IW_GRDH_1SDV_20260906T170108_20260906T170133_004460_00844F_D310,219035911,57.425523,10.52927,0.1,,interpolated,47,41
S1D_IW_GRDH_1SDV_20260906T170108_20260906T170133_004460_00844F_D310,219005787,57.439182,10.549688,0.0,,interpolated,128,50
S1D_IW_GRDH_1SDV_20260906T170108_20260906T170133_004460_00844F_D310,219029704,57.33201,10.533402,0.0,301.8,interpolated,0,9
S1D_IW_GRDH_1SDV_20260906T170108_20260906T170133_004460_00844F_D310,219001125,57.49184,10.505682,0.0,,interpolated,1,7
S1D_IW_GRDH_1SDV_20260906T170108_20260906T170133_004460_00844F_D310,220256000,57.478064,10.58763,7.4,126.8,interpolated,1,9
S1D_IW_GRDH_1SDV_20260906T170108_20260906T170133_004460_00844F_D310,219024715,57.492203,10.505082,0.1,95.6,interpolated,0,20
S1D_IW_GRDH_1SDV_20260906T170108_20260906T170133_004460_00844F_D310,219006301,57.492167,10.506698,0.0,203.3,interpolated,0,9
S1D_IW_GRDH_1SDV_20260906T170108_20260906T170133_004460_00844F_D310,219018343,57.592987,10.428443,0.0,323.7,interpolated,257,12
S1D_IW_GRDH_1SDV_20260906T170108_20260906T170133_004460_00844F_D310,219005954,57.49465,10.503755,0.0,0.0,interpolated,7,2
S1D_IW_GRDH_1SDV_20260906T170108_20260906T170133_004460_00844F_D310,538011116,57.666884,10.620399,0.0,194.7,interpolated,165,14
S1D_IW_GRDH_1SDV_20260906T170108_20260906T170133_004460_00844F_D310,219001997,57.495286,10.501087,0.0,229.8,interpolated,14,5
S1D_IW_GRDH_1SDV_20260906T170108_20260906T170133_004460_00844F_D310,219025195,57.425504,10.53058,0.0,,interpolated,164,30
S1D_IW_GRDH_1SDV_20260906T170108_20260906T170133_004460_00844F_D310,219001522,57.494604,10.503463,0.0,255.6,interpolated,3,15
S1D_IW_GRDH_1SDV_20260906T170108_20260906T170133_004460_00844F_D310,219006971,57.493347,10.506313,0.0,252.1,interpolated,15,4
S1D_IW_GRDH_1SDV_20260906T170108_20260906T170133_004460_00844F_D310,219111114,57.436712,10.559847,0.1,,interpolated,78,16
S1D_IW_GRDH_1SDV_20260906T170108_20260906T170133_004460_00844F_D310,219005732,57.493429,10.502333,0.0,,interpolated,21,17
S1D_IW_GRDH_1SDV_20260906T170108_20260906T170133_004460_00844F_D310,219025465,57.425497,10.528983,0.0,275.4,interpolated,58,0
S1D_IW_GRDH_1SDV_20260906T170108_20260906T170133_004460_00844F_D310,219026533,57.593255,10.428687,0.0,,interpolated,280,18
S1D_IW_GRDH_1SDV_20260906T170108_20260906T170133_004460_00844F_D310,249990000,57.647194,10.612942,0.0,121.3,interpolated,162,13
S1D_IW_GRDH_1SDV_20260906T170108_20260906T170133_004460_00844F_D310,219015617,57.493492,10.502605,0.0,161.4,interpolated,2,8
S1D_IW_GRDH_1SDV_20260906T170108_20260906T170133_004460_00844F_D310,219000942,57.442305,10.547472,0.1,,interpolated,1,9
S1D_IW_GRDH_1SDV_20260906T170108_20260906T170133_004460_00844F_D310,220349000,57.493925,10.502018,0.0,241.9,interpolated,0,10
S1D_IW_GRDH_1SDV_20260906T170108_20260906T170133_004460_00844F_D310,220072000,57.49197,10.50634,0.0,,interpolated,9,0
S1D_IW_GRDH_1SDV_20260906T170108_20260906T170133_004460_00844F_D310,219333000,57.657725,10.617107,0.1,344.6,interpolated,110,1
S1D_IW_GRDH_1SDV_20260906T170108_20260906T170133_004460_00844F_D310,219032276,57.463277,10.536958,0.2,95.7,interpolated,32,25
S1D_IW_GRDH_1SDV_20260906T170108_20260906T170133_004460_00844F_D310,219012459,57.492098,10.505213,0.0,,interpolated,200,163
S1D_IW_GRDH_1SDV_20260906T170108_20260906T170133_004460_00844F_D310,258669000,57.438495,10.544598,0.0,144.3,interpolated,35,22
S1D_IW_GRDH_1SDV_20260906T170108_20260906T170133_004460_00844F_D310,352002362,57.603647,10.622718,0.0,338.5,interpolated,109,25
S1D_IW_GRDH_1SDV_20260906T170108_20260906T170133_004460_00844F_D310,265002000,57.667709,10.589556,0.1,194.1,interpolated,61,17
S1D_IW_GRDH_1SDV_20260906T170108_20260906T170133_004460_00844F_D310,209643000,57.435032,10.554188,0.0,0.0,interpolated,140,43
S1D_IW_GRDH_1SDV_20260906T170108_20260906T170133_004460_00844F_D310,219016781,57.441968,10.546707,0.0,97.5,interpolated,40,39
S1D_IW_GRDH_1SDV_20260906T170108_20260906T170133_004460_00844F_D310,219025076,57.592792,10.428267,0.0,12.7,interpolated,401,18
S1D_IW_GRDH_1SDV_20260906T170108_20260906T170133_004460_00844F_D310,219111111,57.437832,10.558012,0.0,,interpolated,14,42
S1D_IW_GRDH_1SDV_20260906T170108_20260906T170133_004460_00844F_D310,219018795,57.425255,10.5317,0.0,,interpolated,128,59
S1D_IW_GRDH_1SDV_20260906T170108_20260906T170133_004460_00844F_D310,219033835,57.465033,10.537121,0.0,,interpolated,37,45
S1D_IW_GRDH_1SDV_20260906T170108_20260906T170133_004460_00844F_D310,265610040,57.432355,10.560975,0.0,354.1,interpolated,130,48
S1D_IW_GRDH_1SDV_20260906T170108_20260906T170133_004460_00844F_D310,219026558,57.428626,10.502979,0.0,179.1,interpolated,119,60
S1D_IW_GRDH_1SDV_20260906T170108_20260906T170133_004460_00844F_D310,219011069,57.46421,10.537321,0.4,,interpolated,57,120
S1D_IW_GRDH_1SDV_20260906T170108_20260906T170133_004460_00844F_D310,219004365,57.332723,10.532035,0.0,258.5,interpolated,116,63
S1D_IW_GRDH_1SDV_20260906T170108_20260906T170133_004460_00844F_D310,219012314,57.493783,10.50389,0.0,141.1,interpolated,111,68
S1D_IW_GRDH_1SDV_20260906T170108_20260906T170133_004460_00844F_D310,219002066,57.432007,10.535761,0.0,164.7,interpolated,102,77
S1D_IW_GRDH_1SDV_20260906T170108_20260906T170133_004460_00844F_D310,219022157,57.437506,10.541914,0.0,253.8,interpolated,62,259
S1D_IW_GRDH_1SDV_20260906T170108_20260906T170133_004460_00844F_D310,219034404,57.463762,10.536014,0.0,252.5,interpolated,25,76
S1D_IW_GRDH_1SDV_20260906T170108_20260906T170133_004460_00844F_D310,219013005,57.492688,10.504196,0.0,0.0,interpolated,92,624
S1D_IW_GRDH_1SDV_20260906T170108_20260906T170133_004460_00844F_D310,219263000,57.433272,10.538117,0.0,322.9,interpolated,36,56
S1D_IW_GRDH_1SDV_20260906T170108_20260906T170133_004460_00844F_D310,219023870,57.593167,10.429139,0.0,,interpolated,35,77
S1D_IW_GRDH_1SDV_20260906T170108_20260906T170133_004460_00844F_D310,219009415,57.493369,10.504133,0.0,,interpolated,221,340
S1D_IW_GRDH_1SDV_20260906T170108_20260906T170133_004460_00844F_D310,740405000,57.435,10.552783,0.0,328.5,interpolated,40,86
S1D_IW_GRDH_1SDV_20260906T170108_20260906T170133_004460_00844F_D310,219024585,57.464067,10.537237,0.0,,interpolated,213,90
S1D_IW_GRDH_1SDV_20260906T170108_20260906T170133_004460_00844F_D310,219001239,57.439193,10.549745,0.0,158.4,interpolated,23,182
S1D_IW_GRDH_1SDV_20260906T170108_20260906T170133_004460_00844F_D310,219028256,57.332889,10.534316,0.0,,interpolated,439,99
S1D_IW_GRDH_1SDV_20260906T170108_20260906T170133_004460_00844F_D310,636021742,57.638925,10.643818,0.0,165.0,interpolated,14,109
S1D_IW_GRDH_1SDV_20260906T170108_20260906T170133_004460_00844F_D310,219025260,57.4636,10.537085,0.0,,interpolated,113,178
S1D_IW_GRDH_1SDV_20260906T170108_20260906T170133_004460_00844F_D310,219355000,57.603846,10.622454,0.0,286.0,interpolated,66,112
S1D_IW_GRDH_1SDV_20260906T170108_20260906T170133_004460_00844F_D310,219022611,57.493103,10.504473,0.0,,interpolated,90,113
S1D_IW_GRDH_1SDV_20260906T170108_20260906T170133_004460_00844F_D310,219035413,57.593273,10.42859,0.2,,interpolated,246,56
S1D_IW_GRDH_1SDV_20260906T170108_20260906T170133_004460_00844F_D310,636023414,57.641642,10.592746,0.0,87.1,interpolated,30,122
S1D_IW_GRDH_1SDV_20260906T170108_20260906T170133_004460_00844F_D310,219000003,57.436002,10.556645,0.0,,interpolated,178,123
S1D_IW_GRDH_1SDV_20260906T170108_20260906T170133_004460_00844F_D310,311000974,57.668092,10.666603,0.1,327.3,interpolated,47,131
S1D_IW_GRDH_1SDV_20260906T170108_20260906T170133_004460_00844F_D310,566377000,57.627841,10.638785,0.1,222.7,interpolated,44,135
S1D_IW_GRDH_1SDV_20260906T170108_20260906T170133_004460_00844F_D310,259319000,57.438576,10.547269,0.0,,interpolated,217,137
S1D_IW_GRDH_1SDV_20260906T170108_20260906T170133_004460_00844F_D310,636013814,57.678399,10.668836,0.2,175.1,interpolated,42,137
S1D_IW_GRDH_1SDV_20260906T170108_20260906T170133_004460_00844F_D310,219005323,57.442832,10.546505,0.0,0.0,interpolated,33,147
S1D_IW_GRDH_1SDV_20260906T170108_20260906T170133_004460_00844F_D310,265012140,57.433694,10.560567,0.0,66.6,interpolated,6,4
S1D_IW_GRDH_1SDV_20260906T170108_20260906T170133_004460_00844F_D310,219525000,57.430658,10.542691,0.0,69.4,interpolated,26,153
S1D_IW_GRDH_1SDV_20260906T170108_20260906T170133_004460_00844F_D310,219028949,57.42594,10.528437,0.0,,interpolated,179,157
S1D_IW_GRDH_1SDV_20260906T170108_20260906T170133_004460_00844F_D310,305767000,57.655218,10.635237,0.1,165.1,interpolated,7,158
S1D_IW_GRDH_1SDV_20260906T170108_20260906T170133_004460_00844F_D310,219032027,57.425547,10.529603,0.0,,interpolated,159,18
S1D_IW_GRDH_1SDV_20260906T170108_20260906T170133_004460_00844F_D310,636016374,57.679256,10.634642,0.1,314.6,interpolated,13,169
S1D_IW_GRDH_1SDV_20260906T170108_20260906T170133_004460_00844F_D310,305056000,57.677321,10.61061,0.1,359.5,interpolated,101,28
S1D_IW_GRDH_1SDV_20260906T170108_20260906T170133_004460_00844F_D310,219031988,57.593198,10.428989,0.0,284.9,interpolated,312,406
S1D_IW_GRDH_1SDV_20260906T170108_20260906T170133_004460_00844F_D310,219035868,57.463706,10.537038,0.5,106.0,interpolated,122,222
S1D_IW_GRDH_1SDV_20260906T170108_20260906T170133_004460_00844F_D310,219029594,57.463494,10.537451,0.0,210.0,interpolated,116,43
S1D_IW_GRDH_1SDV_20260906T170108_20260906T170133_004460_00844F_D310,219035065,57.49551,10.502397,0.1,311.3,interpolated,55,66
S1D_IW_GRDH_1SDV_20260906T170108_20260906T170133_004460_00844F_D310,219029825,57.425112,10.531473,0.0,,interpolated,5,313
S1D_IW_GRDH_1SDV_20260906T170108_20260906T170133_004460_00844F_D310,210884000,57.377782,10.624913,0.0,116.5,interpolated,42,50
S1D_IW_GRDH_1SDV_20260906T170108_20260906T170133_004460_00844F_D310,265056000,57.497122,10.682714,9.2,358.3,interpolated,9,2
S1D_IW_GRDH_1SDV_20260906T170108_20260906T170133_004460_00844F_D310,219026706,57.634161,10.660165,1.8,221.7,interpolated,3,0
S1D_IW_GRDH_1SDV_20260906T170108_20260906T170133_004460_00844F_D310,219032621,57.333304,10.533059,0.0,,interpolated,13,17
S1D_IW_GRDH_1SDV_20260906T170108_20260906T170133_004460_00844F_D310,219010873,57.678424,10.668119,0.3,92.1,interpolated,3,3
S1D_IW_GRDH_1SDV_20260906T170108_20260906T170133_004460_00844F_D310,245871000,57.35504,10.653731,10.5,337.6,interpolated,3,5
S1D_IW_GRDH_1SDV_20260906T170108_20260906T170133_004460_00844F_D310,245323000,57.635376,10.658415,0.5,256.7,interpolated,4,5
S1D_IW_GRDH_1SDV_20260906T170108_20260906T170133_004460_00844F_D310,219010852,57.340456,10.659003,6.7,302.9,interpolated,28,0
S1D_IW_GRDH_1SDV_20260906T170108_20260906T170133_004460_00844F_D310,265410000,57.415977,10.591511,15.1,288.4,interpolated,0,5
S1D_IW_GRDH_1SDV_20260906T170108_20260906T170133_004460_00844F_D310,257141000,57.279159,10.740113,10.6,1.5,interpolated,0,2
S1C_IW_GRDH_1SDV_20260907T165301_20260907T165326_009344_01295C_3156,219003066,57.492758,10.526348,7.3,100.2,interpolated,6,0
S1C_IW_GRDH_1SDV_20260907T165301_20260907T165326_009344_01295C_3156,219004365,57.332713,10.53203,0.0,,interpolated,453,0
S1C_IW_GRDH_1SDV_20260907T165301_20260907T165326_009344_01295C_3156,266464000,57.629773,10.584148,0.2,84.3,interpolated,33,143
S1C_IW_GRDH_1SDV_20260907T165301_20260907T165326_009344_01295C_3156,219008474,57.491892,10.505787,0.0,333.8,interpolated,0,10
S1C_IW_GRDH_1SDV_20260907T165301_20260907T165326_009344_01295C_3156,219904000,57.49302,10.506255,0.0,211.0,interpolated,8,0
S1C_IW_GRDH_1SDV_20260907T165301_20260907T165326_009344_01295C_3156,219002066,57.432008,10.535771,0.1,152.0,interpolated,21,69
S1C_IW_GRDH_1SDV_20260907T165301_20260907T165326_009344_01295C_3156,219005954,57.482272,10.601827,6.7,110.0,interpolated,19,0
S1C_IW_GRDH_1SDV_20260907T165301_20260907T165326_009344_01295C_3156,219001997,57.495298,10.501148,0.0,279.7,interpolated,17,2
S1C_IW_GRDH_1SDV_20260907T165301_20260907T165326_009344_01295C_3156,220127000,57.492575,10.507786,0.0,246.5,interpolated,6,1
S1C_IW_GRDH_1SDV_20260907T165301_20260907T165326_009344_01295C_3156,219010873,57.685905,10.59791,11.0,12.3,nearest,837,
S1C_IW_GRDH_1SDV_20260907T165301_20260907T165326_009344_01295C_3156,219035785,57.430695,10.53655,0.0,0.0,interpolated,19,1
S1C_IW_GRDH_1SDV_20260907T165301_20260907T165326_009344_01295C_3156,219006971,57.475933,10.64819,8.1,99.1,interpolated,7,3
S1C_IW_GRDH_1SDV_20260907T165301_20260907T165326_009344_01295C_3156,257177570,57.437412,10.540255,0.0,46.6,interpolated,5,3
S1C_IW_GRDH_1SDV_20260907T165301_20260907T165326_009344_01295C_3156,219007457,57.491729,10.504544,0.0,164.3,interpolated,26,2
S1C_IW_GRDH_1SDV_20260907T165301_20260907T165326_009344_01295C_3156,220076700,57.491862,10.505581,0.0,59.3,interpolated,26,3
S1C_IW_GRDH_1SDV_20260907T165301_20260907T165326_009344_01295C_3156,219015579,57.350871,10.711546,4.1,183.0,interpolated,4,4
S1C_IW_GRDH_1SDV_20260907T165301_20260907T165326_009344_01295C_3156,219013885,57.496292,10.501178,0.0,133.9,interpolated,5,2
S1C_IW_GRDH_1SDV_20260907T165301_20260907T165326_009344_01295C_3156,219001522,57.49436,10.501838,0.0,32.9,interpolated,17,3
S1C_IW_GRDH_1SDV_20260907T165301_20260907T165326_009344_01295C_3156,219005732,57.493442,10.502333,0.0,,interpolated,0,4
S1C_IW_GRDH_1SDV_20260907T165301_20260907T165326_009344_01295C_3156,219005453,57.439705,10.549282,0.1,241.3,interpolated,6,3
S1C_IW_GRDH_1SDV_20260907T165301_20260907T165326_009344_01295C_3156,219029698,57.416852,10.506827,0.1,45.0,interpolated,15,4
S1C_IW_GRDH_1SDV_20260907T165301_20260907T165326_009344_01295C_3156,219022257,57.495406,10.500951,0.0,108.2,interpolated,5,4
S1C_IW_GRDH_1SDV_20260907T165301_20260907T165326_009344_01295C_3156,219009135,57.492808,10.505573,0.0,291.9,interpolated,4,4
S1C_IW_GRDH_1SDV_20260907T165301_20260907T165326_009344_01295C_3156,219035868,57.463687,10.537035,0.4,111.3,interpolated,63,3
S1C_IW_GRDH_1SDV_20260907T165301_20260907T165326_009344_01295C_3156,219029704,57.332005,10.533383,0.0,334.4,interpolated,2,17
S1C_IW_GRDH_1SDV_20260907T165301_20260907T165326_009344_01295C_3156,220256000,57.478351,10.615896,7.6,104.9,interpolated,3,7
S1C_IW_GRDH_1SDV_20260907T165301_20260907T165326_009344_01295C_3156,219035786,57.430658,10.536585,0.1,326.3,interpolated,4,17
S1C_IW_GRDH_1SDV_20260907T165301_20260907T165326_009344_01295C_3156,219006301,57.492182,10.5067,0.0,216.6,interpolated,1,8
S1C_IW_GRDH_1SDV_20260907T165301_20260907T165326_009344_01295C_3156,220349000,57.493936,10.502028,0.0,250.9,interpolated,11,8
S1C_IW_GRDH_1SDV_20260907T165301_20260907T165326_009344_01295C_3156,219001125,57.491843,10.505664,0.0,,interpolated,2,6
S1C_IW_GRDH_1SDV_20260907T165301_20260907T165326_009344_01295C_3156,219000942,57.442307,10.547489,0.0,,interpolated,13,7
S1C_IW_GRDH_1SDV_20260907T165301_20260907T165326_009344_01295C_3156,219024715,57.492205,10.505085,0.0,,interpolated,21,9
S1C_IW_GRDH_1SDV_20260907T165301_20260907T165326_009344_01295C_3156,219032670,57.33193,10.533848,,,interpolated,11,7
S1C_IW_GRDH_1SDV_20260907T165301_20260907T165326_009344_01295C_3156,220072000,57.492078,10.506362,0.0,,interpolated,0,7
S1C_IW_GRDH_1SDV_20260907T165301_20260907T165326_009344_01295C_3156,219002585,57.491972,10.505352,0.0,84.0,interpolated,9,0
S1C_IW_GRDH_1SDV_20260907T165301_20260907T165326_009344_01295C_3156,255915834,57.533327,10.739979,10.1,339.4,interpolated,9,10
S1C_IW_GRDH_1SDV_20260907T165301_20260907T165326_009344_01295C_3156,220368000,57.482668,10.605555,6.3,113.6,interpolated,0,10
S1C_IW_GRDH_1SDV_20260907T165301_20260907T165326_009344_01295C_3156,219032276,57.463297,10.536918,0.0,342.8,interpolated,144,5
S1C_IW_GRDH_1SDV_20260907T165301_20260907T165326_009344_01295C_3156,219029594,57.463495,10.53745,0.0,210.0,interpolated,7,16
S1C_IW_GRDH_1SDV_20260907T165301_20260907T165326_009344_01295C_3156,259319000,57.438593,10.547288,0.0,,interpolated,94,21
S1C_IW_GRDH_1SDV_20260907T165301_20260907T165326_009344_01295C_3156,219111111,57.437839,10.557951,0.0,,interpolated,163,18
S1C_IW_GRDH_1SDV_20260907T165301_20260907T165326_009344_01295C_3156,219013005,57.492697,10.504202,0.0,0.0,interpolated,159,196
S1C_IW_GRDH_1SDV_20260907T165301_20260907T165326_009344_01295C_3156,219026558,57.428642,10.502994,0.0,135.7,interpolated,158,21
S1C_IW_GRDH_1SDV_20260907T165301_20260907T165326_009344_01295C_3156,219022157,57.437506,10.541941,0.0,247.7,interpolated,281,25
S1C_IW_GRDH_1SDV_20260907T165301_20260907T165326_009344_01295C_3156,636016374,57.680598,10.631833,0.0,61.7,interpolated,73,24
S1C_IW_GRDH_1SDV_20260907T165301_20260907T165326_009344_01295C_3156,219023870,57.593188,10.429133,0.0,,interpolated,153,28
S1C_IW_GRDH_1SDV_20260907T165301_20260907T165326_009344_01295C_3156,219033835,57.465057,10.537108,0.0,,interpolated,6,33
S1C_IW_GRDH_1SDV_20260907T165301_20260907T165326_009344_01295C_3156,740405000,57.435,10.552767,0.0,328.7,interpolated,145,33
S1C_IW_GRDH_1SDV_20260907T165301_20260907T165326_009344_01295C_3156,636023990,57.661571,10.593894,0.0,292.4,interpolated,130,48
S1C_IW_GRDH_1SDV_20260907T165301_20260907T165326_009344_01295C_3156,219025195,57.425534,10.530623,0.0,,interpolated,112,50
S1C_IW_GRDH_1SDV_20260907T165301_20260907T165326_009344_01295C_3156,219028256,57.332905,10.534336,0.0,,interpolated,129,48
S1C_IW_GRDH_1SDV_20260907T165301_20260907T165326_009344_01295C_3156,219024585,57.464053,10.537295,0.0,,interpolated,133,46
S1C_IW_GRDH_1SDV_20260907T165301_20260907T165326_009344_01295C_3156,219030959,57.463802,10.535967,0.0,,interpolated,172,49
S1C_IW_GRDH_1SDV_20260907T165301_20260907T165326_009344_01295C_3156,219111114,57.436766,10.559806,0.0,,interpolated,128,51
S1C_IW_GRDH_1SDV_20260907T165301_20260907T165326_009344_01295C_3156,219012314,57.493783,10.503873,0.0,320.5,interpolated,13,61
S1C_IW_GRDH_1SDV_20260907T165301_20260907T165326_009344_01295C_3156,246188000,57.605306,10.665511,7.2,75.5,interpolated,4,5
S1C_IW_GRDH_1SDV_20260907T165301_20260907T165326_009344_01295C_3156,219333000,57.659582,10.61423,0.2,291.6,interpolated,118,64
S1C_IW_GRDH_1SDV_20260907T165301_20260907T165326_009344_01295C_3156,636024960,57.669112,10.702572,0.0,146.3,interpolated,75,60
S1C_IW_GRDH_1SDV_20260907T165301_20260907T165326_009344_01295C_3156,265002000,57.629908,10.583873,0.1,237.3,interpolated,80,66
S1C_IW_GRDH_1SDV_20260907T165301_20260907T165326_009344_01295C_3156,219035065,57.495502,10.502402,0.0,126.6,interpolated,56,13
S1C_IW_GRDH_1SDV_20260907T165301_20260907T165326_009344_01295C_3156,219025465,57.425505,10.528963,0.0,346.2,interpolated,180,125
S1C_IW_GRDH_1SDV_20260907T165301_20260907T165326_009344_01295C_3156,636023414,57.64329,10.589526,0.0,62.5,interpolated,109,70
S1C_IW_GRDH_1SDV_20260907T165301_20260907T165326_009344_01295C_3156,257581000,57.430402,10.539794,0.0,178.0,interpolated,98,80
S1C_IW_GRDH_1SDV_20260907T165301_20260907T165326_009344_01295C_3156,219035911,57.425538,10.529245,0.0,,interpolated,224,136
S1C_IW_GRDH_1SDV_20260907T165301_20260907T165326_009344_01295C_3156,219525000,57.430662,10.542682,0.0,69.4,interpolated,78,82
S1C_IW_GRDH_1SDV_20260907T165301_20260907T165326_009344_01295C_3156,219355000,57.661733,10.59355,0.0,44.0,interpolated,98,10
S1C_IW_GRDH_1SDV_20260907T165301_20260907T165326_009344_01295C_3156,219029817,57.593263,10.42864,0.0,,interpolated,126,187
S1C_IW_GRDH_1SDV_20260907T165301_20260907T165326_009344_01295C_3156,311000974,57.669745,10.663247,0.0,127.2,interpolated,90,88
S1C_IW_GRDH_1SDV_20260907T165301_20260907T165326_009344_01295C_3156,219011069,57.46421,10.537365,0.1,,interpolated,85,92
S1C_IW_GRDH_1SDV_20260907T165301_20260907T165326_009344_01295C_3156,219034404,57.463779,10.535991,0.0,149.0,interpolated,250,25
S1C_IW_GRDH_1SDV_20260907T165301_20260907T165326_009344_01295C_3156,245323000,57.663081,10.643433,4.8,75.0,interpolated,0,3
S1C_IW_GRDH_1SDV_20260907T165301_20260907T165326_009344_01295C_3156,219032621,57.333328,10.533048,0.0,,interpolated,33,170
S1C_IW_GRDH_1SDV_20260907T165301_20260907T165326_009344_01295C_3156,636093384,57.682279,10.659832,0.0,5.4,interpolated,63,115
S1C_IW_GRDH_1SDV_20260907T165301_20260907T165326_009344_01295C_3156,219012459,57.492098,10.505235,0.0,,interpolated,46,133
S1C_IW_GRDH_1SDV_20260907T165301_20260907T165326_009344_01295C_3156,305767000,57.656893,10.632292,0.0,273.2,interpolated,58,119
S1C_IW_GRDH_1SDV_20260907T165301_20260907T165326_009344_01295C_3156,219029825,57.425107,10.531461,0.0,,interpolated,79,123
S1C_IW_GRDH_1SDV_20260907T165301_20260907T165326_009344_01295C_3156,266473000,57.438567,10.546183,0.0,338.0,interpolated,53,250
S1C_IW_GRDH_1SDV_20260907T165301_20260907T165326_009344_01295C_3156,241875000,57.630464,10.664404,0.0,114.8,interpolated,9,137
S1C_IW_GRDH_1SDV_20260907T165301_20260907T165326_009344_01295C_3156,219263000,57.433276,10.538093,0.0,322.9,interpolated,42,141
S1C_IW_GRDH_1SDV_20260907T165301_20260907T165326_009344_01295C_3156,538011116,57.668005,10.618335,0.1,300.0,interpolated,37,142
S1C_IW_GRDH_1SDV_20260907T165301_20260907T165326_009344_01295C_3156,636019884,57.685402,10.59192,0.0,313.8,interpolated,35,143
S1C_IW_GRDH_1SDV_20260907T165301_20260907T165326_009344_01295C_3156,255916049,57.623693,10.766435,9.5,118.7,nearest,1004,
S1C_IW_GRDH_1SDV_20260907T165301_20260907T165326_009344_01295C_3156,219032027,57.425551,10.529584,0.0,,interpolated,11,148
S1C_IW_GRDH_1SDV_20260907T165301_20260907T165326_009344_01295C_3156,305056000,57.679259,10.607153,0.0,265.9,interpolated,23,158
S1C_IW_GRDH_1SDV_20260907T165301_20260907T165326_009344_01295C_3156,219000003,57.435994,10.556762,0.1,,interpolated,25,154
S1C_IW_GRDH_1SDV_20260907T165301_20260907T165326_009344_01295C_3156,258669000,57.438498,10.544587,0.0,144.3,interpolated,18,93
S1C_IW_GRDH_1SDV_20260907T165301_20260907T165326_009344_01295C_3156,241779000,57.662055,10.723601,13.5,35.9,interpolated,9,0
S1C_IW_GRDH_1SDV_20260907T165301_20260907T165326_009344_01295C_3156,219009415,57.492593,10.50497,0.0,,interpolated,552,210
S1C_IW_GRDH_1SDV_20260907T165301_20260907T165326_009344_01295C_3156,209643000,57.435033,10.554199,0.0,0.0,interpolated,9,168
S1C_IW_GRDH_1SDV_20260907T165301_20260907T165326_009344_01295C_3156,219031988,57.593195,10.428993,0.0,196.4,interpolated,3,73
S1C_IW_GRDH_1SDV_20260907T165301_20260907T165326_009344_01295C_3156,219005787,57.439197,10.549672,0.0,,interpolated,1,178
S1C_IW_GRDH_1SDV_20260907T165301_20260907T165326_009344_01295C_3156,219035413,57.593256,10.428561,0.1,,interpolated,104,435
S1C_IW_GRDH_1SDV_20260907T165301_20260907T165326_009344_01295C_3156,219016781,57.441972,10.546695,0.0,333.5,interpolated,90,88
S1C_IW_GRDH_1SDV_20260907T165301_20260907T165326_009344_01295C_3156,219001239,57.439167,10.549757,0.0,140.5,interpolated,84,33
S1C_IW_GRDH_1SDV_20260907T165301_20260907T165326_009344_01295C_3156,219028949,57.425928,10.528462,0.0,,interpolated,55,128
S1C_IW_GRDH_1SDV_20260907T165301_20260907T165326_009344_01295C_3156,219022611,57.493115,10.50447,0.0,,interpolated,61,297
S1C_IW_GRDH_1SDV_20260907T165301_20260907T165326_009344_01295C_3156,219018795,57.425247,10.531702,0.0,,interpolated,4,238
S1C_IW_GRDH_1SDV_20260907T165301_20260907T165326_009344_01295C_3156,219025076,57.592805,10.428265,0.0,12.7,interpolated,485,234
S1C_IW_GRDH_1SDV_20260907T165301_20260907T165326_009344_01295C_3156,219010852,57.331867,10.535585,0.2,263.4,interpolated,16,126
S1C_IW_GRDH_1SDV_20260907T165301_20260907T165326_009344_01295C_3156,220295000,57.337982,10.75074,5.3,4.2,interpolated,8,1
S1C_IW_GRDH_1SDV_20260907T165301_20260907T165326_009344_01295C_3156,219018343,57.593007,10.428376,0.0,298.0,interpolated,888,12
S1C_IW_GRDH_1SDV_20260907T165301_20260907T165326_009344_01295C_3156,219026533,57.593248,10.428667,0.0,,interpolated,213,29
S1C_IW_GRDH_1SDV_20260907T165301_20260907T165326_009344_01295C_3156,219025260,57.463627,10.537102,0.0,,interpolated,356,3
S1C_IW_GRDH_1SDV_20260907T165301_20260907T165326_009344_01295C_3156,219000076,57.433464,10.539183,0.0,318.3,interpolated,220,94
S1C_IW_GRDH_1SDV_20260907T165301_20260907T165326_009344_01295C_3156,219013692,57.592893,10.427852,0.0,,nearest,1091,
S1C_IW_GRDH_1SDV_20260907T165301_20260907T165326_009344_01295C_3156,219034043,57.491302,10.505863,0.1,227.8,interpolated,111,249
S1C_IW_GRDH_1SDV_20260907T165301_20260907T165326_009344_01295C_3156,219034309,57.661182,10.594086,0.2,252.0,interpolated,1,5
S1C_IW_GRDH_1SDV_20260907T165301_20260907T165326_009344_01295C_3156,248020000,57.644598,10.733573,0.1,230.5,interpolated,16,163
S1C_IW_GRDH_1SDV_20260907T165301_20260907T165326_009344_01295C_3156,219002732,57.672323,10.68207,8.2,50.4,interpolated,0,1
S1C_IW_GRDH_1SDV_20260907T165301_20260907T165326_009344_01295C_3156,219013474,57.592014,10.429239,0.0,297.4,interpolated,926,551
S1C_IW_GRDH_1SDV_20260907T165301_20260907T165326_009344_01295C_3156,265410000,57.418523,10.640095,14.5,250.7,interpolated,1,4
S1C_IW_GRDH_1SDV_20260907T165301_20260907T165326_009344_01295C_3156,538012913,57.621415,10.766885,11.8,117.9,nearest,1,
S1C_IW_GRDH_1SDV_20260907T165301_20260907T165326_009344_01295C_3156,219517000,57.26922,10.70757,12.6,343.8,interpolated,0,10
S1C_IW_GRDH_1SDV_20260907T165301_20260907T165326_009344_01295C_3156,230613000,57.678392,10.671142,9.6,256.1,interpolated,0,10
S1C_IW_GRDH_1SDV_20260907T165301_20260907T165326_009344_01295C_3156,265071000,57.62757,10.766592,12.1,268.0,nearest,,402
S1C_IW_GRDH_1SDV_20260907T165301_20260907T165326_009344_01295C_3156,219034389,57.683577,10.766895,16.6,294.2,nearest,,1194
S1D_IW_GRDH_1SDV_20260908T053138_20260908T053203_004482_008515_D381,219006301,57.492192,10.506663,0.0,75.7,interpolated,10,1
S1D_IW_GRDH_1SDV_20260908T053138_20260908T053203_004482_008515_D381,219013885,57.496295,10.501183,0.0,305.8,interpolated,0,10
S1D_IW_GRDH_1SDV_20260908T053138_20260908T053203_004482_008515_D381,219024715,57.492209,10.505059,0.0,,interpolated,18,10
S1D_IW_GRDH_1SDV_20260908T053138_20260908T053203_004482_008515_D381,220072000,57.492063,10.506356,0.0,,interpolated,0,9
S1D_IW_GRDH_1SDV_20260908T053138_20260908T053203_004482_008515_D381,219008474,57.491848,10.505787,0.0,321.9,interpolated,8,2
S1D_IW_GRDH_1SDV_20260908T053138_20260908T053203_004482_008515_D381,257207000,57.298258,10.720923,10.7,184.9,interpolated,9,1
S1D_IW_GRDH_1SDV_20260908T053138_20260908T053203_004482_008515_D381,258669000,57.43849,10.544577,0.0,144.3,interpolated,65,6
S1D_IW_GRDH_1SDV_20260908T053138_20260908T053203_004482_008515_D381,219002585,57.491965,10.505348,0.0,127.0,interpolated,8,2
S1D_IW_GRDH_1SDV_20260908T053138_20260908T053203_004482_008515_D381,219904000,57.492993,10.506274,0.0,1.6,interpolated,6,2
S1D_IW_GRDH_1SDV_20260908T053138_20260908T053203_004482_008515_D381,219002066,57.432007,10.535758,0.0,342.4,interpolated,65,121
S1D_IW_GRDH_1SDV_20260908T053138_20260908T053203_004482_008515_D381,219015425,57.441222,10.546452,0.0,171.9,interpolated,8,3
S1D_IW_GRDH_1SDV_20260908T053138_20260908T053203_004482_008515_D381,265071000,57.648167,10.624625,0.0,262.9,interpolated,6,3
S1D_IW_GRDH_1SDV_20260908T053138_20260908T053203_004482_008515_D381,219001997,57.495322,10.501148,0.0,204.9,interpolated,2,4
S1D_IW_GRDH_1SDV_20260908T053138_20260908T053203_004482_008515_D381,248020000,57.644098,10.734607,0.1,348.1,interpolated,174,5
S1D_IW_GRDH_1SDV_20260908T053138_20260908T053203_004482_008515_D381,636016374,57.680465,10.632569,0.0,178.3,interpolated,25,154
S1D_IW_GRDH_1SDV_20260908T053138_20260908T053203_004482_008515_D381,220076700,57.491868,10.505578,0.1,40.3,interpolated,5,5
S1D_IW_GRDH_1SDV_20260908T053138_20260908T053203_004482_008515_D381,219005453,57.439703,10.549261,0.1,5.0,interpolated,4,5
S1D_IW_GRDH_1SDV_20260908T053138_20260908T053203_004482_008515_D381,219009135,57.492813,10.505583,0.0,212.1,interpolated,2,7
S1D_IW_GRDH_1SDV_20260908T053138_20260908T053203_004482_008515_D381,219005732,57.493439,10.502295,0.0,,interpolated,3,6
S1D_IW_GRDH_1SDV_20260908T053138_20260908T053203_004482_008515_D381,257984000,57.430214,10.558756,5.8,320.3,interpolated,4,5
S1D_IW_GRDH_1SDV_20260908T053138_20260908T053203_004482_008515_D381,257177570,57.437408,10.540213,0.0,46.4,interpolated,3,6
S1D_IW_GRDH_1SDV_20260908T053138_20260908T053203_004482_008515_D381,265056000,57.433646,10.560707,0.0,45.6,interpolated,1,8
S1D_IW_GRDH_1SDV_20260908T053138_20260908T053203_004482_008515_D381,219263000,57.433264,10.538096,0.0,322.9,interpolated,126,183
S1D_IW_GRDH_1SDV_20260908T053138_20260908T053203_004482_008515_D381,219022257,57.495422,10.50103,0.0,346.3,interpolated,3,6
S1D_IW_GRDH_1SDV_20260908T053138_20260908T053203_004482_008515_D381,219012314,57.493778,10.503901,0.0,34.5,interpolated,86,8
S1D_IW_GRDH_1SDV_20260908T053138_20260908T053203_004482_008515_D381,219009415,57.492592,10.504965,0.0,,interpolated,353,52
S1D_IW_GRDH_1SDV_20260908T053138_20260908T053203_004482_008515_D381,219001125,57.491848,10.505682,0.0,,interpolated,0,8
S1D_IW_GRDH_1SDV_20260908T053138_20260908T053203_004482_008515_D381,219029704,57.332038,10.533335,0.0,173.4,interpolated,0,9
S1D_IW_GRDH_1SDV_20260908T053138_20260908T053203_004482_008515_D381,255805993,57.530905,10.76375,7.0,4.0,interpolated,1,9
S1D_IW_GRDH_1SDV_20260908T053138_20260908T053203_004482_008515_D381,219000942,57.442295,10.54744,0.0,,interpolated,1,9
S1D_IW_GRDH_1SDV_20260908T053138_20260908T053203_004482_008515_D381,219035911,57.425536,10.52922,0.0,,interpolated,21,12
S1D_IW_GRDH_1SDV_20260908T053138_20260908T053203_004482_008515_D381,219032670,57.332033,10.533517,0.2,4.3,interpolated,0,9
S1D_IW_GRDH_1SDV_20260908T053138_20260908T053203_004482_008515_D381,220295000,57.495886,10.502292,0.0,272.8,interpolated,7,2
S1D_IW_GRDH_1SDV_20260908T053138_20260908T053203_004482_008515_D381,219111111,57.43782,10.557973,0.0,,interpolated,44,11
S1D_IW_GRDH_1SDV_20260908T053138_20260908T053203_004482_008515_D381,219032621,57.333298,10.53304,0.0,,interpolated,43,12
S1D_IW_GRDH_1SDV_20260908T053138_20260908T053203_004482_008515_D381,220368000,57.488913,10.55121,3.7,281.3,interpolated,8,2
S1D_IW_GRDH_1SDV_20260908T053138_20260908T053203_004482_008515_D381,219033835,57.465055,10.537106,0.0,,interpolated,165,15
S1D_IW_GRDH_1SDV_20260908T053138_20260908T053203_004482_008515_D381,219031988,57.593219,10.428969,0.0,249.7,interpolated,343,17
S1D_IW_GRDH_1SDV_20260908T053138_20260908T053203_004482_008515_D381,219025195,57.425512,10.530657,0.1,,interpolated,56,20
S1D_IW_GRDH_1SDV_20260908T053138_20260908T053203_004482_008515_D381,209643000,57.435021,10.554149,0.0,0.0,interpolated,166,16
S1D_IW_GRDH_1SDV_20260908T053138_20260908T053203_004482_008515_D381,219005787,57.439193,10.54965,0.0,,interpolated,175,183
S1D_IW_GRDH_1SDV_20260908T053138_20260908T053203_004482_008515_D381,219011069,57.464186,10.537328,0.2,,interpolated,156,24
S1D_IW_GRDH_1SDV_20260908T053138_20260908T053203_004482_008515_D381,219004365,57.332716,10.532047,0.0,,interpolated,157,23
S1D_IW_GRDH_1SDV_20260908T053138_20260908T053203_004482_008515_D381,219029817,57.593276,10.428568,0.6,,interpolated,19,9
S1D_IW_GRDH_1SDV_20260908T053138_20260908T053203_004482_008515_D381,219013005,57.492712,10.50414,0.0,0.0,interpolated,145,36
S1D_IW_GRDH_1SDV_20260908T053138_20260908T053203_004482_008515_D381,219016781,57.441972,10.546703,0.1,335.8,interpolated,70,38
S1D_IW_GRDH_1SDV_20260908T053138_20260908T053203_004482_008515_D381,219111114,57.436762,10.559805,0.0,,interpolated,13,42
S1D_IW_GRDH_1SDV_20260908T053138_20260908T053203_004482_008515_D381,219034404,57.463775,10.536052,0.0,149.0,interpolated,47,46
S1D_IW_GRDH_1SDV_20260908T053138_20260908T053203_004482_008515_D381,219023870,57.593181,10.429118,0.0,,interpolated,64,47
S1D_IW_GRDH_1SDV_20260908T053138_20260908T053203_004482_008515_D381,219026558,57.428634,10.502962,0.0,195.5,interpolated,310,50
S1D_IW_GRDH_1SDV_20260908T053138_20260908T053203_004482_008515_D381,219026533,57.593253,10.428668,0.0,,interpolated,8,53
S1D_IW_GRDH_1SDV_20260908T053138_20260908T053203_004482_008515_D381,219012459,57.492092,10.505215,0.0,,interpolated,207,52
S1D_IW_GRDH_1SDV_20260908T053138_20260908T053203_004482_008515_D381,219007457,57.491591,10.504652,0.1,164.3,interpolated,15,5
S1D_IW_GRDH_1SDV_20260908T053138_20260908T053203_004482_008515_D381,740405000,57.435,10.55275,0.0,328.5,interpolated,123,56
S1D_IW_GRDH_1SDV_20260908T053138_20260908T053203_004482_008515_D381,219024585,57.464072,10.537232,0.0,,interpolated,112,60
S1D_IW_GRDH_1SDV_20260908T053138_20260908T053203_004482_008515_D381,219022611,57.493099,10.50448,0.0,,interpolated,119,58
S1D_IW_GRDH_1SDV_20260908T053138_20260908T053203_004482_008515_D381,219001239,57.439211,10.549759,0.0,147.8,interpolated,116,126
S1D_IW_GRDH_1SDV_20260908T053138_20260908T053203_004482_008515_D381,219028949,57.425942,10.528435,0.1,,interpolated,30,71
S1D_IW_GRDH_1SDV_20260908T053138_20260908T053203_004482_008515_D381,219035413,57.593247,10.42849,0.1,,interpolated,72,27
S1D_IW_GRDH_1SDV_20260908T053138_20260908T053203_004482_008515_D381,209275000,57.64835,10.62452,0.0,305.5,interpolated,36,83
S1D_IW_GRDH_1SDV_20260908T053138_20260908T053203_004482_008515_D381,219022157,57.437485,10.541921,0.0,237.0,interpolated,91,88
S1D_IW_GRDH_1SDV_20260908T053138_20260908T053203_004482_008515_D381,266473000,57.4386,10.546117,0.0,5.0,interpolated,211,92
S1D_IW_GRDH_1SDV_20260908T053138_20260908T053203_004482_008515_D381,257581000,57.430382,10.539838,0.0,178.0,interpolated,72,37
S1D_IW_GRDH_1SDV_20260908T053138_20260908T053203_004482_008515_D381,219333000,57.659134,10.615566,0.0,224.3,interpolated,67,107
S1D_IW_GRDH_1SDV_20260908T053138_20260908T053203_004482_008515_D381,259319000,57.438579,10.547269,0.0,,interpolated,72,106
S1D_IW_GRDH_1SDV_20260908T053138_20260908T053203_004482_008515_D381,311000974,57.669493,10.664249,0.0,127.2,interpolated,31,293
S1D_IW_GRDH_1SDV_20260908T053138_20260908T053203_004482_008515_D381,219018795,57.425246,10.531701,0.0,,interpolated,57,112
S1D_IW_GRDH_1SDV_20260908T053138_20260908T053203_004482_008515_D381,219525000,57.430657,10.542678,0.0,69.4,interpolated,56,123
S1D_IW_GRDH_1SDV_20260908T053138_20260908T053203_004482_008515_D381,219010852,57.331867,10.535553,0.0,,interpolated,31,129
S1D_IW_GRDH_1SDV_20260908T053138_20260908T053203_004482_008515_D381,219032027,57.425543,10.52963,0.0,,interpolated,169,134
S1D_IW_GRDH_1SDV_20260908T053138_20260908T053203_004482_008515_D381,636093384,57.682343,10.659499,0.0,281.4,interpolated,42,140
S1D_IW_GRDH_1SDV_20260908T053138_20260908T053203_004482_008515_D381,305767000,57.65668,10.633182,0.1,315.3,interpolated,39,140
S1D_IW_GRDH_1SDV_20260908T053138_20260908T053203_004482_008515_D381,219029825,57.425103,10.531468,0.0,,interpolated,33,255
S1D_IW_GRDH_1SDV_20260908T053138_20260908T053203_004482_008515_D381,219000003,57.435972,10.556633,0.1,,interpolated,1,94
S1D_IW_GRDH_1SDV_20260908T053138_20260908T053203_004482_008515_D381,219035065,57.495513,10.50236,0.0,4.7,interpolated,143,215
S1D_IW_GRDH_1SDV_20260908T053138_20260908T053203_004482_008515_D381,219025076,57.592783,10.428265,0.0,12.7,interpolated,119,1
S1D_IW_GRDH_1SDV_20260908T053138_20260908T053203_004482_008515_D381,245323000,57.682235,10.659115,0.0,57.4,interpolated,23,157
S1D_IW_GRDH_1SDV_20260908T053138_20260908T053203_004482_008515_D381,241875000,57.630426,10.66436,0.0,252.7,interpolated,20,159
S1D_IW_GRDH_1SDV_20260908T053138_20260908T053203_004482_008515_D381,247433300,57.432569,10.56055,0.0,29.0,interpolated,19,160
S1D_IW_GRDH_1SDV_20260908T053138_20260908T053203_004482_008515_D381,538011116,57.667919,10.618523,0.1,9.1,interpolated,15,164
S1D_IW_GRDH_1SDV_20260908T053138_20260908T053203_004482_008515_D381,636019884,57.685337,10.592071,0.0,316.1,interpolated,14,164
S1D_IW_GRDH_1SDV_20260908T053138_20260908T053203_004482_008515_D381,305056000,57.679018,10.608218,0.0,298.9,interpolated,0,178
S1D_IW_GRDH_1SDV_20260908T053138_20260908T053203_004482_008515_D381,219029594,57.463487,10.537447,0.0,210.0,interpolated,135,15
S1D_IW_GRDH_1SDV_20260908T053138_20260908T053203_004482_008515_D381,219025465,57.425526,10.528907,0.1,154.0,interpolated,89,12
S1D_IW_GRDH_1SDV_20260908T053138_20260908T053203_004482_008515_D381,219025260,57.46362,10.537045,0.0,,interpolated,214,567
S1D_IW_GRDH_1SDV_20260908T053138_20260908T053203_004482_008515_D381,219035785,57.430707,10.53654,0.0,0.0,interpolated,112,74
S1D_IW_GRDH_1SDV_20260908T053138_20260908T053203_004482_008515_D381,219035868,57.463746,10.536915,0.4,112.1,interpolated,513,83
S1D_IW_GRDH_1SDV_20260908T053138_20260908T053203_004482_008515_D381,219013474,57.592022,10.429227,0.0,297.4,interpolated,146,365
S1D_IW_GRDH_1SDV_20260908T053138_20260908T053203_004482_008515_D381,219018343,57.592985,10.428386,0.0,35.7,interpolated,252,46
S1D_IW_GRDH_1SDV_20260908T053138_20260908T053203_004482_008515_D381,220256000,57.494582,10.55777,8.7,276.2,interpolated,1,9
S1D_IW_GRDH_1SDV_20260908T053138_20260908T053203_004482_008515_D381,219000407,57.437033,10.539317,0.0,0.0,interpolated,6,3
S1D_IW_GRDH_1SDV_20260908T053138_20260908T053203_004482_008515_D381,219005954,57.48617,10.58174,8.6,287.0,interpolated,7,2
S1D_IW_GRDH_1SDV_20260908T053138_20260908T053203_004482_008515_D381,212900000,57.335315,10.742672,7.2,8.0,interpolated,3,7
S1D_IW_GRDH_1SDV_20260908T053138_20260908T053203_004482_008515_D381,219003066,57.488513,10.570322,8.0,285.0,interpolated,3,2
S1D_IW_GRDH_1SDV_20260908T053138_20260908T053203_004482_008515_D381,219006971,57.461171,10.684079,8.0,295.3,interpolated,4,5
S1D_IW_GRDH_1SDV_20260908T053138_20260908T053203_004482_008515_D381,219031797,57.685875,10.655912,19.1,136.0,nearest,,15
S1D_IW_GRDH_1SDV_20260908T053138_20260908T053203_004482_008515_D381,266212000,57.685623,10.640765,9.9,177.2,nearest,,926
